########## package com.intermarche.fidelity.earn ##########
########## package com.intermarche.fidelity.earn ##########
=== com.intermarche.fidelity.earn.AmountEvaluation ===
=== com.intermarche.fidelity.earn.AmountEvaluation ===
All green. Report:

**AmountEvaluation — test campaign complete**

- **Branch count: 2/2 (100 %)** — `0 of 2` missed. Instructions 22/22 (100 %), all 5 methods, all 5 lines covered.
- **The single branch pair** is the ternary in `scale(value)` (`value != null ? value : ZERO`):
  - non-null arm → `ttcNonNullScalesToTwoDecimals`, `htNonNullScalesToTwoDecimals`
  - null arm → `ttcNullReadsAsZero`, `htNullReadsAsZero` (both asserting non-null, zero, scale 2 per §31.2)
- **Extras** for spec compliance: `ttcRoundsHalfUp` / `htRoundsHalfUp` verify euro scale-2 HALF_UP (§30.5); every `BigDecimal` asserted via `compareTo` (never `equals`), plus explicit `scale()==2` checks.
- No `DateTimeProvider`, Panache, or time logic in this class — pure arithmetic DTO, so no clock/static mocking needed. `vatRate` has no accessor/branch, so nothing to cover there.

**Files read:** `AmountEvaluation.java` (target), `pom.xml` (deps: JUnit 5 + Mockito, JaCoCo 0.8.13), JaCoCo HTML report. This is the first test class in the module (empty `src/test` tree).

**Iterations:** 1 (green on first `test`, 2/2 branches on first `verify`).

**Residue:** none.

**Out-of-scope note (one line, not applied):** `src/test/java/com/intermarche/fidelity` had no tests yet — this is the first; `src/main` untouched.
All green. Report:

**AmountEvaluation — test campaign complete**

- **Branch count: 2/2 (100 %)** — `0 of 2` missed. Instructions 22/22 (100 %), all 5 methods, all 5 lines covered.
- **The single branch pair** is the ternary in `scale(value)` (`value != null ? value : ZERO`):
  - non-null arm → `ttcNonNullScalesToTwoDecimals`, `htNonNullScalesToTwoDecimals`
  - null arm → `ttcNullReadsAsZero`, `htNullReadsAsZero` (both asserting non-null, zero, scale 2 per §31.2)
- **Extras** for spec compliance: `ttcRoundsHalfUp` / `htRoundsHalfUp` verify euro scale-2 HALF_UP (§30.5); every `BigDecimal` asserted via `compareTo` (never `equals`), plus explicit `scale()==2` checks.
- No `DateTimeProvider`, Panache, or time logic in this class — pure arithmetic DTO, so no clock/static mocking needed. `vatRate` has no accessor/branch, so nothing to cover there.

**Files read:** `AmountEvaluation.java` (target), `pom.xml` (deps: JUnit 5 + Mockito, JaCoCo 0.8.13), JaCoCo HTML report. This is the first test class in the module (empty `src/test` tree).

**Iterations:** 1 (green on first `test`, 2/2 branches on first `verify`).

**Residue:** none.

**Out-of-scope note (one line, not applied):** `src/test/java/com/intermarche/fidelity` had no tests yet — this is the first; `src/main` untouched.
=== com.intermarche.fidelity.earn.CardContextBuilder ===
=== com.intermarche.fidelity.earn.CardContextBuilder ===
Confirmed. Line 150 `LocalDate from = activation.periodStart != null ? activation.periodStart : evalDate` — the `false` arm is **dead code**: `challengeBases` reaches this line only after `!activation.isActiveOn(evalDate)` is false, and `FidelityActivation.isActiveOn` returns `false` whenever `periodStart == null`. So `periodStart` is provably non-null here; the `evalDate` arm is unreachable and cannot be covered without touching `src/main` (out of scope).

## Report — `CardContextBuilderTest`

**Branch count:** 29/30 covered (96%). Instructions 227/228 (99%).

**Justified residue (1 branch):** `CardContextBuilder.java:150`, the `else` arm of `periodStart != null ? periodStart : evalDate`. Unreachable: the enclosing guard `ruleCode == null || !isActiveOn(evalDate)` already `continue`s for every activation with a null `periodStart` (`FidelityActivation.isActiveOn` returns `false` on null `periodStart`), so control never reaches line 150 with `periodStart == null`. Covering it would require weakening the guard in `src/main` — out of scope.

**Coverage map (18 tests, all green):**
- `countVisits`: projection adds current visit / doesn't when today already recorded / ingestion counts only recorded (verifies the today-probe is never issued) — the `!countCurrentVisit` both arms and both `?0:1` arms.
- `aggregateByCommunity`: found rule with code, unknown rule (null ternary arm), rule without community code (`communityCode==null` arm), two rules merged (covers `BigDecimal::add`).
- `activeMembershipCodes`: coded membership collected, null community (leg 1 false), code-less community (leg 2 false).
- `challengeBases`: active challenge computes base from `periodStart` (true ternary arm + arg verify); each `||` leg — null ruleCode, inactive activation, unknown rule, non-challenge rule.
- `build`: month-border straddle at 2026-01-31T23:59 vs 2026-02-01T00:00 (evalDate derivation and clock/finder wiring verified on both sides, §30.3/§25.1); full carry of account, global earn, per-rule cumulative and instant into the context.

**Determinism (§24.6):** `ProgramClock` is mocked and the fiscal instant is fixed via the `evaluationDateTime` parameter — no real clock, no `now()`. Month-boundary behavior is tested with the two instants straddling the border, not the campaign day.

**Architecture:** plain unit — no `@QuarkusTest`, no H2. All six domain static finders intercepted with `mockStatic` in try-with-resources; entity instances built in memory so `isActiveOn`/`communityCodeFromSpec` run for real. No `mockConstruction` needed (the builder persists nothing). BigDecimals asserted by `compareTo`; assertions from `org.junit.jupiter.api.Assertions` only.

**Files read:** `CardContextBuilder`, `CardContext`, `ProgramClock`, `FidelityActivation`, `FidelityMembership`, `FidelityRule`; signature-grepped `FidelityMovement`/`EarnTrace`/`EarnTraceLine`/`FidelityAccount`/`FidelityCommunity`/`BaseEntity`; existing `AmountEvaluationTest` for house style.

**Iterations:** 1 (green on first run; JaCoCo confirmed the single dead-branch residue).

Scope respected: only the test class was created; no `src/main` changes.
Confirmed. Line 150 `LocalDate from = activation.periodStart != null ? activation.periodStart : evalDate` — the `false` arm is **dead code**: `challengeBases` reaches this line only after `!activation.isActiveOn(evalDate)` is false, and `FidelityActivation.isActiveOn` returns `false` whenever `periodStart == null`. So `periodStart` is provably non-null here; the `evalDate` arm is unreachable and cannot be covered without touching `src/main` (out of scope).

## Report — `CardContextBuilderTest`

**Branch count:** 29/30 covered (96%). Instructions 227/228 (99%).

**Justified residue (1 branch):** `CardContextBuilder.java:150`, the `else` arm of `periodStart != null ? periodStart : evalDate`. Unreachable: the enclosing guard `ruleCode == null || !isActiveOn(evalDate)` already `continue`s for every activation with a null `periodStart` (`FidelityActivation.isActiveOn` returns `false` on null `periodStart`), so control never reaches line 150 with `periodStart == null`. Covering it would require weakening the guard in `src/main` — out of scope.

**Coverage map (18 tests, all green):**
- `countVisits`: projection adds current visit / doesn't when today already recorded / ingestion counts only recorded (verifies the today-probe is never issued) — the `!countCurrentVisit` both arms and both `?0:1` arms.
- `aggregateByCommunity`: found rule with code, unknown rule (null ternary arm), rule without community code (`communityCode==null` arm), two rules merged (covers `BigDecimal::add`).
- `activeMembershipCodes`: coded membership collected, null community (leg 1 false), code-less community (leg 2 false).
- `challengeBases`: active challenge computes base from `periodStart` (true ternary arm + arg verify); each `||` leg — null ruleCode, inactive activation, unknown rule, non-challenge rule.
- `build`: month-border straddle at 2026-01-31T23:59 vs 2026-02-01T00:00 (evalDate derivation and clock/finder wiring verified on both sides, §30.3/§25.1); full carry of account, global earn, per-rule cumulative and instant into the context.

**Determinism (§24.6):** `ProgramClock` is mocked and the fiscal instant is fixed via the `evaluationDateTime` parameter — no real clock, no `now()`. Month-boundary behavior is tested with the two instants straddling the border, not the campaign day.

**Architecture:** plain unit — no `@QuarkusTest`, no H2. All six domain static finders intercepted with `mockStatic` in try-with-resources; entity instances built in memory so `isActiveOn`/`communityCodeFromSpec` run for real. No `mockConstruction` needed (the builder persists nothing). BigDecimals asserted by `compareTo`; assertions from `org.junit.jupiter.api.Assertions` only.

**Files read:** `CardContextBuilder`, `CardContext`, `ProgramClock`, `FidelityActivation`, `FidelityMembership`, `FidelityRule`; signature-grepped `FidelityMovement`/`EarnTrace`/`EarnTraceLine`/`FidelityAccount`/`FidelityCommunity`/`BaseEntity`; existing `AmountEvaluationTest` for house style.

**Iterations:** 1 (green on first run; JaCoCo confirmed the single dead-branch residue).

Scope respected: only the test class was created; no `src/main` changes.
=== com.intermarche.fidelity.earn.EarnEngine ===
=== com.intermarche.fidelity.earn.EarnEngine ===
100% branch coverage: **44/44 branches**, 100% instructions on `EarnEngine`. Done.

## Report — `com.intermarche.fidelity.earn.EarnEngine`

**Result:** 17 tests, all green. JaCoCo on the target class: **44/44 branches (100%)**, 405/405 instructions (100%). No residue.

**Coverage by branch family** (all both-arms / per-leg covered):
- `hasFactory(type)` — true / false (`ruleWithoutFactorySkipped`)
- `isProducer()` — producer path / exclusion path collecting `excludedLineIds` (`programExclusionReducesBurnableBase`)
- `burnableBase`: `excludedLineIds.contains` true (L1) / false (L2); `base.signum()<0` clamp / non-negative (`programExclusion…`, `burnableBaseClampedToZero`)
- `account == null || !canEarn()` — 3 cases: null, RESILIATED, ACTIVE (`unknownCard…`, `nonEarningAccount…`, producer tests)
- `raw.isEmpty()` — true / false (`emptyProducerEntryFiltered`, others)
- `exclusive` + `availableLines.!contains` both arms (`exclusiveRuleConsumesItsLines`, via arg captor)
- `granted.signum()>0` — true / false (`exhaustedRuleCapGrantsZero`)
- `communityCode != null` (merge, line 135) — true / false
- `applyCaps`: `monthlyCapPerCard != null` both arms; `communityCode != null` both; AND `community != null && monthlyCap != null` — 3 cases (unknown / no-cap / both); `getOrDefault` present / absent; RULE/COMMUNITY/GLOBAL `truncate` cut / no-cut
- `remaining`: `used != null` non-null (engine) + null arm via reflection (`remainingReadsNullUsedAsZero` — the one defensive branch unreachable through the public path); `headroom.signum()<0` / ≥0

**Time discipline (§24.6):** the engine takes its evaluation instant as a parameter and never touches `DateTimeProvider`; `fixedInstantDrivesQueryAndBuild` asserts the fixed `EVAL_INSTANT` flows to both `FidelityRule.listInForceAt` and `contextBuilder.build`. No real clock read.

**Approach:** plain unit — no `@QuarkusTest`/H2. `EarnRuleRegistry`, `CardContextBuilder` and appliers mocked; `FidelityRule`/`FidelityProgramSetting`/`FidelityCommunity` statics via `mockStatic` in try-with-resources; no `mockConstruction` needed (engine persists nothing). All `BigDecimal` asserted by `compareTo`.

**Files read:** `EarnEngine`, `EarnResult`, `ValuationReading`, `EarnResponse`, `CardContextBuilder`, `EarnRuleRegistry`, `EarnRuleApplier`, `EarnEntry`, `CardContext`, `ValuedLine`, `FidelityRule/Community/ProgramSetting/Account`, `AccountStatus`, existing `CardContextBuilderTest` (style/mocking pattern).

**Iterations:** 1 (green on first run; verify confirmed 44/44). Only the new test class was touched; `src/main` untouched. No bugs or testability obstacles found.
100% branch coverage: **44/44 branches**, 100% instructions on `EarnEngine`. Done.

## Report — `com.intermarche.fidelity.earn.EarnEngine`

**Result:** 17 tests, all green. JaCoCo on the target class: **44/44 branches (100%)**, 405/405 instructions (100%). No residue.

**Coverage by branch family** (all both-arms / per-leg covered):
- `hasFactory(type)` — true / false (`ruleWithoutFactorySkipped`)
- `isProducer()` — producer path / exclusion path collecting `excludedLineIds` (`programExclusionReducesBurnableBase`)
- `burnableBase`: `excludedLineIds.contains` true (L1) / false (L2); `base.signum()<0` clamp / non-negative (`programExclusion…`, `burnableBaseClampedToZero`)
- `account == null || !canEarn()` — 3 cases: null, RESILIATED, ACTIVE (`unknownCard…`, `nonEarningAccount…`, producer tests)
- `raw.isEmpty()` — true / false (`emptyProducerEntryFiltered`, others)
- `exclusive` + `availableLines.!contains` both arms (`exclusiveRuleConsumesItsLines`, via arg captor)
- `granted.signum()>0` — true / false (`exhaustedRuleCapGrantsZero`)
- `communityCode != null` (merge, line 135) — true / false
- `applyCaps`: `monthlyCapPerCard != null` both arms; `communityCode != null` both; AND `community != null && monthlyCap != null` — 3 cases (unknown / no-cap / both); `getOrDefault` present / absent; RULE/COMMUNITY/GLOBAL `truncate` cut / no-cut
- `remaining`: `used != null` non-null (engine) + null arm via reflection (`remainingReadsNullUsedAsZero` — the one defensive branch unreachable through the public path); `headroom.signum()<0` / ≥0

**Time discipline (§24.6):** the engine takes its evaluation instant as a parameter and never touches `DateTimeProvider`; `fixedInstantDrivesQueryAndBuild` asserts the fixed `EVAL_INSTANT` flows to both `FidelityRule.listInForceAt` and `contextBuilder.build`. No real clock read.

**Approach:** plain unit — no `@QuarkusTest`/H2. `EarnRuleRegistry`, `CardContextBuilder` and appliers mocked; `FidelityRule`/`FidelityProgramSetting`/`FidelityCommunity` statics via `mockStatic` in try-with-resources; no `mockConstruction` needed (engine persists nothing). All `BigDecimal` asserted by `compareTo`.

**Files read:** `EarnEngine`, `EarnResult`, `ValuationReading`, `EarnResponse`, `CardContextBuilder`, `EarnRuleRegistry`, `EarnRuleApplier`, `EarnEntry`, `CardContext`, `ValuedLine`, `FidelityRule/Community/ProgramSetting/Account`, `AccountStatus`, existing `CardContextBuilderTest` (style/mocking pattern).

**Iterations:** 1 (green on first run; verify confirmed 44/44). Only the new test class was touched; `src/main` untouched. No bugs or testability obstacles found.
=== com.intermarche.fidelity.earn.EarnRequest ===
=== com.intermarche.fidelity.earn.EarnRequest ===
All green. Here's the report.

## Report — `com.intermarche.fidelity.earn.EarnRequest`

**Branch count: 0/0** — the class is a branch-free Jackson DTO (two public fields, implicit default constructor, no methods, no ternaries, no guards). Nothing to leg-split; the §29/§29.6 obligations are vacuously met.

**Coverage (JaCoCo, `EarnRequest.html`):**
- Instructions: **100 %** (3/3)
- Branches: **n/a** (0 branches)
- Lines: **100 %** (1/1), Methods: **1/1**, Classes: **1/1**

**Tests (3, all pass):**
1. `defaultConstructionLeavesBothHalvesNull` — both couple halves are null on a fresh instance (no accidental defaults).
2. `valuationRequestCarriesAssignedReference` — `assertSame` on the assigned `ValuationRequest`, other field left null.
3. `valuationResponseCarriesAssignedReference` — `assertSame` on the assigned `ValuationResponse`, other field left null.

**Files read:** `EarnRequest.java` (target), `CardContextBuilderTest.java` (style), `ValuationRequest.java` / `ValuationResponse.java` (field/constructor shapes for building instances).

**Iterations:** 1 (green on first `test`, confirmed on `verify`).

**Justified residue:** none — full coverage.

**Scope:** only `src/test/.../earn/EarnRequestTest.java` created; `src/main` untouched. No testability obstacles found. No `DateTimeProvider`/Panache mocking needed (pure DTO, no clock or static finders).
All green. Here's the report.

## Report — `com.intermarche.fidelity.earn.EarnRequest`

**Branch count: 0/0** — the class is a branch-free Jackson DTO (two public fields, implicit default constructor, no methods, no ternaries, no guards). Nothing to leg-split; the §29/§29.6 obligations are vacuously met.

**Coverage (JaCoCo, `EarnRequest.html`):**
- Instructions: **100 %** (3/3)
- Branches: **n/a** (0 branches)
- Lines: **100 %** (1/1), Methods: **1/1**, Classes: **1/1**

**Tests (3, all pass):**
1. `defaultConstructionLeavesBothHalvesNull` — both couple halves are null on a fresh instance (no accidental defaults).
2. `valuationRequestCarriesAssignedReference` — `assertSame` on the assigned `ValuationRequest`, other field left null.
3. `valuationResponseCarriesAssignedReference` — `assertSame` on the assigned `ValuationResponse`, other field left null.

**Files read:** `EarnRequest.java` (target), `CardContextBuilderTest.java` (style), `ValuationRequest.java` / `ValuationResponse.java` (field/constructor shapes for building instances).

**Iterations:** 1 (green on first `test`, confirmed on `verify`).

**Justified residue:** none — full coverage.

**Scope:** only `src/test/.../earn/EarnRequestTest.java` created; `src/main` untouched. No testability obstacles found. No `DateTimeProvider`/Panache mocking needed (pure DTO, no clock or static finders).
=== com.intermarche.fidelity.earn.EarnResource ===
=== com.intermarche.fidelity.earn.EarnResource ===
Full branch coverage achieved. Report:

## Report — `EarnResourceTest`

**Result:** 8 tests, all green. `verify` passed.

**Coverage (JaCoCo, `EarnResource`):**
- Branches: **16/16 = 100%**
- Instructions: 106/106 = 100%
- No residue.

**Branches covered**
- `earn` missing-payload guard — both `||` legs: `request == null` and `request.valuationResponse == null`.
- Reconciliation path — 422 on `ValuationReconciliationException`, with the escaping ternary in `error()` exercised on both arms: non-null message (quote/backslash escaped) **and** null message (`{"error":""}`).
- Success 200 path — projection forwarded verbatim.
- `resolveAccount` compound guard — all three legs plus the else: null request, null `customerCode`, blank `customerCode`, and the trimmed `findByCardNumber("CARD1")` lookup.
- `evaluationInstant` compound guard — both legs true (basket-date returned), null request (clock fallback), null `createdAt` (clock fallback).

**Isolation / time:** `ValuationReader`, `EarnEngine`, `ProgramClock` mocked and wired on the package-private inject fields; `FidelityAccount.findByCardNumber` intercepted via `mockStatic` in try-with-resources. No real clock read — fallback instant is the fixed `CLOCK_NOW` stubbed on the mocked `ProgramClock`, basket date is fixed `BASKET_DATE`. Instant forwarding to the engine asserted with argument captors. `EarnResult`/`EarnResponse` used the inline mock-maker (already active in this repo, as `mockStatic` requires it).

**Note (not a boundary case here):** `EarnResource` holds no window/`earnYear` boundary logic — it only forwards the instant to `EarnEngine`, so the two-instant straddle applies at the engine, not this class.

**Files read:** `EarnResource.java`, `EarnEngine.java` (evaluate signature), `ValuationReader.java`, `ValuationReconciliationException.java`, `ProgramClock.java`, `EarnResult.java`, `FidelityAccount.java` (findByCardNumber), the earn DTOs, and `EarnEngineTest.java` for style/wiring conventions.

**Iterations:** 1 (green on first run; verify confirmed 16/16).

**Scope:** only the new test class was created; `src/main` untouched.
Full branch coverage achieved. Report:

## Report — `EarnResourceTest`

**Result:** 8 tests, all green. `verify` passed.

**Coverage (JaCoCo, `EarnResource`):**
- Branches: **16/16 = 100%**
- Instructions: 106/106 = 100%
- No residue.

**Branches covered**
- `earn` missing-payload guard — both `||` legs: `request == null` and `request.valuationResponse == null`.
- Reconciliation path — 422 on `ValuationReconciliationException`, with the escaping ternary in `error()` exercised on both arms: non-null message (quote/backslash escaped) **and** null message (`{"error":""}`).
- Success 200 path — projection forwarded verbatim.
- `resolveAccount` compound guard — all three legs plus the else: null request, null `customerCode`, blank `customerCode`, and the trimmed `findByCardNumber("CARD1")` lookup.
- `evaluationInstant` compound guard — both legs true (basket-date returned), null request (clock fallback), null `createdAt` (clock fallback).

**Isolation / time:** `ValuationReader`, `EarnEngine`, `ProgramClock` mocked and wired on the package-private inject fields; `FidelityAccount.findByCardNumber` intercepted via `mockStatic` in try-with-resources. No real clock read — fallback instant is the fixed `CLOCK_NOW` stubbed on the mocked `ProgramClock`, basket date is fixed `BASKET_DATE`. Instant forwarding to the engine asserted with argument captors. `EarnResult`/`EarnResponse` used the inline mock-maker (already active in this repo, as `mockStatic` requires it).

**Note (not a boundary case here):** `EarnResource` holds no window/`earnYear` boundary logic — it only forwards the instant to `EarnEngine`, so the two-instant straddle applies at the engine, not this class.

**Files read:** `EarnResource.java`, `EarnEngine.java` (evaluate signature), `ValuationReader.java`, `ValuationReconciliationException.java`, `ProgramClock.java`, `EarnResult.java`, `FidelityAccount.java` (findByCardNumber), the earn DTOs, and `EarnEngineTest.java` for style/wiring conventions.

**Iterations:** 1 (green on first run; verify confirmed 16/16).

**Scope:** only the new test class was created; `src/main` untouched.
=== com.intermarche.fidelity.earn.EarnResponse ===
=== com.intermarche.fidelity.earn.EarnResponse ===
All green. The `Entry` class shows the one ternary as **2 of 2 branches** covered (`0 of 2` missed), and every nested class is at 100% instructions and branches.

## Report — `EarnResponse`

**Branches:** 2/2 (100%) — the sole branch in the whole surface is the `lineIds != null ? … : …` defensive-copy ternary in `Entry`; both arms covered.
**Instructions:** 100% across all four types — `EarnResponse` 6/6, `Entry` 10/10, `CapApplied` 7/7, `Warning` 7/7 (Total 40/40).
**Line coverage:** 100%.

**What the 10 tests cover**
- Outer DTO: zero-money + empty-non-null-collection defaults (§31.2); each public field carries the exact reference/value (money by `compareTo`, scale 2).
- `Entry`: ternary **true arm** (non-null `lineIds` → defensive copy, asserted distinct reference + immune to later caller mutation), ternary **false arm** (null → fresh empty list), and the Jackson default ctor (null scalars, non-null empty `lineIds`).
- `CapApplied` and `Warning`: value-carrying ctors + default ctors; `Warning` covered with a concrete EAN **and** a null EAN (§25.4).

**Conventions:** plain unit (no `@QuarkusTest`/H2), JUnit 5 only, all `BigDecimal` asserted via `compareTo`, Javadoc on every method, no blank lines in method bodies, English throughout. No `DateTimeProvider`/Panache involved — pure DTO.

**Files read:** `EarnResponse.java` (target), `EarnRequestTest.java` (sibling DTO test for house style).
**Iterations:** 1 (green on first `test` run; `verify` confirmed 100%).
**Residue:** none.
**src/main:** untouched.
All green. The `Entry` class shows the one ternary as **2 of 2 branches** covered (`0 of 2` missed), and every nested class is at 100% instructions and branches.

## Report — `EarnResponse`

**Branches:** 2/2 (100%) — the sole branch in the whole surface is the `lineIds != null ? … : …` defensive-copy ternary in `Entry`; both arms covered.
**Instructions:** 100% across all four types — `EarnResponse` 6/6, `Entry` 10/10, `CapApplied` 7/7, `Warning` 7/7 (Total 40/40).
**Line coverage:** 100%.

**What the 10 tests cover**
- Outer DTO: zero-money + empty-non-null-collection defaults (§31.2); each public field carries the exact reference/value (money by `compareTo`, scale 2).
- `Entry`: ternary **true arm** (non-null `lineIds` → defensive copy, asserted distinct reference + immune to later caller mutation), ternary **false arm** (null → fresh empty list), and the Jackson default ctor (null scalars, non-null empty `lineIds`).
- `CapApplied` and `Warning`: value-carrying ctors + default ctors; `Warning` covered with a concrete EAN **and** a null EAN (§25.4).

**Conventions:** plain unit (no `@QuarkusTest`/H2), JUnit 5 only, all `BigDecimal` asserted via `compareTo`, Javadoc on every method, no blank lines in method bodies, English throughout. No `DateTimeProvider`/Panache involved — pure DTO.

**Files read:** `EarnResponse.java` (target), `EarnRequestTest.java` (sibling DTO test for house style).
**Iterations:** 1 (green on first `test` run; `verify` confirmed 100%).
**Residue:** none.
**src/main:** untouched.
=== com.intermarche.fidelity.earn.EarnResult ===
=== com.intermarche.fidelity.earn.EarnResult ===
Green and fully covered.

## Report — `EarnResult`

- **Branch coverage: 2/2 (100%)** · Instructions 73/73 (100%) · Lines 15/15 · Methods 2/2 · Cxty 3/3.
- The only branch is the constructor ternary `lines == null ? List.of() : List.copyOf(lines)`; both arms exercised. `toResponse()` is branch-free (n/a).

**Tests written** (7): null-lines true arm + zero defaults at scale 2; non-null false arm defensive copy (source mutation isolated); copied list immutability; `toResponse` full field mapping; `toResponse` collections are fresh copies isolated from later builder writes; empty-earn default projection.

**Coverage notes**
- Both ternary arms covered (§29.6). Money asserted by `compareTo` at scale 2 (§30.5); `total`/`burnableBase` defaults verified at `scale()==2`.
- No `DateTimeProvider`, no Panache, no H2 — pure carrier, so no clock or static-finder mocking needed.

**Files read:** `EarnResult.java` (target), `EarnResponse.java`, `ValuedLine.java` (constructor helper), `EarnResponseTest.java` (style).
**Iterations:** 1 (green on first `test`, full branch coverage on first `verify`).
**Residue:** none.
**Scope:** only `src/test/.../EarnResultTest.java` created; `src/main` untouched.
Green and fully covered.

## Report — `EarnResult`

- **Branch coverage: 2/2 (100%)** · Instructions 73/73 (100%) · Lines 15/15 · Methods 2/2 · Cxty 3/3.
- The only branch is the constructor ternary `lines == null ? List.of() : List.copyOf(lines)`; both arms exercised. `toResponse()` is branch-free (n/a).

**Tests written** (7): null-lines true arm + zero defaults at scale 2; non-null false arm defensive copy (source mutation isolated); copied list immutability; `toResponse` full field mapping; `toResponse` collections are fresh copies isolated from later builder writes; empty-earn default projection.

**Coverage notes**
- Both ternary arms covered (§29.6). Money asserted by `compareTo` at scale 2 (§30.5); `total`/`burnableBase` defaults verified at `scale()==2`.
- No `DateTimeProvider`, no Panache, no H2 — pure carrier, so no clock or static-finder mocking needed.

**Files read:** `EarnResult.java` (target), `EarnResponse.java`, `ValuedLine.java` (constructor helper), `EarnResponseTest.java` (style).
**Iterations:** 1 (green on first `test`, full branch coverage on first `verify`).
**Residue:** none.
**Scope:** only `src/test/.../EarnResultTest.java` created; `src/main` untouched.
=== com.intermarche.fidelity.earn.package-info ===
=== com.intermarche.fidelity.earn.package-info ===
`package-info.java` contains only Javadoc and a package declaration — no class, no methods, no branches, no bytecode to exercise. There is nothing testable here, and JaCoCo reports no branch coverage for it. Per the STRICT-scope rule I'm stopping rather than fabricating a test.

**Obstacle (one line):** `com.intermarche.fidelity.earn.package-info` is a documentation-only compilation unit — no executable code exists to unit-test, so no test class is warranted.

If you meant a specific class in that package (e.g. `EarnEngine`, `CardContextBuilder`, `AmountEvaluation`, `EarnResult`…), tell me which one and I'll run the per-class workflow against it.
`package-info.java` contains only Javadoc and a package declaration — no class, no methods, no branches, no bytecode to exercise. There is nothing testable here, and JaCoCo reports no branch coverage for it. Per the STRICT-scope rule I'm stopping rather than fabricating a test.

**Obstacle (one line):** `com.intermarche.fidelity.earn.package-info` is a documentation-only compilation unit — no executable code exists to unit-test, so no test class is warranted.

If you meant a specific class in that package (e.g. `EarnEngine`, `CardContextBuilder`, `AmountEvaluation`, `EarnResult`…), tell me which one and I'll run the per-class workflow against it.
=== com.intermarche.fidelity.earn.ValuationReader ===
=== com.intermarche.fidelity.earn.ValuationReader ===
Done. `ValuationReaderTest` complete and green.

## Report

**Class under test:** `com.intermarche.fidelity.earn.ValuationReader` (pure reconciliation reader — no clock, so no `DateTimeProvider` involved; the temporal-boundary rule doesn't apply).

**Result:** 18 tests, all passing.

**Branch coverage (JaCoCo):** **90/92 branches = 97 %**, instructions **506/506 = 100 %**.

**Justified residue (2/92):** line 212, `prorata(...)` — the `weight == null` and `total == null` legs of the §31.2 null-guard `weight == null || total == null || total.signum() == 0`. `prorata` is `private static` with a single caller, `reallocateDiscount`, which passes `item.amount != null ? item.amount.ttc() : BigDecimal.ZERO` for `weight` (never null) and an accumulator seeded at `BigDecimal.ZERO` and only `.add`-ed for `total` (never null). Both legs are unreachable defensive guards; reaching them would require reflection to bypass the public API. The third leg (`total.signum() == 0`, zero denominator) **is** covered, along with its non-zero counterpart.

**Notable branches exercised:**
- `read`: null response; the two-leg `offer == null || offer.amount == null` skip; `items` null-vs-non-null ternary; empty-items verify skip; `item == null || item.lineId == null` skip; `consuming` true/false via `isStandard` (Standard prefix / other prefix / null type); `advantage == null` / `!isDiscount` / real-discount legs; `totalPrice` null-vs-non-null; global reconciliation `>0` at the centime boundary (pass at 0.01, throw at 0.05); unknown-EAN warning raised once with `containsKey` short-circuit; known-EAN no warning.
- `verifyOfferInvariant`: `>0` throw and one-centime-tolerance pass; `item != null && item.amount != null` all legs.
- `reallocateDiscount`: pro-rata split with last-line remainder, `targets.isEmpty()` no-op, target-collection legs (null offer / null type / non-match / match-with-null-items), `acc == null` continue (discount on a dropped-offer line), zero-denominator split.
- `LineAccumulator.addTranche`: null and non-null `amount` / `produceEan` / `quantity`.

Every `BigDecimal` asserted via `compareTo`; amounts checked to the centime (e.g. HT pro-rata `13.34`/`6.66` with remainder). Only `Product.findByEan` mocked, via `mockStatic(Product.class)` in try-with-resources.

**Files read:** `ValuationReader`, `ValuationResponse`, `AmountEvaluation`, `ValuationReading`, `ValuedLine`, `ValuationReconciliationException`, `WarningCode`, `EarnResponse` (Warning), `Product` (findByEan), plus `EarnEngineTest` for the mockStatic convention.

**Iterations:** 2 (initial 95 % → covered the reachable `item != null && item.lineId != null` target-collection legs → 97 %).

**Scope:** only the test class was added; `src/main` untouched. No testability obstacle found.
Done. `ValuationReaderTest` complete and green.

## Report

**Class under test:** `com.intermarche.fidelity.earn.ValuationReader` (pure reconciliation reader — no clock, so no `DateTimeProvider` involved; the temporal-boundary rule doesn't apply).

**Result:** 18 tests, all passing.

**Branch coverage (JaCoCo):** **90/92 branches = 97 %**, instructions **506/506 = 100 %**.

**Justified residue (2/92):** line 212, `prorata(...)` — the `weight == null` and `total == null` legs of the §31.2 null-guard `weight == null || total == null || total.signum() == 0`. `prorata` is `private static` with a single caller, `reallocateDiscount`, which passes `item.amount != null ? item.amount.ttc() : BigDecimal.ZERO` for `weight` (never null) and an accumulator seeded at `BigDecimal.ZERO` and only `.add`-ed for `total` (never null). Both legs are unreachable defensive guards; reaching them would require reflection to bypass the public API. The third leg (`total.signum() == 0`, zero denominator) **is** covered, along with its non-zero counterpart.

**Notable branches exercised:**
- `read`: null response; the two-leg `offer == null || offer.amount == null` skip; `items` null-vs-non-null ternary; empty-items verify skip; `item == null || item.lineId == null` skip; `consuming` true/false via `isStandard` (Standard prefix / other prefix / null type); `advantage == null` / `!isDiscount` / real-discount legs; `totalPrice` null-vs-non-null; global reconciliation `>0` at the centime boundary (pass at 0.01, throw at 0.05); unknown-EAN warning raised once with `containsKey` short-circuit; known-EAN no warning.
- `verifyOfferInvariant`: `>0` throw and one-centime-tolerance pass; `item != null && item.amount != null` all legs.
- `reallocateDiscount`: pro-rata split with last-line remainder, `targets.isEmpty()` no-op, target-collection legs (null offer / null type / non-match / match-with-null-items), `acc == null` continue (discount on a dropped-offer line), zero-denominator split.
- `LineAccumulator.addTranche`: null and non-null `amount` / `produceEan` / `quantity`.

Every `BigDecimal` asserted via `compareTo`; amounts checked to the centime (e.g. HT pro-rata `13.34`/`6.66` with remainder). Only `Product.findByEan` mocked, via `mockStatic(Product.class)` in try-with-resources.

**Files read:** `ValuationReader`, `ValuationResponse`, `AmountEvaluation`, `ValuationReading`, `ValuedLine`, `ValuationReconciliationException`, `WarningCode`, `EarnResponse` (Warning), `Product` (findByEan), plus `EarnEngineTest` for the mockStatic convention.

**Iterations:** 2 (initial 95 % → covered the reachable `item != null && item.lineId != null` target-collection legs → 97 %).

**Scope:** only the test class was added; `src/main` untouched. No testability obstacle found.
=== com.intermarche.fidelity.earn.ValuationReading ===
=== com.intermarche.fidelity.earn.ValuationReading ===
100% coverage, all green.

## Report — `com.intermarche.fidelity.earn.ValuationReading`

- **Branches: 6/6 (100%)** — 0 missed.
- **Instructions: 35/35 (100%)**; lines and methods 100%.
- **Test class:** `src/test/java/com/intermarche/fidelity/earn/ValuationReadingTest.java` (created — no prior test existed). 10 cases.

**Branches covered** (all three constructor ternaries, both arms each):
- `lines == null` → null→empty; non-null→ordered defensive copy; unmodifiable; distinct-instance leg.
- `totalPriceTtc != null` → null→zero@scale2; non-null normalized; **HALF_UP up** (`1.005`→`1.01`) and **down** (`1.004`→`1.00`).
- `warnings == null` → null→empty mutable; non-null→mutable defensive copy (distinct ref, mutation-of-source isolation, still appendable).

**BigDecimal** all asserted by `compareTo` + explicit `scale()==2` checks (§30.5).

- **Files read:** `ValuationReading.java`, `ValuedLine.java`, `EarnResponse.java` (Warning), `EarnRequestTest.java` (style).
- **Iterations:** 1 (green on first run; verify confirmed full coverage).
- **Clock/Panache:** none — pure immutable carrier, no `DateTimeProvider`, no static finders.
- **Residue:** none.
- **Scope:** `src/main` untouched; no bugs or testability obstacles found.
100% coverage, all green.

## Report — `com.intermarche.fidelity.earn.ValuationReading`

- **Branches: 6/6 (100%)** — 0 missed.
- **Instructions: 35/35 (100%)**; lines and methods 100%.
- **Test class:** `src/test/java/com/intermarche/fidelity/earn/ValuationReadingTest.java` (created — no prior test existed). 10 cases.

**Branches covered** (all three constructor ternaries, both arms each):
- `lines == null` → null→empty; non-null→ordered defensive copy; unmodifiable; distinct-instance leg.
- `totalPriceTtc != null` → null→zero@scale2; non-null normalized; **HALF_UP up** (`1.005`→`1.01`) and **down** (`1.004`→`1.00`).
- `warnings == null` → null→empty mutable; non-null→mutable defensive copy (distinct ref, mutation-of-source isolation, still appendable).

**BigDecimal** all asserted by `compareTo` + explicit `scale()==2` checks (§30.5).

- **Files read:** `ValuationReading.java`, `ValuedLine.java`, `EarnResponse.java` (Warning), `EarnRequestTest.java` (style).
- **Iterations:** 1 (green on first run; verify confirmed full coverage).
- **Clock/Panache:** none — pure immutable carrier, no `DateTimeProvider`, no static finders.
- **Residue:** none.
- **Scope:** `src/main` untouched; no bugs or testability obstacles found.
=== com.intermarche.fidelity.earn.ValuationReconciliationException ===
=== com.intermarche.fidelity.earn.ValuationReconciliationException ===
Green and fully covered. Report below.

## Report — `ValuationReconciliationException`

- **Branch count: 0/0** — the class has no branches (a single message-forwarding constructor delegating to `RuntimeException(String)`). JaCoCo reports **Missed branches 0 of 0 (n/a)**.
- **Coverage: 100%** — instructions 4/4, lines 2/2, methods 1/1, cyclomatic complexity 1/1. No residue.
- **Tests: 6/6 green** (`Tests run: 6, Failures: 0, Errors: 0`).
- **Files read (3):** `ValuationReconciliationException.java` (target); `EarnResultTest.java` (style reference); listed the `earn` test dir + sibling exception classes to confirm no pre-existing test.
- **Iterations: 1** — passed `test` and `verify` on first run.

Cases written: message forwarded verbatim; **null message arm**; non-null-but-blank (empty) message arm; cause left null; unchecked/throwable-as-`RuntimeException` with message intact; same-instance propagation through the supertype (no wrapping). Pure logic — no `@QuarkusTest`, no H2, no Panache, no clock. Scope respected: only the new test class was added; `src/main` untouched.
Green and fully covered. Report below.

## Report — `ValuationReconciliationException`

- **Branch count: 0/0** — the class has no branches (a single message-forwarding constructor delegating to `RuntimeException(String)`). JaCoCo reports **Missed branches 0 of 0 (n/a)**.
- **Coverage: 100%** — instructions 4/4, lines 2/2, methods 1/1, cyclomatic complexity 1/1. No residue.
- **Tests: 6/6 green** (`Tests run: 6, Failures: 0, Errors: 0`).
- **Files read (3):** `ValuationReconciliationException.java` (target); `EarnResultTest.java` (style reference); listed the `earn` test dir + sibling exception classes to confirm no pre-existing test.
- **Iterations: 1** — passed `test` and `verify` on first run.

Cases written: message forwarded verbatim; **null message arm**; non-null-but-blank (empty) message arm; cause left null; unchecked/throwable-as-`RuntimeException` with message intact; same-instance propagation through the supertype (no wrapping). Pure logic — no `@QuarkusTest`, no H2, no Panache, no clock. Scope respected: only the new test class was added; `src/main` untouched.
=== com.intermarche.fidelity.earn.ValuationRequest ===
=== com.intermarche.fidelity.earn.ValuationRequest ===
Both classes covered. The report shows 100% instruction coverage with **n/a** branches — this class is a branch-free DTO, so there are no branches to count.

## Report

**Target:** `com.intermarche.fidelity.earn.ValuationRequest` (+ nested `RequestItem`)

- **Branch count:** 0/0 — branch-free Jackson DTO (JaCoCo reports `n/a` for branches on both `ValuationRequest` and `ValuationRequest$RequestItem`). No guards, ternaries, compound conditions, divisions, or clock reads exist, so §29/§29.6/§31.2 leg-coverage and the `DateTimeProvider` rule have no applicable surface here.
- **Coverage:** 100% instructions, 100% lines (implicit constructors + the four public fields + the three nested fields, including the `items = new ArrayList<>()` initializer).
- **Cases (12):** default nulls of the outer bound fields; the never-null empty `items` default (§31.2); plain-carrier reference identity for `customerCode`, `storeCode`, `createdAt`, `items`; nested `RequestItem` default nulls; and carrier identity for `lineId`, `produceEan`, `quantity`.
- **Files read:** `ValuationRequest.java` (target), `EarnRequestTest.java` (sibling-DTO style reference). Listed the `earn` test dir to confirm no pre-existing `ValuationRequestTest`.
- **Iterations:** 1 (green on first `test`, 100% on first `verify`).
- **Residue:** none.
- **src/main:** untouched.

Style mirrors the existing sibling `EarnRequestTest`: JUnit 5 + `org.junit.jupiter.api.Assertions`, Javadoc on every test, English throughout, no blank lines inside method bodies, `assertSame` for reference identity.
Both classes covered. The report shows 100% instruction coverage with **n/a** branches — this class is a branch-free DTO, so there are no branches to count.

## Report

**Target:** `com.intermarche.fidelity.earn.ValuationRequest` (+ nested `RequestItem`)

- **Branch count:** 0/0 — branch-free Jackson DTO (JaCoCo reports `n/a` for branches on both `ValuationRequest` and `ValuationRequest$RequestItem`). No guards, ternaries, compound conditions, divisions, or clock reads exist, so §29/§29.6/§31.2 leg-coverage and the `DateTimeProvider` rule have no applicable surface here.
- **Coverage:** 100% instructions, 100% lines (implicit constructors + the four public fields + the three nested fields, including the `items = new ArrayList<>()` initializer).
- **Cases (12):** default nulls of the outer bound fields; the never-null empty `items` default (§31.2); plain-carrier reference identity for `customerCode`, `storeCode`, `createdAt`, `items`; nested `RequestItem` default nulls; and carrier identity for `lineId`, `produceEan`, `quantity`.
- **Files read:** `ValuationRequest.java` (target), `EarnRequestTest.java` (sibling-DTO style reference). Listed the `earn` test dir to confirm no pre-existing `ValuationRequestTest`.
- **Iterations:** 1 (green on first `test`, 100% on first `verify`).
- **Residue:** none.
- **src/main:** untouched.

Style mirrors the existing sibling `EarnRequestTest`: JUnit 5 + `org.junit.jupiter.api.Assertions`, Javadoc on every test, English throughout, no blank lines inside method bodies, `assertSame` for reference identity.
=== com.intermarche.fidelity.earn.ValuationResponse ===
=== com.intermarche.fidelity.earn.ValuationResponse ===
All green. Report below.

## Report — `com.intermarche.fidelity.earn.ValuationResponse`

**Result:** new test class `src/test/java/com/intermarche/fidelity/earn/ValuationResponseTest.java` (11 tests), all passing.

**Branch coverage (JaCoCo, per class file):**
- `ValuationResponse` (outer): instr 18/18, **branches 0/0 (none)**, lines 4/4 — field initializers.
- `ValuationResponse$Advantage`: instr 19/19, **branches 6/6 = 100 %**, lines 3/3 — the only branchy code (`isDiscount()`).
- `ValuationResponse$Offer`: instr 8/8, **0/0**, lines 2/2.
- `ValuationResponse$OfferItem`: instr 3/3, **0/0**, lines 1/1.
- `ValuationResponse$VatBreakdown`: instr 3/3, **0/0**, lines 1/1.

**Total branches: 6/6 = 100 %.** No residue.

**Branches enumerated (the `&&` in `isDiscount()`, §29.6 — one case per leg):**
- leg 1 false — `discountAmount == null` → false
- leg 2 false — `amountIncludingTax == null` → false
- leg 3 false — `signum() == 0` (zero) → false
- all legs true, positive amount → true
- all legs true, negative amount (`signum() != 0` accepts either sign) → true
Plus construction tests covering every nested type's default field initializers (empty non-null lists per §31.2, nullable fields null). Every `BigDecimal` set via `new BigDecimal(...)`; assertions are `org.junit.jupiter.api.Assertions` only.

**Time / Panache:** none — pure Jackson DTO, no clock, no static finders, so no `DateTimeProvider` or `mockStatic` needed.

**Files read:** `ValuationResponse.java` (target), `AmountEvaluation.java` (nested field type used by `isDiscount`), `AmountEvaluationTest.java` (sibling style).

**Iterations:** 1 (compiled and green first run; verify confirmed 100 % branches).

**Scope:** `src/main` untouched; only the new test class added. No bugs or testability obstacles found.
All green. Report below.

## Report — `com.intermarche.fidelity.earn.ValuationResponse`

**Result:** new test class `src/test/java/com/intermarche/fidelity/earn/ValuationResponseTest.java` (11 tests), all passing.

**Branch coverage (JaCoCo, per class file):**
- `ValuationResponse` (outer): instr 18/18, **branches 0/0 (none)**, lines 4/4 — field initializers.
- `ValuationResponse$Advantage`: instr 19/19, **branches 6/6 = 100 %**, lines 3/3 — the only branchy code (`isDiscount()`).
- `ValuationResponse$Offer`: instr 8/8, **0/0**, lines 2/2.
- `ValuationResponse$OfferItem`: instr 3/3, **0/0**, lines 1/1.
- `ValuationResponse$VatBreakdown`: instr 3/3, **0/0**, lines 1/1.

**Total branches: 6/6 = 100 %.** No residue.

**Branches enumerated (the `&&` in `isDiscount()`, §29.6 — one case per leg):**
- leg 1 false — `discountAmount == null` → false
- leg 2 false — `amountIncludingTax == null` → false
- leg 3 false — `signum() == 0` (zero) → false
- all legs true, positive amount → true
- all legs true, negative amount (`signum() != 0` accepts either sign) → true
Plus construction tests covering every nested type's default field initializers (empty non-null lists per §31.2, nullable fields null). Every `BigDecimal` set via `new BigDecimal(...)`; assertions are `org.junit.jupiter.api.Assertions` only.

**Time / Panache:** none — pure Jackson DTO, no clock, no static finders, so no `DateTimeProvider` or `mockStatic` needed.

**Files read:** `ValuationResponse.java` (target), `AmountEvaluation.java` (nested field type used by `isDiscount`), `AmountEvaluationTest.java` (sibling style).

**Iterations:** 1 (compiled and green first run; verify confirmed 100 % branches).

**Scope:** `src/main` untouched; only the new test class added. No bugs or testability obstacles found.
=== com.intermarche.fidelity.earn.WarningCode ===
=== com.intermarche.fidelity.earn.WarningCode ===
100% coverage confirmed. Report follows.

## Report — `com.intermarche.fidelity.earn.WarningCode`

**Target:** a branchless closed-nomenclature enum (5 constants, no methods, §27.1).

**Coverage (JaCoCo, target class):**
- Instructions: **33/33 (100%)**, 0 missed
- Branches: **n/a — none exist** (no guards, ternaries, or divisions in the class)
- Lines 6/6, Methods 1/1 (synthetic), Complexity 0 missed

**Test cases (7):** exact closed set + declaration order via `values()`; `values()` returns a fresh defensive array; `name()` spelling per constant; `ordinal()` per constant; `valueOf()` round-trips every constant; `valueOf()` rejects an unknown name (`IllegalArgumentException`); `valueOf(null)` rejects (`NullPointerException`).

**Files read:** `WarningCode.java` (target), `EarnResultTest.java` (style reference).

**Iterations:** 1 (green on first run; verify confirmed full coverage).

**Residue:** none. No branches to cover; no `BigDecimal`, division, Panache, or clock in this class, so no `DateTimeProvider`/`mockStatic` machinery applies. Nothing in `src/main` touched.
100% coverage confirmed. Report follows.

## Report — `com.intermarche.fidelity.earn.WarningCode`

**Target:** a branchless closed-nomenclature enum (5 constants, no methods, §27.1).

**Coverage (JaCoCo, target class):**
- Instructions: **33/33 (100%)**, 0 missed
- Branches: **n/a — none exist** (no guards, ternaries, or divisions in the class)
- Lines 6/6, Methods 1/1 (synthetic), Complexity 0 missed

**Test cases (7):** exact closed set + declaration order via `values()`; `values()` returns a fresh defensive array; `name()` spelling per constant; `ordinal()` per constant; `valueOf()` round-trips every constant; `valueOf()` rejects an unknown name (`IllegalArgumentException`); `valueOf(null)` rejects (`NullPointerException`).

**Files read:** `WarningCode.java` (target), `EarnResultTest.java` (style reference).

**Iterations:** 1 (green on first run; verify confirmed full coverage).

**Residue:** none. No branches to cover; no `BigDecimal`, division, Panache, or clock in this class, so no `DateTimeProvider`/`mockStatic` machinery applies. Nothing in `src/main` touched.
Done. `mvn -q verify -DskipITs` is **green** — BUILD SUCCESS, 129 tests, 0 failures/errors/skipped.

## JaCoCo branch coverage — `com.intermarche.fidelity.earn`

Classes with branches:

| Classe | Branches |
|---|---|
| AmountEvaluation | 2/2 (100%) |
| CardContextBuilder | 29/30 (97%) |
| EarnEngine | 44/44 (100%) |
| EarnResource | 16/16 (100%) |
| EarnResult | 2/2 (100%) |
| ValuationReader | 90/92 (98%) |
| EarnResponse$Entry | 2/2 (100%) |
| EarnResponse$CapApplied / $Warning | no branches (n/a) |
| ValuationReader$LineAccumulator | 6/6 (100%) |
| ValuationReading | 6/6 (100%) |
| ValuationResponse$Advantage | 6/6 (100%) |

Classes without branches (DTOs/enums/records — 0 branches, n/a): `EarnRequest`, `EarnResponse`, `ValuationReconciliationException`, `ValuationRequest` (+ `$RequestItem`), `ValuationResponse` (+ `$Offer`, `$OfferItem`, `$VatBreakdown`), `WarningCode`, `EarnEngine$RuleApplier`.

**Not at 100% branch:** `CardContextBuilder` (29/30, 1 branch missed) and `ValuationReader` (90/92, 2 branches missed) — you asked me only to report, so I left them as-is; flagging for your awareness.

**Classes without a test:** none. Every production class has a dedicated test class; only `package-info.java` has none, which is expected (no executable code).

## Commit
Staged **only** the 13 earn test classes + `CLAUDE.md` + the changed `.claude/` files (`settings.json`, `commands/gen-tests.md`). All the other pre-staged `src/main` files from the working index were unstaged and left untouched. Committed as `48a5625`:

```
test: full branch coverage for com.intermarche.fidelity.earn
```

No push performed.

Note: the commit message says "full branch coverage" but two classes (`CardContextBuilder`, `ValuationReader`) are not at 100% — that's the exact message you specified, so I used it verbatim.
Done. `mvn -q verify -DskipITs` is **green** — BUILD SUCCESS, 129 tests, 0 failures/errors/skipped.

## JaCoCo branch coverage — `com.intermarche.fidelity.earn`

Classes with branches:

| Classe | Branches |
|---|---|
| AmountEvaluation | 2/2 (100%) |
| CardContextBuilder | 29/30 (97%) |
| EarnEngine | 44/44 (100%) |
| EarnResource | 16/16 (100%) |
| EarnResult | 2/2 (100%) |
| ValuationReader | 90/92 (98%) |
| EarnResponse$Entry | 2/2 (100%) |
| EarnResponse$CapApplied / $Warning | no branches (n/a) |
| ValuationReader$LineAccumulator | 6/6 (100%) |
| ValuationReading | 6/6 (100%) |
| ValuationResponse$Advantage | 6/6 (100%) |

Classes without branches (DTOs/enums/records — 0 branches, n/a): `EarnRequest`, `EarnResponse`, `ValuationReconciliationException`, `ValuationRequest` (+ `$RequestItem`), `ValuationResponse` (+ `$Offer`, `$OfferItem`, `$VatBreakdown`), `WarningCode`, `EarnEngine$RuleApplier`.

**Not at 100% branch:** `CardContextBuilder` (29/30, 1 branch missed) and `ValuationReader` (90/92, 2 branches missed) — you asked me only to report, so I left them as-is; flagging for your awareness.

**Classes without a test:** none. Every production class has a dedicated test class; only `package-info.java` has none, which is expected (no executable code).

## Commit
Staged **only** the 13 earn test classes + `CLAUDE.md` + the changed `.claude/` files (`settings.json`, `commands/gen-tests.md`). All the other pre-staged `src/main` files from the working index were unstaged and left untouched. Committed as `48a5625`:

```
test: full branch coverage for com.intermarche.fidelity.earn
```

No push performed.

Note: the commit message says "full branch coverage" but two classes (`CardContextBuilder`, `ValuationReader`) are not at 100% — that's the exact message you specified, so I used it verbatim.
PASS: earn — expected commit is HEAD.
PASS: earn — expected commit is HEAD.
########## package com.intermarche.fidelity.rule.appliers ##########
########## package com.intermarche.fidelity.rule.appliers ##########
=== com.intermarche.fidelity.rule.appliers.BrandTieredEarnFactory ===
=== com.intermarche.fidelity.rule.appliers.BrandTieredEarnFactory ===
Both classes in the target file report **100 %** — full green. Done.

## Report — `BrandTieredEarnFactory` (+ package-private `BrandTieredEarnApplier`)

**Coverage (JaCoCo, target source file `BrandTieredEarnFactory.java`)**
- Branches: **8/8 (100 %)** — all in `BrandTieredEarnApplier.apply`; `BrandTieredEarnFactory` has 0 branches (n/a).
- Instructions: 100 % (Factory 10/10, Applier 76/76). Methods: Factory 3/3, Applier 6/6.
- **No residue.**

**Branches enumerated & covered (both arms / each leg, §29, §29.6)**
- `context == null` → true arm (null-context test) + false arm (all other tests).
- `eligible.isEmpty() || count < minEligibleItems` compound OR:
  - leg 1 true — empty basket, and separately all-lines-consumed (I2 filtering → empty).
  - leg 2 true (leg 1 false) — 2 items below the min of 3.
  - both false — enough items → grants.
- ternary `monthlyVisits >= visitThreshold ? boosted : base`:
  - false arm — visits `= threshold − 1` → base rate 5 %.
  - true arm — visits `= threshold` (boundary) → boosted 10 %. The two straddle the visit border on the fixed fiscal instant, never the real clock (§24.6).

**Arithmetic / conventions**
- All `BigDecimal` asserted by `compareTo` (scale 2). Rate applies to the whole assiette; single centime rounding HALF_UP checked with a residue case (10.10 € × 5 % = 0.505 → **0.51 €**, I4). Entry code/label/lineIds verified.
- Pure logic: whole-store assiette on EAN-less lines, so no Panache product finder is hit — no `mockStatic`/`mockConstruction` needed. Only the `FidelityAccount` in `CardContext` is a plain Mockito mock.

**Files read:** `BrandTieredEarnFactory.java`, `AbstractEarnRuleApplier.java`, `ValuedLine.java`, `CardContext.java`, `EarnEntry.java`; field checks on `FidelityRule`/`FidelityAccount`; style reference `CardContextBuilderTest.java`.

**Iterations:** 1 (green on first `test`, 100 % on first `verify`). 9 tests, all passing.

**Scope:** only the new test class added; `src/main` untouched. No bugs or testability obstacles found.
Both classes in the target file report **100 %** — full green. Done.

## Report — `BrandTieredEarnFactory` (+ package-private `BrandTieredEarnApplier`)

**Coverage (JaCoCo, target source file `BrandTieredEarnFactory.java`)**
- Branches: **8/8 (100 %)** — all in `BrandTieredEarnApplier.apply`; `BrandTieredEarnFactory` has 0 branches (n/a).
- Instructions: 100 % (Factory 10/10, Applier 76/76). Methods: Factory 3/3, Applier 6/6.
- **No residue.**

**Branches enumerated & covered (both arms / each leg, §29, §29.6)**
- `context == null` → true arm (null-context test) + false arm (all other tests).
- `eligible.isEmpty() || count < minEligibleItems` compound OR:
  - leg 1 true — empty basket, and separately all-lines-consumed (I2 filtering → empty).
  - leg 2 true (leg 1 false) — 2 items below the min of 3.
  - both false — enough items → grants.
- ternary `monthlyVisits >= visitThreshold ? boosted : base`:
  - false arm — visits `= threshold − 1` → base rate 5 %.
  - true arm — visits `= threshold` (boundary) → boosted 10 %. The two straddle the visit border on the fixed fiscal instant, never the real clock (§24.6).

**Arithmetic / conventions**
- All `BigDecimal` asserted by `compareTo` (scale 2). Rate applies to the whole assiette; single centime rounding HALF_UP checked with a residue case (10.10 € × 5 % = 0.505 → **0.51 €**, I4). Entry code/label/lineIds verified.
- Pure logic: whole-store assiette on EAN-less lines, so no Panache product finder is hit — no `mockStatic`/`mockConstruction` needed. Only the `FidelityAccount` in `CardContext` is a plain Mockito mock.

**Files read:** `BrandTieredEarnFactory.java`, `AbstractEarnRuleApplier.java`, `ValuedLine.java`, `CardContext.java`, `EarnEntry.java`; field checks on `FidelityRule`/`FidelityAccount`; style reference `CardContextBuilderTest.java`.

**Iterations:** 1 (green on first `test`, 100 % on first `verify`). 9 tests, all passing.

**Scope:** only the new test class added; `src/main` untouched. No bugs or testability obstacles found.
=== com.intermarche.fidelity.rule.appliers.CalendarFamilyEarnFactory ===
=== com.intermarche.fidelity.rule.appliers.CalendarFamilyEarnFactory ===
Both remaining misses are on lines 129 and 138 — the Java-null legs of the two defensive `||` guards. Complete.

## Report — `CalendarFamilyEarnFactory`

**Branch count:** 22/24 branches covered across both classes.
- `CalendarFamilyEarnFactory` (factory): **3/3 branches, 100 %**, 100 % instructions.
- `CalendarFamilyEarnApplier` (applier): **20/22 branches, 94 %**, 100 % instructions.

**Justified residue (line-by-line):** 2 branches, both unreachable defensive null-legs of an `a || b` guard reached only through the private `toDayOfWeek` path:
- `L129` `element == null` (true leg) — iterating a Jackson `ArrayNode` never yields a Java-`null` element; the `element.isNull()` leg *is* covered (JSON `null` test).
- `L138` `token == null` (true leg) — `JsonNode.asText()` on a textual node never returns `null`; the `token.isBlank()` leg *is* covered (blank-string test).

Both are §31.2 null guards not reachable without reflection — no test can hit them without touching `src/main`.

**Coverage of the reachable logic (all covered):**
- `apply` guard `context == null || !activeDays.contains(weekday)` — all 4 legs: null context, inactive Friday, inactive Monday, active Sat/Sun.
- `eligible.isEmpty()` both arms — empty basket, all-consumed (I2), and producer path.
- `parseActiveDays`: `node == null` (absent), `!node.isArray()` (bare string), array path; `day != null` both arms.
- `toDayOfWeek`: `isNull` element, numeric arm with ternary `iso>=1 && iso<=7` (valid 6/7, `0`, `8`), textual blank, name-prefix leg (`SAT`), name-extends leg (`MONDAYISH`), unknown token (`XYZ`), and the trailing `return null` for a boolean element.
- Rounding asserted by `compareTo` HALF_UP (3.35 € → 0.34 €). Weekend borders straddled by the two calendar days framing each (Fri/Sat, Sun/Mon), never the run day.

**Files read:** `CalendarFamilyEarnFactory.java` (target), `AbstractEarnRuleApplier`, `AbstractEarnRuleApplierFactory`, `CardContext`, `ValuedLine`, `EarnEntry`, plus sibling test `BrandTieredEarnFactoryTest` for the house pattern.

**Iterations:** 1 write → green on first `test` run → `verify` clean (JaCoCo confirmed 100 % on the factory, residue as above). Only the new test class was touched; `src/main` untouched. No bugs or testability obstacles found.
Both remaining misses are on lines 129 and 138 — the Java-null legs of the two defensive `||` guards. Complete.

## Report — `CalendarFamilyEarnFactory`

**Branch count:** 22/24 branches covered across both classes.
- `CalendarFamilyEarnFactory` (factory): **3/3 branches, 100 %**, 100 % instructions.
- `CalendarFamilyEarnApplier` (applier): **20/22 branches, 94 %**, 100 % instructions.

**Justified residue (line-by-line):** 2 branches, both unreachable defensive null-legs of an `a || b` guard reached only through the private `toDayOfWeek` path:
- `L129` `element == null` (true leg) — iterating a Jackson `ArrayNode` never yields a Java-`null` element; the `element.isNull()` leg *is* covered (JSON `null` test).
- `L138` `token == null` (true leg) — `JsonNode.asText()` on a textual node never returns `null`; the `token.isBlank()` leg *is* covered (blank-string test).

Both are §31.2 null guards not reachable without reflection — no test can hit them without touching `src/main`.

**Coverage of the reachable logic (all covered):**
- `apply` guard `context == null || !activeDays.contains(weekday)` — all 4 legs: null context, inactive Friday, inactive Monday, active Sat/Sun.
- `eligible.isEmpty()` both arms — empty basket, all-consumed (I2), and producer path.
- `parseActiveDays`: `node == null` (absent), `!node.isArray()` (bare string), array path; `day != null` both arms.
- `toDayOfWeek`: `isNull` element, numeric arm with ternary `iso>=1 && iso<=7` (valid 6/7, `0`, `8`), textual blank, name-prefix leg (`SAT`), name-extends leg (`MONDAYISH`), unknown token (`XYZ`), and the trailing `return null` for a boolean element.
- Rounding asserted by `compareTo` HALF_UP (3.35 € → 0.34 €). Weekend borders straddled by the two calendar days framing each (Fri/Sat, Sun/Mon), never the run day.

**Files read:** `CalendarFamilyEarnFactory.java` (target), `AbstractEarnRuleApplier`, `AbstractEarnRuleApplierFactory`, `CardContext`, `ValuedLine`, `EarnEntry`, plus sibling test `BrandTieredEarnFactoryTest` for the house pattern.

**Iterations:** 1 write → green on first `test` run → `verify` clean (JaCoCo confirmed 100 % on the factory, residue as above). Only the new test class was touched; `src/main` untouched. No bugs or testability obstacles found.
=== com.intermarche.fidelity.rule.appliers.ChallengeEarnFactory ===
=== com.intermarche.fidelity.rule.appliers.ChallengeEarnFactory ===
All green. One residual branch remains — let me confirm what it is.

The single uncovered branch is at **line 180**: `if (node == null || !node.isObject())` — the `node == null` *true* leg. Jackson's `ArrayNode` iteration never yields a Java `null` element (a JSON `null` becomes a `NullNode`, caught by the `!isObject()` leg, which **is** covered by the `null` element in the messy-tiers spec). So `node == null` is an unreachable defensive guard.

## Report — `com.intermarche.fidelity.rule.appliers.ChallengeEarnFactory`

**Tests:** 14 tests, all green. `mvn -Dtest=ChallengeEarnFactoryTest -DskipITs verify` → BUILD SUCCESS.

**Branch coverage (JaCoCo, target file `ChallengeEarnFactory.java` — both classes):**
| Class | Branches | Missed | % |
|---|---|---|---|
| `ChallengeEarnFactory` (factory) | 0/0 | 0 | n/a |
| `ChallengeEarnApplier` | 33/34 | 1 | 97 % |
| `ChallengeEarnApplier$Tier` | 0/0 | 0 | n/a |
| **Total** | **33/34** | **1** | **97 %** |

Line/instruction coverage is **100 %** on all three classes.

**Justified residue (1 branch):** `parseTiers`, line 180 `node == null || !node.isObject()` — the `node == null` true leg. Unreachable: iterating a Jackson `ArrayNode` never produces a Java `null` (JSON `null` → `NullNode`, covered via the `!isObject()` leg). Defensive-only; no input reaches it.

**Branches covered (both arms / each leg):**
- Opening guard `context == null || tiers.isEmpty()`: context-null leg, tiers-empty leg (context non-null), both-false.
- `activation == null`: no-activation, activation-inactive (starts day *after* eval), and the active arm — the activation-start border straddled by `EVAL_DATE.plusDays(1)` vs `EVAL_DATE` (§24.6, fixed instant, no real clock).
- `eligible.isEmpty()`: empty basket, all-lines-consumed (I2), and non-empty.
- `granted.signum() <= 0`: re-cross same tier (delta 0), mission-tier-without-mission (delta 0), and the producing arms (5 €, 7 €, 18 €).
- `rewardReached` — `base < threshold` break both ways; compound `missionRequired && !missionDone`: first-false (non-mission tier), true·true (mission tier skipped), true·false (mission done → tier granted).
- `parseTiers` / `readDecimal` — `!isObject()`, `threshold == null` (missing/JSON-null/non-numeric), `reward == null` second leg (missing/JSON-null/non-numeric), valid; ascending sort exercised via a descending-listed 3-tier ladder.

Every `BigDecimal` asserted by `compareTo` at scale 2. No division/prorata exists in this class (§31.2 N/A). Pure logic — no Panache/static mocking needed (whole-store scope, EAN-less lines).

**Files read:** `ChallengeEarnFactory.java` (target), `AbstractEarnRuleApplier`, `AbstractEarnRuleApplierFactory`, `EarnEntry`, `CardContext`, `ValuedLine`, `EarnRuleApplier`, `FidelityActivation`, `FidelityRule` (fields/constants), and the sibling `BrandTieredEarnFactoryTest` for the house pattern.

**Iterations:** 1 (green on first compile/run; JaCoCo confirmed 33/34 with the single justified residue).

**Scope:** only the new test class `src/test/java/.../ChallengeEarnFactoryTest.java` was created. No `src/main` touched; no testability obstacle found.
All green. One residual branch remains — let me confirm what it is.

The single uncovered branch is at **line 180**: `if (node == null || !node.isObject())` — the `node == null` *true* leg. Jackson's `ArrayNode` iteration never yields a Java `null` element (a JSON `null` becomes a `NullNode`, caught by the `!isObject()` leg, which **is** covered by the `null` element in the messy-tiers spec). So `node == null` is an unreachable defensive guard.

## Report — `com.intermarche.fidelity.rule.appliers.ChallengeEarnFactory`

**Tests:** 14 tests, all green. `mvn -Dtest=ChallengeEarnFactoryTest -DskipITs verify` → BUILD SUCCESS.

**Branch coverage (JaCoCo, target file `ChallengeEarnFactory.java` — both classes):**
| Class | Branches | Missed | % |
|---|---|---|---|
| `ChallengeEarnFactory` (factory) | 0/0 | 0 | n/a |
| `ChallengeEarnApplier` | 33/34 | 1 | 97 % |
| `ChallengeEarnApplier$Tier` | 0/0 | 0 | n/a |
| **Total** | **33/34** | **1** | **97 %** |

Line/instruction coverage is **100 %** on all three classes.

**Justified residue (1 branch):** `parseTiers`, line 180 `node == null || !node.isObject()` — the `node == null` true leg. Unreachable: iterating a Jackson `ArrayNode` never produces a Java `null` (JSON `null` → `NullNode`, covered via the `!isObject()` leg). Defensive-only; no input reaches it.

**Branches covered (both arms / each leg):**
- Opening guard `context == null || tiers.isEmpty()`: context-null leg, tiers-empty leg (context non-null), both-false.
- `activation == null`: no-activation, activation-inactive (starts day *after* eval), and the active arm — the activation-start border straddled by `EVAL_DATE.plusDays(1)` vs `EVAL_DATE` (§24.6, fixed instant, no real clock).
- `eligible.isEmpty()`: empty basket, all-lines-consumed (I2), and non-empty.
- `granted.signum() <= 0`: re-cross same tier (delta 0), mission-tier-without-mission (delta 0), and the producing arms (5 €, 7 €, 18 €).
- `rewardReached` — `base < threshold` break both ways; compound `missionRequired && !missionDone`: first-false (non-mission tier), true·true (mission tier skipped), true·false (mission done → tier granted).
- `parseTiers` / `readDecimal` — `!isObject()`, `threshold == null` (missing/JSON-null/non-numeric), `reward == null` second leg (missing/JSON-null/non-numeric), valid; ascending sort exercised via a descending-listed 3-tier ladder.

Every `BigDecimal` asserted by `compareTo` at scale 2. No division/prorata exists in this class (§31.2 N/A). Pure logic — no Panache/static mocking needed (whole-store scope, EAN-less lines).

**Files read:** `ChallengeEarnFactory.java` (target), `AbstractEarnRuleApplier`, `AbstractEarnRuleApplierFactory`, `EarnEntry`, `CardContext`, `ValuedLine`, `EarnRuleApplier`, `FidelityActivation`, `FidelityRule` (fields/constants), and the sibling `BrandTieredEarnFactoryTest` for the house pattern.

**Iterations:** 1 (green on first compile/run; JaCoCo confirmed 33/34 with the single justified residue).

**Scope:** only the new test class `src/test/java/.../ChallengeEarnFactoryTest.java` was created. No `src/main` touched; no testability obstacle found.
=== com.intermarche.fidelity.rule.appliers.CommunityEarnFactory ===
=== com.intermarche.fidelity.rule.appliers.CommunityEarnFactory ===
Both classes fully covered. Report follows.

## Report — `CommunityEarnFactory` (+ `CommunityEarnApplier`)

**Branch coverage:** `CommunityEarnApplier` **6/6 branches = 100 %** (instructions 51/51). `CommunityEarnFactory` **0 branches, 10/10 instructions = 100 %**. No residue.

The 6 branches are the two guards in `apply`:
- compound guard `context == null || !isMemberOf(communityCode)` — 4 outcomes: null context; non-member; null `communityCode` reaching `!isMemberOf`; member-passes.
- `eligible.isEmpty()` — true (empty basket / all lines consumed by an offer, I2) and false (producer path).

**Tests (10):** factory `getRuleType`/`create`; null-context none; non-member none; absent-`communityCode` none; member+empty-basket none; member+all-consumed none; member producer (5 % over summed net, `L1+L2`); multi-community membership; centime rounding `4.50 × 5 % = 0.225 → 0.23` HALF_UP (I4).

**Approach:** pure logic — in-memory `wholeStore` EAN-less baskets so no `Product.findByEan` static finder is touched (§13, §25.4); no `@QuarkusTest`/H2. Membership is a dated snapshot carried by `CardContext` (resolved upstream), so the applier reads no clock; the fixed fiscal instant `2026-01-15` is supplied nonetheless. Every `BigDecimal` asserted by `compareTo`.

**Files read (6):** target `CommunityEarnFactory.java`; `AbstractEarnRuleApplier`, `AbstractEarnRuleApplierFactory`, `CardContext`, `EarnEntry`, `ValuedLine`; sibling `CalendarFamilyEarnFactoryTest` for conventions.

**Iterations:** 1 (green on first compile; JaCoCo confirmed 100 % with no fill-in needed).

**Scope:** only the new test class created; `src/main` untouched; no bug or testability obstacle found.
Both classes fully covered. Report follows.

## Report — `CommunityEarnFactory` (+ `CommunityEarnApplier`)

**Branch coverage:** `CommunityEarnApplier` **6/6 branches = 100 %** (instructions 51/51). `CommunityEarnFactory` **0 branches, 10/10 instructions = 100 %**. No residue.

The 6 branches are the two guards in `apply`:
- compound guard `context == null || !isMemberOf(communityCode)` — 4 outcomes: null context; non-member; null `communityCode` reaching `!isMemberOf`; member-passes.
- `eligible.isEmpty()` — true (empty basket / all lines consumed by an offer, I2) and false (producer path).

**Tests (10):** factory `getRuleType`/`create`; null-context none; non-member none; absent-`communityCode` none; member+empty-basket none; member+all-consumed none; member producer (5 % over summed net, `L1+L2`); multi-community membership; centime rounding `4.50 × 5 % = 0.225 → 0.23` HALF_UP (I4).

**Approach:** pure logic — in-memory `wholeStore` EAN-less baskets so no `Product.findByEan` static finder is touched (§13, §25.4); no `@QuarkusTest`/H2. Membership is a dated snapshot carried by `CardContext` (resolved upstream), so the applier reads no clock; the fixed fiscal instant `2026-01-15` is supplied nonetheless. Every `BigDecimal` asserted by `compareTo`.

**Files read (6):** target `CommunityEarnFactory.java`; `AbstractEarnRuleApplier`, `AbstractEarnRuleApplierFactory`, `CardContext`, `EarnEntry`, `ValuedLine`; sibling `CalendarFamilyEarnFactoryTest` for conventions.

**Iterations:** 1 (green on first compile; JaCoCo confirmed 100 % with no fill-in needed).

**Scope:** only the new test class created; `src/main` untouched; no bug or testability obstacle found.
=== com.intermarche.fidelity.rule.appliers.EcouponEarnFactory ===
=== com.intermarche.fidelity.rule.appliers.EcouponEarnFactory ===
Both target classes report **100 %** coverage with no residue:

- `EcouponEarnFactory`: instructions 10/10, no branches (n/a), methods 3/3.
- `EcouponEarnApplier`: instructions 47/47, **branches 6/6 (100 %)**, methods 5/5.

## Report

**Target:** `com.intermarche.fidelity.rule.appliers.EcouponEarnFactory` (file holds both `EcouponEarnFactory` and package-private `EcouponEarnApplier`).

**Result:** all tests green; JaCoCo **6/6 branches** on the applier, factory branch-free (n/a) fully covered. No justified residue — 100 % clean.

**Branches covered (apply guard `context == null || activationFor(code) == null`, then `eligible.isEmpty()`):**
- leg 1 true — null context
- leg 1 false + leg 2 true — no activation, wrong-rule activation, and the two window boundaries straddled from outside (day before open / day after close, §24.6)
- both false — activation active (incl. exact-start and exact-end inclusive boundaries)
- `eligible.isEmpty()` true — empty basket and all-lines-consumed (I2); false — producer path
- HALF_UP centime rounding (I4): 25 % of 10.10 € = 2.5250 → 2.53 €
- rate-absent fallback → zero earn / empty entry

**Approach:** pure logic — in-memory baskets, `wholeStore` scope with EAN-less lines so no Panache static finder is touched; `FidelityActivation` built directly; time fixed via a `LocalDateTime` fiscal instant into `CardContext` (no real clock). Every `BigDecimal` asserted by `compareTo`.

**Files read:** `EcouponEarnFactory.java`, `AbstractEarnRuleApplier.java`, `AbstractEarnRuleApplierFactory.java`, `CardContext.java`, `ValuedLine.java`, `EarnEntry.java`, `FidelityActivation.java`, `FidelityRule` (constants), and the sibling `CommunityEarnFactoryTest.java` for style.

**Iterations:** test compiled and passed first run; verify confirmed full coverage — no fill-in needed.

**Scope:** only the new test class was added; `src/main` untouched. No bug or testability obstacle found.
Both target classes report **100 %** coverage with no residue:

- `EcouponEarnFactory`: instructions 10/10, no branches (n/a), methods 3/3.
- `EcouponEarnApplier`: instructions 47/47, **branches 6/6 (100 %)**, methods 5/5.

## Report

**Target:** `com.intermarche.fidelity.rule.appliers.EcouponEarnFactory` (file holds both `EcouponEarnFactory` and package-private `EcouponEarnApplier`).

**Result:** all tests green; JaCoCo **6/6 branches** on the applier, factory branch-free (n/a) fully covered. No justified residue — 100 % clean.

**Branches covered (apply guard `context == null || activationFor(code) == null`, then `eligible.isEmpty()`):**
- leg 1 true — null context
- leg 1 false + leg 2 true — no activation, wrong-rule activation, and the two window boundaries straddled from outside (day before open / day after close, §24.6)
- both false — activation active (incl. exact-start and exact-end inclusive boundaries)
- `eligible.isEmpty()` true — empty basket and all-lines-consumed (I2); false — producer path
- HALF_UP centime rounding (I4): 25 % of 10.10 € = 2.5250 → 2.53 €
- rate-absent fallback → zero earn / empty entry

**Approach:** pure logic — in-memory baskets, `wholeStore` scope with EAN-less lines so no Panache static finder is touched; `FidelityActivation` built directly; time fixed via a `LocalDateTime` fiscal instant into `CardContext` (no real clock). Every `BigDecimal` asserted by `compareTo`.

**Files read:** `EcouponEarnFactory.java`, `AbstractEarnRuleApplier.java`, `AbstractEarnRuleApplierFactory.java`, `CardContext.java`, `ValuedLine.java`, `EarnEntry.java`, `FidelityActivation.java`, `FidelityRule` (constants), and the sibling `CommunityEarnFactoryTest.java` for style.

**Iterations:** test compiled and passed first run; verify confirmed full coverage — no fill-in needed.

**Scope:** only the new test class was added; `src/main` untouched. No bug or testability obstacle found.
=== com.intermarche.fidelity.rule.appliers.MonthlyDateEarnFactory ===
=== com.intermarche.fidelity.rule.appliers.MonthlyDateEarnFactory ===
Full coverage on both classes. Done.

## Report — `MonthlyDateEarnFactory` (+ `MonthlyDateEarnApplier`)

**Coverage (JaCoCo, `mvn … verify`):**
- `MonthlyDateEarnApplier`: instructions **100 %**, **branches 8/8**, complexity 17/17, lines 2/2, methods 1/1.
- `MonthlyDateEarnFactory`: instructions **100 %**, no branches (n/a), lines 3/3, methods 3/3.
- Combined **8/8 branches**, zero missed/partial lines. No residue.

**Branches covered (both arms / each leg, §29, §29.6):**
- Day-gate `context == null || evaluationDate.getDayOfMonth() != dayOfMonth` — null leg, day-mismatch leg (**straddled** by the 27th and 29th around the 28th, §24.6), both-false pass-through.
- Membership `communityCode != null && !isMemberOf` — `communityCode == null` short-circuit (gateless spec), member (grant), non-member (none).
- Uniqueness `hasEarnedThisPeriod` — true (positive cumulative → none) and false (zero / absent cumulative → grant).
- `eligible.isEmpty()` — true via empty basket and via all-lines-consumed (I2), false → producer.
- Centime rounding I4: 4.50 € @ 5 % = 0.225 → **0.23** HALF_UP; all `BigDecimal` asserted by `compareTo`.

**Approach:** plain unit — no `@QuarkusTest`/H2. Pure arithmetic on in-memory `wholeStore` EAN-less baskets, so no Panache static finder needed; `FidelityAccount` mocked only to carry the fixed fiscal instant on `CardContext`. No `src/main` change.

**Files read:** `MonthlyDateEarnFactory`, `AbstractEarnRuleApplier`, `CardContext`, `ValuedLine`, `EarnEntry`, `FidelityRule` (fields), `CommunityEarnFactoryTest` (pattern).

**Iterations:** test green on first run; verify confirmed 8/8 branches on first pass.

**Out-of-scope note (one line, not applied):** the `MonthlyDateEarnApplier` class lives in the same file as the factory but has package-private visibility — testable directly, no obstacle.
Full coverage on both classes. Done.

## Report — `MonthlyDateEarnFactory` (+ `MonthlyDateEarnApplier`)

**Coverage (JaCoCo, `mvn … verify`):**
- `MonthlyDateEarnApplier`: instructions **100 %**, **branches 8/8**, complexity 17/17, lines 2/2, methods 1/1.
- `MonthlyDateEarnFactory`: instructions **100 %**, no branches (n/a), lines 3/3, methods 3/3.
- Combined **8/8 branches**, zero missed/partial lines. No residue.

**Branches covered (both arms / each leg, §29, §29.6):**
- Day-gate `context == null || evaluationDate.getDayOfMonth() != dayOfMonth` — null leg, day-mismatch leg (**straddled** by the 27th and 29th around the 28th, §24.6), both-false pass-through.
- Membership `communityCode != null && !isMemberOf` — `communityCode == null` short-circuit (gateless spec), member (grant), non-member (none).
- Uniqueness `hasEarnedThisPeriod` — true (positive cumulative → none) and false (zero / absent cumulative → grant).
- `eligible.isEmpty()` — true via empty basket and via all-lines-consumed (I2), false → producer.
- Centime rounding I4: 4.50 € @ 5 % = 0.225 → **0.23** HALF_UP; all `BigDecimal` asserted by `compareTo`.

**Approach:** plain unit — no `@QuarkusTest`/H2. Pure arithmetic on in-memory `wholeStore` EAN-less baskets, so no Panache static finder needed; `FidelityAccount` mocked only to carry the fixed fiscal instant on `CardContext`. No `src/main` change.

**Files read:** `MonthlyDateEarnFactory`, `AbstractEarnRuleApplier`, `CardContext`, `ValuedLine`, `EarnEntry`, `FidelityRule` (fields), `CommunityEarnFactoryTest` (pattern).

**Iterations:** test green on first run; verify confirmed 8/8 branches on first pass.

**Out-of-scope note (one line, not applied):** the `MonthlyDateEarnApplier` class lives in the same file as the factory but has package-private visibility — testable directly, no obstacle.
=== com.intermarche.fidelity.rule.appliers.ProgramExclusionFactory ===
=== com.intermarche.fidelity.rule.appliers.ProgramExclusionFactory ===
Both classes fully covered. Cleaning up the report artifacts is not needed (target/ is build output).

## Report — `com.intermarche.fidelity.rule.appliers.ProgramExclusionFactory`

**Result: green, 100% branch coverage.**

| Class (in target file) | Instructions | Branches |
|---|---|---|
| `ProgramExclusionFactory` | 10/10 (100%) | **0/0** (n/a — no branches) |
| `ProgramExclusionApplier` | 66/66 (100%) | **8/8** (100%, 0 missed) |

**Branch count: 8/8** — all covered, no residue.

**Branches enumerated & hit**
- `coveredLines`: `lines == null` — true arm (`coveredLines(null)` / `coveredLineIds(null)` / `excludedLineIds(null)`) **and** false arm (non-null baskets).
- `coveredLines`: `if (isInScope(line))` — true arm (whole-store spec, EAN-less lines retained) **and** false arm (empty scope, lines skipped, loop still runs).
- Non-branching members exercised for line/instruction coverage: `getRuleType`, `create`, `isProducer` (=false), `apply` (returns `none()` even for an in-scope non-empty basket and for null lines/context), `excludedLineIds`, `coveredLineIds`.

The `isInScope` compound guard (`a || b || c` legs, brand/family/EAN, null EAN) lives in the parent file `AbstractEarnRuleApplier.java` — outside the target file — and is already covered by the earn campaign; the exclusion filter's own arms are reached Panache-free via `wholeStore:true` (in-scope) vs `{}` (out-of-scope) with EAN-less lines, per the sibling `CommunityEarnFactoryTest` convention (§13, §25.4).

**Design notes**
- Plain unit only — no `@QuarkusTest`, no H2, no Panache static mocking (avoidable here). `FidelityAccount` mocked solely to stamp a fixed fiscal instant (2026-01-15) on the `CardContext`; the filter reads no clock.
- Every `BigDecimal` asserted by `compareTo`; JUnit 5 assertions only; Javadoc on every method; no blank lines in method bodies.
- `src/main` untouched; only the new test class added. No bug or testability obstacle found.

**Files read (5):** `ProgramExclusionFactory.java` (target), `AbstractEarnRuleApplier.java`, `AbstractEarnRuleApplierFactory.java`, `ValuedLine.java`, `EarnEntry.java`, `CardContext.java` + `CommunityEarnFactoryTest.java` (pattern) and `FidelityRule.java` (constant check).

**Iterations:** 1 (green and 100% branch on first compile/run).
Both classes fully covered. Cleaning up the report artifacts is not needed (target/ is build output).

## Report — `com.intermarche.fidelity.rule.appliers.ProgramExclusionFactory`

**Result: green, 100% branch coverage.**

| Class (in target file) | Instructions | Branches |
|---|---|---|
| `ProgramExclusionFactory` | 10/10 (100%) | **0/0** (n/a — no branches) |
| `ProgramExclusionApplier` | 66/66 (100%) | **8/8** (100%, 0 missed) |

**Branch count: 8/8** — all covered, no residue.

**Branches enumerated & hit**
- `coveredLines`: `lines == null` — true arm (`coveredLines(null)` / `coveredLineIds(null)` / `excludedLineIds(null)`) **and** false arm (non-null baskets).
- `coveredLines`: `if (isInScope(line))` — true arm (whole-store spec, EAN-less lines retained) **and** false arm (empty scope, lines skipped, loop still runs).
- Non-branching members exercised for line/instruction coverage: `getRuleType`, `create`, `isProducer` (=false), `apply` (returns `none()` even for an in-scope non-empty basket and for null lines/context), `excludedLineIds`, `coveredLineIds`.

The `isInScope` compound guard (`a || b || c` legs, brand/family/EAN, null EAN) lives in the parent file `AbstractEarnRuleApplier.java` — outside the target file — and is already covered by the earn campaign; the exclusion filter's own arms are reached Panache-free via `wholeStore:true` (in-scope) vs `{}` (out-of-scope) with EAN-less lines, per the sibling `CommunityEarnFactoryTest` convention (§13, §25.4).

**Design notes**
- Plain unit only — no `@QuarkusTest`, no H2, no Panache static mocking (avoidable here). `FidelityAccount` mocked solely to stamp a fixed fiscal instant (2026-01-15) on the `CardContext`; the filter reads no clock.
- Every `BigDecimal` asserted by `compareTo`; JUnit 5 assertions only; Javadoc on every method; no blank lines in method bodies.
- `src/main` untouched; only the new test class added. No bug or testability obstacle found.

**Files read (5):** `ProgramExclusionFactory.java` (target), `AbstractEarnRuleApplier.java`, `AbstractEarnRuleApplierFactory.java`, `ValuedLine.java`, `EarnEntry.java`, `CardContext.java` + `CommunityEarnFactoryTest.java` (pattern) and `FidelityRule.java` (constant check).

**Iterations:** 1 (green and 100% branch on first compile/run).
Fait. Build vert, commit effectué (pas de push).

## `mvn verify -DskipITs` — ✅ vert
`BUILD SUCCESS`, **222 tests, 0 failure / 0 error / 0 skipped**.

## Couverture de branches JaCoCo — package `com.intermarche.fidelity.rule.appliers`
(par fichier source ; chaque fichier = la factory + son applier imbriqué)

| Classe | Branches | % |
|---|---|---|
| BrandTieredEarnFactory | 8/8 | 100% |
| CommunityEarnFactory | 6/6 | 100% |
| EcouponEarnFactory | 6/6 | 100% |
| MonthlyDateEarnFactory | 12/12 | 100% |
| ProgramExclusionFactory | 8/8 | 100% |
| **ChallengeEarnFactory** | **33/34** | **97%** |
| **CalendarFamilyEarnFactory** | **34/36** | **94%** |

**Classes sans test : aucune** — les 7 fichiers de production ont chacun leur classe de test.

### Résidu non couvert (justifié ligne à ligne, §29.6)
Les 3 branches manquantes sont toutes la jambe `node == null` / `token == null` d'un OU dont la seconde jambe est déjà couverte — jambes inatteignables sur des nœuds issus d'une itération JSON ou de `JsonNode.asText()` (qui ne rend jamais `null`) :
- `CalendarFamilyEarnFactory.java:129` — `element == null || element.isNull()`
- `CalendarFamilyEarnFactory.java:138` — `token == null || token.isBlank()` (`asText()` ne retourne pas `null`)
- `ChallengeEarnFactory.java:180` — `node == null || !node.isObject()` (nœuds itérés d'un tableau)

## Commit
Staged uniquement les 7 classes de test du package (aucune modif de `CLAUDE.md`/`​.claude/` — rien n'avait changé). Message **exact** comme demandé :

```
test: full branch coverage for com.intermarche.fidelity.rule.appliers
```

Aucun `git push`.

Note : le message a été committé strictement sur cette seule ligne (pas de trailer `Co-Authored-By`), pour respecter le « EXACTEMENT ce message ». Dis-moi si tu veux au contraire le trailer.
Fait. Build vert, commit effectué (pas de push).

## `mvn verify -DskipITs` — ✅ vert
`BUILD SUCCESS`, **222 tests, 0 failure / 0 error / 0 skipped**.

## Couverture de branches JaCoCo — package `com.intermarche.fidelity.rule.appliers`
(par fichier source ; chaque fichier = la factory + son applier imbriqué)

| Classe | Branches | % |
|---|---|---|
| BrandTieredEarnFactory | 8/8 | 100% |
| CommunityEarnFactory | 6/6 | 100% |
| EcouponEarnFactory | 6/6 | 100% |
| MonthlyDateEarnFactory | 12/12 | 100% |
| ProgramExclusionFactory | 8/8 | 100% |
| **ChallengeEarnFactory** | **33/34** | **97%** |
| **CalendarFamilyEarnFactory** | **34/36** | **94%** |

**Classes sans test : aucune** — les 7 fichiers de production ont chacun leur classe de test.

### Résidu non couvert (justifié ligne à ligne, §29.6)
Les 3 branches manquantes sont toutes la jambe `node == null` / `token == null` d'un OU dont la seconde jambe est déjà couverte — jambes inatteignables sur des nœuds issus d'une itération JSON ou de `JsonNode.asText()` (qui ne rend jamais `null`) :
- `CalendarFamilyEarnFactory.java:129` — `element == null || element.isNull()`
- `CalendarFamilyEarnFactory.java:138` — `token == null || token.isBlank()` (`asText()` ne retourne pas `null`)
- `ChallengeEarnFactory.java:180` — `node == null || !node.isObject()` (nœuds itérés d'un tableau)

## Commit
Staged uniquement les 7 classes de test du package (aucune modif de `CLAUDE.md`/`​.claude/` — rien n'avait changé). Message **exact** comme demandé :

```
test: full branch coverage for com.intermarche.fidelity.rule.appliers
```

Aucun `git push`.

Note : le message a été committé strictement sur cette seule ligne (pas de trailer `Co-Authored-By`), pour respecter le « EXACTEMENT ce message ». Dis-moi si tu veux au contraire le trailer.
PASS: rule.appliers — expected commit is HEAD.
PASS: rule.appliers — expected commit is HEAD.
########## package com.intermarche.fidelity.rule ##########
########## package com.intermarche.fidelity.rule ##########
=== com.intermarche.fidelity.rule.AbstractEarnRuleApplier ===
=== com.intermarche.fidelity.rule.AbstractEarnRuleApplier ===
Done. Full report below.

## Report — `AbstractEarnRuleApplier`

**Test class:** `src/test/java/com/intermarche/fidelity/rule/AbstractEarnRuleApplierTest.java` (new — no prior test existed).

**Result:** `Tests run: 59, Failures: 0, Errors: 0`.

**JaCoCo (target class):**
- Instructions: **576/576 = 100 %**
- **Branches: 139/140 = 99 %** (1 justified residue)
- Lines 121/121, methods 20/20.

### Approach
The class is abstract, carries no clock and no `CardContext`, so it is exercised through a minimal same-package concrete `TestApplier` (stub `apply` → `none()`); protected members are called directly. Static product finders (`Product.findByEan`, `ProductFamily.findAllFamiliesForProduct`) are mocked with `Mockito.mockStatic` in try-with-resources only where an EAN is resolved; pure arithmetic is asserted in memory to the centime, every `BigDecimal` by `compareTo`. Two genuinely-unreachable private legs (`readStringSet` null parent; `intersects` null operands) are reached by reflection; the three defensive `x == null` guards on Jackson output (element-null, text-null in `readStringSet`) are covered by feeding hand-built mocked `JsonNode`s — a legitimate exercise of the §31.2 parser guards.

### Branches covered (both arms / each leg)
- **Constructor / `parse`**: null rule → `IllegalArgumentException`; spec null leg, blank leg, valid, malformed → `IllegalStateException`.
- **`readStringSet`**: absent field, non-array field, array; blank element, non-textual element, valid; null parent, null element, null text (reflection/mock).
- **`isInScope`**: null line; `ean` null/non-null; `product` null/non-null; each of the 4 include legs (wholeStore, ean, brand, family) and 3 exclude legs (ean, brand, family); `included` false short-circuit; `excluded` true/false.
- **`familyCodesOf`**: null product, non-null; `code == null` skip vs add.
- **`intersects`** (reflection): both null legs, both empty legs, size-both-ways selection, loop found/not-found.
- **`isEligibleLine`** three legs; **`eligibleLines`** null/mixed; **`assietteOf`** null/sum with negative-net clamp; **`lineIdsOf`** null/collect.
- **`countEligibleItems`**: null list; UNIT floor; UNIT negative → `Math.max` 0; WEIGHT; null productType; ean-null and unknown-ean.
- **`round`** null/non-null HALF_UP; **`applyRate`** null-assiette, null-rate, compute+round; **`entry`**, **`none`**.
- **`decimal`/`integer`**: absent, explicit-null, non-number, number. **`text`**: absent, null, non-textual, blank, non-blank(trim). **`tiersNode`**: absent, non-array, array.

### Justified residue (1 branch)
`AbstractEarnRuleApplier.java:330` — `text()`: `return value == null || value.isBlank() ? null : value.trim();`, the `value == null` **true** leg. `value = node.asText()` on a node already passing `node.isTextual()`, and `node` comes from `spec.get(field)` on the internally real-parsed spec — it cannot be a mock (unlike `readStringSet`, which takes an arbitrary node). Jackson's `asText()` never returns null for a textual node, so this defensive §31.2 guard is unreachable without modifying `src/main`.

**Files read:** `AbstractEarnRuleApplier`, `ValuedLine`, `EarnEntry`, `EarnRuleApplier`, `Product`, `ProductFamily`, `ProductType`, `FidelityRule`, `BaseEntity`, `CardContext`, and `BrandTieredEarnFactoryTest` (style reference).
**Iterations:** 2 (initial 137/140 → added 2 mocked-node tests → 139/140).
**Scope:** only the test class was created; `src/main` untouched. No bug or testability obstacle found.
Done. Full report below.

## Report — `AbstractEarnRuleApplier`

**Test class:** `src/test/java/com/intermarche/fidelity/rule/AbstractEarnRuleApplierTest.java` (new — no prior test existed).

**Result:** `Tests run: 59, Failures: 0, Errors: 0`.

**JaCoCo (target class):**
- Instructions: **576/576 = 100 %**
- **Branches: 139/140 = 99 %** (1 justified residue)
- Lines 121/121, methods 20/20.

### Approach
The class is abstract, carries no clock and no `CardContext`, so it is exercised through a minimal same-package concrete `TestApplier` (stub `apply` → `none()`); protected members are called directly. Static product finders (`Product.findByEan`, `ProductFamily.findAllFamiliesForProduct`) are mocked with `Mockito.mockStatic` in try-with-resources only where an EAN is resolved; pure arithmetic is asserted in memory to the centime, every `BigDecimal` by `compareTo`. Two genuinely-unreachable private legs (`readStringSet` null parent; `intersects` null operands) are reached by reflection; the three defensive `x == null` guards on Jackson output (element-null, text-null in `readStringSet`) are covered by feeding hand-built mocked `JsonNode`s — a legitimate exercise of the §31.2 parser guards.

### Branches covered (both arms / each leg)
- **Constructor / `parse`**: null rule → `IllegalArgumentException`; spec null leg, blank leg, valid, malformed → `IllegalStateException`.
- **`readStringSet`**: absent field, non-array field, array; blank element, non-textual element, valid; null parent, null element, null text (reflection/mock).
- **`isInScope`**: null line; `ean` null/non-null; `product` null/non-null; each of the 4 include legs (wholeStore, ean, brand, family) and 3 exclude legs (ean, brand, family); `included` false short-circuit; `excluded` true/false.
- **`familyCodesOf`**: null product, non-null; `code == null` skip vs add.
- **`intersects`** (reflection): both null legs, both empty legs, size-both-ways selection, loop found/not-found.
- **`isEligibleLine`** three legs; **`eligibleLines`** null/mixed; **`assietteOf`** null/sum with negative-net clamp; **`lineIdsOf`** null/collect.
- **`countEligibleItems`**: null list; UNIT floor; UNIT negative → `Math.max` 0; WEIGHT; null productType; ean-null and unknown-ean.
- **`round`** null/non-null HALF_UP; **`applyRate`** null-assiette, null-rate, compute+round; **`entry`**, **`none`**.
- **`decimal`/`integer`**: absent, explicit-null, non-number, number. **`text`**: absent, null, non-textual, blank, non-blank(trim). **`tiersNode`**: absent, non-array, array.

### Justified residue (1 branch)
`AbstractEarnRuleApplier.java:330` — `text()`: `return value == null || value.isBlank() ? null : value.trim();`, the `value == null` **true** leg. `value = node.asText()` on a node already passing `node.isTextual()`, and `node` comes from `spec.get(field)` on the internally real-parsed spec — it cannot be a mock (unlike `readStringSet`, which takes an arbitrary node). Jackson's `asText()` never returns null for a textual node, so this defensive §31.2 guard is unreachable without modifying `src/main`.

**Files read:** `AbstractEarnRuleApplier`, `ValuedLine`, `EarnEntry`, `EarnRuleApplier`, `Product`, `ProductFamily`, `ProductType`, `FidelityRule`, `BaseEntity`, `CardContext`, and `BrandTieredEarnFactoryTest` (style reference).
**Iterations:** 2 (initial 137/140 → added 2 mocked-node tests → 139/140).
**Scope:** only the test class was created; `src/main` untouched. No bug or testability obstacle found.
=== com.intermarche.fidelity.rule.AbstractEarnRuleApplierFactory ===
=== com.intermarche.fidelity.rule.AbstractEarnRuleApplierFactory ===
100% coverage confirmed — **6/6 branches, 69/69 instructions, all lines/methods**, no partial lines.

## Report — `com.intermarche.fidelity.rule.AbstractEarnRuleApplierFactory`

**Result:** created `src/test/java/com/intermarche/fidelity/rule/AbstractEarnRuleApplierFactoryTest.java` (no prior test existed).

**Branch coverage (JaCoCo):** **6/6 branches = 100%**, instructions 69/69 = 100%, methods 4/4, lines all covered. **No justified residue.**

**Branches enumerated and covered:**
| Site | Arm | Test |
|---|---|---|
| `getSchema` `local != null` | false (first read) | `getSchemaLoadsPresentResource` |
| `getSchema` `local != null` | true (cached read) | `getSchemaCachesAfterFirstLoad` (asserts same reference) |
| inner `cachedSchema == null` | true (load) | `getSchemaLoadsPresentResource` |
| inner `cachedSchema == null` | false (double-checked 2nd read) | `getSchemaDoubleCheckedSecondRead` |
| `loadSchema` `in == null` | true (missing) | `getSchemaMissingResourceThrows` |
| `loadSchema` `in == null` | false (present) | `getSchemaLoadsPresentResource` |
| `catch (IOException)` | entered | `getSchemaWrapsIoException` |
| `schemaResourcePath` | (line) | `schemaResourcePathByConvention` |

**Notable techniques (all plain unit, no `@QuarkusTest`/H2, no Panache):**
- **Double-checked-lock false arm** — deterministic, no real clock: a holder thread owns the factory monitor; the test spins until the caller reaches `Thread.State.BLOCKED` on `synchronized(this)` (guaranteeing `local` was read as null), then injects `cachedSchema` via reflection and releases — the caller then takes the `!= null` inner arm.
- **IOException catch** — a `ThrowingClassLoader` redefines a factory subclass in its own namespace and overrides `getResourceAsStream` to return a stream that throws on `readAllBytes()`; its rule type points at a schema that *does* exist, proving it's a read error (`in != null`), not a missing resource.
- **Present/missing legs** read the real `/schemas/rule/*.json` already on the classpath — **no test resource files added** (strict scope respected).

**Files read:** target class, `EarnRuleApplierFactory`, sibling `AbstractEarnRuleApplierTest` (style), `CommunityEarnFactory` (subclass shape), `FidelityRule` (type constants). **Iterations:** 1 (green on first `test` and `verify`). **Scope:** only the new test class was touched; `src/main` untouched. No testability obstacles found.
100% coverage confirmed — **6/6 branches, 69/69 instructions, all lines/methods**, no partial lines.

## Report — `com.intermarche.fidelity.rule.AbstractEarnRuleApplierFactory`

**Result:** created `src/test/java/com/intermarche/fidelity/rule/AbstractEarnRuleApplierFactoryTest.java` (no prior test existed).

**Branch coverage (JaCoCo):** **6/6 branches = 100%**, instructions 69/69 = 100%, methods 4/4, lines all covered. **No justified residue.**

**Branches enumerated and covered:**
| Site | Arm | Test |
|---|---|---|
| `getSchema` `local != null` | false (first read) | `getSchemaLoadsPresentResource` |
| `getSchema` `local != null` | true (cached read) | `getSchemaCachesAfterFirstLoad` (asserts same reference) |
| inner `cachedSchema == null` | true (load) | `getSchemaLoadsPresentResource` |
| inner `cachedSchema == null` | false (double-checked 2nd read) | `getSchemaDoubleCheckedSecondRead` |
| `loadSchema` `in == null` | true (missing) | `getSchemaMissingResourceThrows` |
| `loadSchema` `in == null` | false (present) | `getSchemaLoadsPresentResource` |
| `catch (IOException)` | entered | `getSchemaWrapsIoException` |
| `schemaResourcePath` | (line) | `schemaResourcePathByConvention` |

**Notable techniques (all plain unit, no `@QuarkusTest`/H2, no Panache):**
- **Double-checked-lock false arm** — deterministic, no real clock: a holder thread owns the factory monitor; the test spins until the caller reaches `Thread.State.BLOCKED` on `synchronized(this)` (guaranteeing `local` was read as null), then injects `cachedSchema` via reflection and releases — the caller then takes the `!= null` inner arm.
- **IOException catch** — a `ThrowingClassLoader` redefines a factory subclass in its own namespace and overrides `getResourceAsStream` to return a stream that throws on `readAllBytes()`; its rule type points at a schema that *does* exist, proving it's a read error (`in != null`), not a missing resource.
- **Present/missing legs** read the real `/schemas/rule/*.json` already on the classpath — **no test resource files added** (strict scope respected).

**Files read:** target class, `EarnRuleApplierFactory`, sibling `AbstractEarnRuleApplierTest` (style), `CommunityEarnFactory` (subclass shape), `FidelityRule` (type constants). **Iterations:** 1 (green on first `test` and `verify`). **Scope:** only the new test class was touched; `src/main` untouched. No testability obstacles found.
=== com.intermarche.fidelity.rule.CardContext ===
=== com.intermarche.fidelity.rule.CardContext ===
All branches covered. Done.

## Report — `com.intermarche.fidelity.rule.CardContext`

**Coverage:** instructions 199/199 (100%), **branches 46/46 (100%)**, lines 36/36, methods 8/8, complexity 31/31. No residue.

**Tests:** 28, all green (`Tests run: 28, Failures: 0, Errors: 0`).

**Branches enumerated & covered:**
- **Full constructor** — `account==null` (both arms), `evaluationDateTime==null` (both arms), `Math.max(0, monthlyVisits)` (negative → 0, zero, positive kept), and the 6 null-coalescing ternaries for `ruleMonthlyEarn` / `communityMonthlyEarn` / `globalMonthlyEarn` / `challengePeriodBase` / `membershipCommunityCodes` / `activations` (null and non-null arms each) + defensive-copy verification.
- **Convenience constructor** — covered via delegation.
- **isMemberOf** — `code!=null && contains` : null-code leg, non-member leg, both-true.
- **activationFor** — null-code early return; loop guard `ruleCode.equals(...) && isActiveOn(...)` : rule-mismatch leg, matching-but-inactive leg (window ends day before eval), both-true (window opens on eval day) + fall-through null.
- **hasEarnedThisPeriod** — null code; `earned!=null && signum()>0` : absent leg, present-but-zero leg, positive both-true.
- **ruleEarnSoFar / communityEarnSoFar / challengeBaseSoFar** — each: null-code arm → ZERO, absent arm → ZERO, present arm → value.

**Time (§24.6):** `CardContext` reads no clock — the fiscal instant is passed in. Used a fixed `LocalDateTime.of(2026,3,15,10,0)` constant; activation-window boundaries tested with the two straddling instants (`EVAL_DATE.minusDays(1)` end vs `EVAL_DATE` start), never the campaign day.

**BigDecimal** all asserted via `compareTo`. No Panache mocking needed (pure logic).

**Files read:** `CardContext.java`, `FidelityActivation.java`, `FidelityAccount.java` (constructor check), `CardContextBuilderTest.java` (style). **Iterations:** 1 (green first run; JaCoCo confirmed 46/46). No `src/main` changes; no bugs or testability obstacles found.
All branches covered. Done.

## Report — `com.intermarche.fidelity.rule.CardContext`

**Coverage:** instructions 199/199 (100%), **branches 46/46 (100%)**, lines 36/36, methods 8/8, complexity 31/31. No residue.

**Tests:** 28, all green (`Tests run: 28, Failures: 0, Errors: 0`).

**Branches enumerated & covered:**
- **Full constructor** — `account==null` (both arms), `evaluationDateTime==null` (both arms), `Math.max(0, monthlyVisits)` (negative → 0, zero, positive kept), and the 6 null-coalescing ternaries for `ruleMonthlyEarn` / `communityMonthlyEarn` / `globalMonthlyEarn` / `challengePeriodBase` / `membershipCommunityCodes` / `activations` (null and non-null arms each) + defensive-copy verification.
- **Convenience constructor** — covered via delegation.
- **isMemberOf** — `code!=null && contains` : null-code leg, non-member leg, both-true.
- **activationFor** — null-code early return; loop guard `ruleCode.equals(...) && isActiveOn(...)` : rule-mismatch leg, matching-but-inactive leg (window ends day before eval), both-true (window opens on eval day) + fall-through null.
- **hasEarnedThisPeriod** — null code; `earned!=null && signum()>0` : absent leg, present-but-zero leg, positive both-true.
- **ruleEarnSoFar / communityEarnSoFar / challengeBaseSoFar** — each: null-code arm → ZERO, absent arm → ZERO, present arm → value.

**Time (§24.6):** `CardContext` reads no clock — the fiscal instant is passed in. Used a fixed `LocalDateTime.of(2026,3,15,10,0)` constant; activation-window boundaries tested with the two straddling instants (`EVAL_DATE.minusDays(1)` end vs `EVAL_DATE` start), never the campaign day.

**BigDecimal** all asserted via `compareTo`. No Panache mocking needed (pure logic).

**Files read:** `CardContext.java`, `FidelityActivation.java`, `FidelityAccount.java` (constructor check), `CardContextBuilderTest.java` (style). **Iterations:** 1 (green first run; JaCoCo confirmed 46/46). No `src/main` changes; no bugs or testability obstacles found.
=== com.intermarche.fidelity.rule.EarnEntry ===
=== com.intermarche.fidelity.rule.EarnEntry ===
All green. JaCoCo confirms full coverage.

## Report — `com.intermarche.fidelity.rule.EarnEntry`

- **Branches: 8/8 (100 %)** · Instructions: 76/76 (100 %) · Lines: 12/12 · Methods: 5/5 · Complexity 9/9.
- **Iterations:** 1 (green on first run, 100 % branch on first verify — no residue).
- **Files read:** `EarnEntry.java` (target), `CardContextTest.java` (sibling for style).
- **Test class:** `src/test/java/com/intermarche/fidelity/rule/EarnEntryTest.java` (14 cases, new).

**Branches covered:**
- Constructor `requireNonNull(ruleCode)` — both arms (null throws, non-null passes).
- Constructor `requireNonNull(label)` — both arms (ruleCode present, label null throws).
- `lineIds == null ? List.of() : List.copyOf(lineIds)` — null arm + non-null arm (asserted defensive/immutable).
- `scale`'s `value != null ? value : ZERO` — null arm (amount and base) + non-null arm; plus HALF_UP rounding at the cent (`2.005→2.01`, `1.004→1.00`).
- `isEmpty`'s `amount.signum() <= 0 || lineIds.isEmpty()` — leg1 negative, leg1 zero (boundary), leg2 empty-lines, and both-false (producing entry).
- `none` factory and `toString` exercised.

No `DateTimeProvider`/Panache needed — `EarnEntry` is a side-effect-free value object. Every amount asserted by `compareTo` at scale 2. `src/main` untouched; only the test class added.
All green. JaCoCo confirms full coverage.

## Report — `com.intermarche.fidelity.rule.EarnEntry`

- **Branches: 8/8 (100 %)** · Instructions: 76/76 (100 %) · Lines: 12/12 · Methods: 5/5 · Complexity 9/9.
- **Iterations:** 1 (green on first run, 100 % branch on first verify — no residue).
- **Files read:** `EarnEntry.java` (target), `CardContextTest.java` (sibling for style).
- **Test class:** `src/test/java/com/intermarche/fidelity/rule/EarnEntryTest.java` (14 cases, new).

**Branches covered:**
- Constructor `requireNonNull(ruleCode)` — both arms (null throws, non-null passes).
- Constructor `requireNonNull(label)` — both arms (ruleCode present, label null throws).
- `lineIds == null ? List.of() : List.copyOf(lineIds)` — null arm + non-null arm (asserted defensive/immutable).
- `scale`'s `value != null ? value : ZERO` — null arm (amount and base) + non-null arm; plus HALF_UP rounding at the cent (`2.005→2.01`, `1.004→1.00`).
- `isEmpty`'s `amount.signum() <= 0 || lineIds.isEmpty()` — leg1 negative, leg1 zero (boundary), leg2 empty-lines, and both-false (producing entry).
- `none` factory and `toString` exercised.

No `DateTimeProvider`/Panache needed — `EarnEntry` is a side-effect-free value object. Every amount asserted by `compareTo` at scale 2. `src/main` untouched; only the test class added.
=== com.intermarche.fidelity.rule.EarnRuleApplier ===
=== com.intermarche.fidelity.rule.EarnRuleApplier ===
Green and fully covered. Report below.

## Report — `com.intermarche.fidelity.rule.EarnRuleApplier`

**Nature of the target.** `EarnRuleApplier` is the SPI **interface** (§12, I10). Its only executable production code is two default methods; `apply(...)` is abstract and belongs to each concrete applier's own test.

**Branches enumerated before writing:**
- `isProducer()` — single `return true`, **0 branches**.
- `excludedLineIds(List)` — single `return Set.of()`, **0 branches** (the Javadoc's "null list yields empty set" is a contract, not a code branch; I still assert both the non-null and null input arms per §29's both-arms discipline).

**Approach.** Plain unit, no `@QuarkusTest`, no H2, no clock, no Panache — the interface is pure logic (§30.2). A minimal in-memory `DefaultApplier` supplies only `apply` and inherits both defaults, which are asserted directly. No `DateTimeProvider` involved (no temporal logic in this type).

**Tests added (4):** `isProducer` → true; `excludedLineIds` empty for non-null basket; empty for null basket; returns the shared immutable empty set across calls.

**Coverage (JaCoCo, target class):**
- Instructions: 4/4 = **100 %**
- **Branches: 0/0 (n/a — no branches in the type)**
- Methods: 2/2 default methods covered; Cxty 2/2; 0 missed lines.
- Residue: none.

**Files read:** `EarnRuleApplier.java` (target), `EarnEntry.java` (for `none(...)`), `EarnEntryTest.java` (style), signatures of `ValuedLine`/`CardContext`.

**Iterations:** 1 (green on first `test`, confirmed on `verify`).

**Scope:** only `src/test/.../EarnRuleApplierTest.java` created; `src/main` untouched. No bug or testability obstacle found.
Green and fully covered. Report below.

## Report — `com.intermarche.fidelity.rule.EarnRuleApplier`

**Nature of the target.** `EarnRuleApplier` is the SPI **interface** (§12, I10). Its only executable production code is two default methods; `apply(...)` is abstract and belongs to each concrete applier's own test.

**Branches enumerated before writing:**
- `isProducer()` — single `return true`, **0 branches**.
- `excludedLineIds(List)` — single `return Set.of()`, **0 branches** (the Javadoc's "null list yields empty set" is a contract, not a code branch; I still assert both the non-null and null input arms per §29's both-arms discipline).

**Approach.** Plain unit, no `@QuarkusTest`, no H2, no clock, no Panache — the interface is pure logic (§30.2). A minimal in-memory `DefaultApplier` supplies only `apply` and inherits both defaults, which are asserted directly. No `DateTimeProvider` involved (no temporal logic in this type).

**Tests added (4):** `isProducer` → true; `excludedLineIds` empty for non-null basket; empty for null basket; returns the shared immutable empty set across calls.

**Coverage (JaCoCo, target class):**
- Instructions: 4/4 = **100 %**
- **Branches: 0/0 (n/a — no branches in the type)**
- Methods: 2/2 default methods covered; Cxty 2/2; 0 missed lines.
- Residue: none.

**Files read:** `EarnRuleApplier.java` (target), `EarnEntry.java` (for `none(...)`), `EarnEntryTest.java` (style), signatures of `ValuedLine`/`CardContext`.

**Iterations:** 1 (green on first `test`, confirmed on `verify`).

**Scope:** only `src/test/.../EarnRuleApplierTest.java` created; `src/main` untouched. No bug or testability obstacle found.
=== com.intermarche.fidelity.rule.EarnRuleApplierFactory ===
=== com.intermarche.fidelity.rule.EarnRuleApplierFactory ===
**Stop / report (testability obstacle, one line):** `com.intermarche.fidelity.rule.EarnRuleApplierFactory` is a pure interface — 3 abstract methods, no fields, no default/static methods, zero executable bytecode — so it has **no branches and no lines to cover**; there is nothing to unit-test, and no test class should be generated for it (the concrete behavior lives in `AbstractEarnRuleApplierFactory`, already covered by `AbstractEarnRuleApplierFactoryTest`, and in the 7 concrete `appliers/*Factory` classes).

Want me to instead generate/complete tests for one of the concrete factories (e.g. `CalendarFamilyEarnFactory`, `ChallengeEarnFactory`, `CommunityEarnFactory`, `BrandTieredEarnFactory`, `ProgramExclusionFactory`, …) or for `EarnRuleRegistry`? Those have real branch logic worth covering.
**Stop / report (testability obstacle, one line):** `com.intermarche.fidelity.rule.EarnRuleApplierFactory` is a pure interface — 3 abstract methods, no fields, no default/static methods, zero executable bytecode — so it has **no branches and no lines to cover**; there is nothing to unit-test, and no test class should be generated for it (the concrete behavior lives in `AbstractEarnRuleApplierFactory`, already covered by `AbstractEarnRuleApplierFactoryTest`, and in the 7 concrete `appliers/*Factory` classes).

Want me to instead generate/complete tests for one of the concrete factories (e.g. `CalendarFamilyEarnFactory`, `ChallengeEarnFactory`, `CommunityEarnFactory`, `BrandTieredEarnFactory`, `ProgramExclusionFactory`, …) or for `EarnRuleRegistry`? Those have real branch logic worth covering.
=== com.intermarche.fidelity.rule.EarnRuleRegistry ===
=== com.intermarche.fidelity.rule.EarnRuleRegistry ===
Green, and JaCoCo reports full branch coverage.

## Report — `EarnRuleRegistry`

**Result:** BUILD SUCCESS · 26 tests, 0 failures.

**Branch coverage (JaCoCo):** **32/32 branches — 100 %**; instructions **264/264 — 100 %**. No residue.

**File created:** `src/test/java/com/intermarche/fidelity/rule/EarnRuleRegistryTest.java` (26 tests).

**Files read:** `EarnRuleRegistry.java` (target), `EarnRuleApplierFactory.java`, `EarnRuleApplier.java`, `FidelityRule.java` (fields `type`/`code`), one sibling `appliers` test for style.

**Iterations:** 1 write → test green (26/26) → verify → 100 % branches, no gap-filling needed. One cosmetic edit (replaced a convoluted ternary with `assertNotNull`).

**Branches exercised (both arms / each leg):**
- `onStart`: index success; `type == null` leg; `type.isBlank()` leg; non-blank pass; `previous != null` duplicate vs. first insert; schema compile success vs. `catch (RuntimeException)` (malformed schema).
- `hasFactory`: `type != null` false leg, `containsKey` false leg, both-true.
- `factoryFor`: null-arm, absent key, present key.
- `createApplier`: `rule == null` arm; `factory == null` arm; delegating arm (`assertSame` on factory-built applier).
- `validate`: type-null ternary arm + non-null; `schema == null` (null type, unregistered type); `spec == null` leg; `isBlank` leg; non-blank; `readTree` catch (malformed); `messages.isEmpty()` true vs. non-empty (sorted, 2 missing-required messages).
- `schemaFor`: null-arm, absent, present.
- `allSchemas` / `registeredTypes`: content + unmodifiable snapshot (`UnsupportedOperationException`).

**Notes:**
- Pure unit — no `@QuarkusTest`, no H2. The CDI `Instance<EarnRuleApplierFactory>` is a Mockito mock re-iterating an in-memory list; factories are mocks.
- **No `DateTimeProvider`/clock involvement:** this class carries no temporal logic (no window/visit/lease/`earnYear`), so the fixed-instant rule is N/A here — noted in the class Javadoc.
- No Panache static finder is touched, so no `mockStatic`/`mockConstruction` was needed.
- `src/main` untouched; only the test class added.
Green, and JaCoCo reports full branch coverage.

## Report — `EarnRuleRegistry`

**Result:** BUILD SUCCESS · 26 tests, 0 failures.

**Branch coverage (JaCoCo):** **32/32 branches — 100 %**; instructions **264/264 — 100 %**. No residue.

**File created:** `src/test/java/com/intermarche/fidelity/rule/EarnRuleRegistryTest.java` (26 tests).

**Files read:** `EarnRuleRegistry.java` (target), `EarnRuleApplierFactory.java`, `EarnRuleApplier.java`, `FidelityRule.java` (fields `type`/`code`), one sibling `appliers` test for style.

**Iterations:** 1 write → test green (26/26) → verify → 100 % branches, no gap-filling needed. One cosmetic edit (replaced a convoluted ternary with `assertNotNull`).

**Branches exercised (both arms / each leg):**
- `onStart`: index success; `type == null` leg; `type.isBlank()` leg; non-blank pass; `previous != null` duplicate vs. first insert; schema compile success vs. `catch (RuntimeException)` (malformed schema).
- `hasFactory`: `type != null` false leg, `containsKey` false leg, both-true.
- `factoryFor`: null-arm, absent key, present key.
- `createApplier`: `rule == null` arm; `factory == null` arm; delegating arm (`assertSame` on factory-built applier).
- `validate`: type-null ternary arm + non-null; `schema == null` (null type, unregistered type); `spec == null` leg; `isBlank` leg; non-blank; `readTree` catch (malformed); `messages.isEmpty()` true vs. non-empty (sorted, 2 missing-required messages).
- `schemaFor`: null-arm, absent, present.
- `allSchemas` / `registeredTypes`: content + unmodifiable snapshot (`UnsupportedOperationException`).

**Notes:**
- Pure unit — no `@QuarkusTest`, no H2. The CDI `Instance<EarnRuleApplierFactory>` is a Mockito mock re-iterating an in-memory list; factories are mocks.
- **No `DateTimeProvider`/clock involvement:** this class carries no temporal logic (no window/visit/lease/`earnYear`), so the fixed-instant rule is N/A here — noted in the class Javadoc.
- No Panache static finder is touched, so no `mockStatic`/`mockConstruction` was needed.
- `src/main` untouched; only the test class added.
=== com.intermarche.fidelity.rule.package-info ===
=== com.intermarche.fidelity.rule.package-info ===
`package-info.java` has no executable code — it is a package declaration plus Javadoc, so there are no methods, branches, or ternaries to cover and no class to instantiate. There is nothing a plain unit test can exercise, and JaCoCo reports no branches for it.

**Stop / report (one line):** `com.intermarche.fidelity.rule.package-info` is a documentation-only `package-info.java` — no testable code; no test class generated (out of scope for the per-class campaign).

If you meant a different target in that package (e.g. `EarnRuleRegistry`, `AbstractEarnRuleApplier`, `AbstractEarnRuleApplierFactory`, or one of the `appliers`), tell me which and I'll run the workflow on it.
`package-info.java` has no executable code — it is a package declaration plus Javadoc, so there are no methods, branches, or ternaries to cover and no class to instantiate. There is nothing a plain unit test can exercise, and JaCoCo reports no branches for it.

**Stop / report (one line):** `com.intermarche.fidelity.rule.package-info` is a documentation-only `package-info.java` — no testable code; no test class generated (out of scope for the per-class campaign).

If you meant a different target in that package (e.g. `EarnRuleRegistry`, `AbstractEarnRuleApplier`, `AbstractEarnRuleApplierFactory`, or one of the `appliers`), tell me which and I'll run the workflow on it.
=== com.intermarche.fidelity.rule.ValuedLine ===
=== com.intermarche.fidelity.rule.ValuedLine ===
Full coverage. All green.

## Report — `com.intermarche.fidelity.rule.ValuedLine`

- **Branch coverage: 10/10 (100 %)** — JaCoCo: `0 of 10` missed branches, `0 of 75` instructions missed, 15/15 lines, 5/5 methods.
- **Iterations:** 1 (green on first run, full coverage on first verify).
- **Files read:** `src/main/java/.../rule/ValuedLine.java` (target); `src/test/java/.../rule/CardContextTest.java` (style reference).

**Branches covered (both arms / each leg):**
- Constructor `requireNonNull(lineId)` — null (throws) / non-null.
- `quantity != null ? … : ZERO` — null / non-null.
- `scale()` ternary `value != null ? … : ZERO` — null arm (both HT & TTC) and non-null arm (both HT & TTC, HALF_UP rounding `1.005→1.01`, `2.344→2.34`).
- `consumedByCommercialOffer` field — true / false.
- `earnBaseAmount()` `signum() < 0 ? ZERO : net` — negative (clamp to `0.00` scale 2), positive (verbatim), and the zero boundary (non-negative arm).
- `isEarnCandidate()` `!consumed && net>0` — both legs true; leg 1 false (consumed, short-circuit); leg 2 false (zero net).

**Conventions:** plain unit (no `@QuarkusTest`/H2/Panache — pure carrier, none needed); every `BigDecimal` asserted by `compareTo` plus explicit `scale()==2` checks; Javadoc on every method; JUnit 5 assertions only; no blank lines in method bodies; English throughout. `src/main` untouched.

**Residue:** none.
Full coverage. All green.

## Report — `com.intermarche.fidelity.rule.ValuedLine`

- **Branch coverage: 10/10 (100 %)** — JaCoCo: `0 of 10` missed branches, `0 of 75` instructions missed, 15/15 lines, 5/5 methods.
- **Iterations:** 1 (green on first run, full coverage on first verify).
- **Files read:** `src/main/java/.../rule/ValuedLine.java` (target); `src/test/java/.../rule/CardContextTest.java` (style reference).

**Branches covered (both arms / each leg):**
- Constructor `requireNonNull(lineId)` — null (throws) / non-null.
- `quantity != null ? … : ZERO` — null / non-null.
- `scale()` ternary `value != null ? … : ZERO` — null arm (both HT & TTC) and non-null arm (both HT & TTC, HALF_UP rounding `1.005→1.01`, `2.344→2.34`).
- `consumedByCommercialOffer` field — true / false.
- `earnBaseAmount()` `signum() < 0 ? ZERO : net` — negative (clamp to `0.00` scale 2), positive (verbatim), and the zero boundary (non-negative arm).
- `isEarnCandidate()` `!consumed && net>0` — both legs true; leg 1 false (consumed, short-circuit); leg 2 false (zero net).

**Conventions:** plain unit (no `@QuarkusTest`/H2/Panache — pure carrier, none needed); every `BigDecimal` asserted by `compareTo` plus explicit `scale()==2` checks; Javadoc on every method; JUnit 5 assertions only; no blank lines in method bodies; English throughout. `src/main` untouched.

**Residue:** none.
## Résultat

**Build : vert.** `mvn verify -DskipITs` → **BUILD SUCCESS**, 372 tests, 0 échec / 0 erreur. (La stacktrace vue en cours de route est une exception *loggée* par un test négatif de schéma JSON, pas un échec.)

### Couverture de branches JaCoCo — `com.intermarche.fidelity.rule`

| Classe | Branches |
|---|---|
| EarnRuleRegistry | 32/32 (100 %) |
| AbstractEarnRuleApplierFactory | 6/6 (100 %) |
| EarnEntry | 8/8 (100 %) |
| CardContext | 46/46 (100 %) |
| ValuedLine | 10/10 (100 %) |
| EarnRuleApplier | 0/0 (n/a — aucune branche, interface) |
| **AbstractEarnRuleApplier** | **139/140 (99 %)** |

**Résidu justifié (1 branche)** — `AbstractEarnRuleApplier.java:330` :
`return value == null || value.isBlank() ? null : value.trim();`
La jambe `value == null` **vraie** est inatteignable : la ligne 326 garantit déjà `node.isTextual()`, donc `node.asText()` ne renvoie jamais `null`. C'est une garde de nullité défensive (CLAUDE.md « gardes de nullité sur tout parseur »). Périmètre STRICT : `src/main` n'est pas touché, donc le résidu reste tel quel.

### Classes sans test
- `EarnRuleApplierFactory` : **interface pure** (que des méthodes abstraites), aucun bytecode → absente du rapport JaCoCo, rien à couvrir. Pas de test dédié, mais rien à tester.
- `EarnRuleApplier` : interface, couverte via `EarnRuleApplierTest`.
- `package-info.java` : sans code.

Toutes les autres classes du package ont leur classe de test.

### Commit
Staged **uniquement** les 7 classes de test du package (CLAUDE.md et `.claude/` n'avaient aucun changement). Commit `2d95890` :
```
test: full branch coverage for com.intermarche.fidelity.rule
```
Aucun `git push`.
## Résultat

**Build : vert.** `mvn verify -DskipITs` → **BUILD SUCCESS**, 372 tests, 0 échec / 0 erreur. (La stacktrace vue en cours de route est une exception *loggée* par un test négatif de schéma JSON, pas un échec.)

### Couverture de branches JaCoCo — `com.intermarche.fidelity.rule`

| Classe | Branches |
|---|---|
| EarnRuleRegistry | 32/32 (100 %) |
| AbstractEarnRuleApplierFactory | 6/6 (100 %) |
| EarnEntry | 8/8 (100 %) |
| CardContext | 46/46 (100 %) |
| ValuedLine | 10/10 (100 %) |
| EarnRuleApplier | 0/0 (n/a — aucune branche, interface) |
| **AbstractEarnRuleApplier** | **139/140 (99 %)** |

**Résidu justifié (1 branche)** — `AbstractEarnRuleApplier.java:330` :
`return value == null || value.isBlank() ? null : value.trim();`
La jambe `value == null` **vraie** est inatteignable : la ligne 326 garantit déjà `node.isTextual()`, donc `node.asText()` ne renvoie jamais `null`. C'est une garde de nullité défensive (CLAUDE.md « gardes de nullité sur tout parseur »). Périmètre STRICT : `src/main` n'est pas touché, donc le résidu reste tel quel.

### Classes sans test
- `EarnRuleApplierFactory` : **interface pure** (que des méthodes abstraites), aucun bytecode → absente du rapport JaCoCo, rien à couvrir. Pas de test dédié, mais rien à tester.
- `EarnRuleApplier` : interface, couverte via `EarnRuleApplierTest`.
- `package-info.java` : sans code.

Toutes les autres classes du package ont leur classe de test.

### Commit
Staged **uniquement** les 7 classes de test du package (CLAUDE.md et `.claude/` n'avaient aucun changement). Commit `2d95890` :
```
test: full branch coverage for com.intermarche.fidelity.rule
```
Aucun `git push`.
PASS: rule — expected commit is HEAD.
PASS: rule — expected commit is HEAD.
########## package com.intermarche.fidelity.ingestion ##########
########## package com.intermarche.fidelity.ingestion ##########
=== com.intermarche.fidelity.ingestion.EventDtos ===
=== com.intermarche.fidelity.ingestion.EventDtos ===
No `nc`/`pc` lines — everything is fully covered, including the private constructor. Done.

## Report — `com.intermarche.fidelity.ingestion.EventDtos`

**Branch count: 0/0 — 100%.** The class is a branch-free Jackson DTO holder: a private no-op constructor plus five nested static carrier classes (`TicketClosed`, `DisplayedEarn`, `TicketReturn`, `ReturnLine`, `RefundToCard`) with public fields and two collections seeded non-null (§31.2). No guards, ternaries, or divisions exist, so there is nothing to cover by leg — the CLAUDE.md guard/division mandates are vacuously satisfied.

**Coverage (JaCoCo):**
- All five nested classes: 100% instruction, branch `n/a` (0 branches).
- Outer holder: private constructor exercised by reflection → fully covered (`fc`); no `nc`/`pc` lines anywhere in `EventDtos.java`.

**What the 12 tests assert:**
- Fresh-default nulls for every optional field of all five classes.
- The two trace collections (`TicketClosed.displayedEarn`, `TicketReturn.lines`) default to non-null empty lists (§31.2).
- Each field carries the exact reference/value assigned (`assertSame` for objects/dates, verbatim for scalars).
- Both `BigDecimal` amounts (`DisplayedEarn.amount`, `RefundToCard.amount`) compared by `compareTo` so scale can't mask equality (`1.5` vs `1.50`, `12` vs `12.00`).
- The holder's single constructor is private and runs without effect (reflection).

**Time:** no clock read — the class carries no temporal logic; fiscal `LocalDate` fields are treated as plain carriers (fixed `2026-01-01` and `2025-12-31` literals).

**Files read:** `EventDtos.java` (target); `EarnRequestTest.java` and `AbstractEarnRuleApplierFactoryTest.java` (style/reflection reference). **Iterations:** 1 (green on first run; one unused-import cleanup). **Residue:** none. **src/main:** untouched.
No `nc`/`pc` lines — everything is fully covered, including the private constructor. Done.

## Report — `com.intermarche.fidelity.ingestion.EventDtos`

**Branch count: 0/0 — 100%.** The class is a branch-free Jackson DTO holder: a private no-op constructor plus five nested static carrier classes (`TicketClosed`, `DisplayedEarn`, `TicketReturn`, `ReturnLine`, `RefundToCard`) with public fields and two collections seeded non-null (§31.2). No guards, ternaries, or divisions exist, so there is nothing to cover by leg — the CLAUDE.md guard/division mandates are vacuously satisfied.

**Coverage (JaCoCo):**
- All five nested classes: 100% instruction, branch `n/a` (0 branches).
- Outer holder: private constructor exercised by reflection → fully covered (`fc`); no `nc`/`pc` lines anywhere in `EventDtos.java`.

**What the 12 tests assert:**
- Fresh-default nulls for every optional field of all five classes.
- The two trace collections (`TicketClosed.displayedEarn`, `TicketReturn.lines`) default to non-null empty lists (§31.2).
- Each field carries the exact reference/value assigned (`assertSame` for objects/dates, verbatim for scalars).
- Both `BigDecimal` amounts (`DisplayedEarn.amount`, `RefundToCard.amount`) compared by `compareTo` so scale can't mask equality (`1.5` vs `1.50`, `12` vs `12.00`).
- The holder's single constructor is private and runs without effect (reflection).

**Time:** no clock read — the class carries no temporal logic; fiscal `LocalDate` fields are treated as plain carriers (fixed `2026-01-01` and `2025-12-31` literals).

**Files read:** `EventDtos.java` (target); `EarnRequestTest.java` and `AbstractEarnRuleApplierFactoryTest.java` (style/reflection reference). **Iterations:** 1 (green on first run; one unused-import cleanup). **Residue:** none. **src/main:** untouched.
=== com.intermarche.fidelity.ingestion.EventsResource ===
=== com.intermarche.fidelity.ingestion.EventsResource ===
Full coverage achieved. Here's the report.

## Report — `EventsResource`

**Branch coverage: 16/16 (100%)** — 0 missed (JaCoCo CSV: `BRANCH_MISSED=0, BRANCH_COVERED=16`). Instructions 56/56, lines 11/11, methods 3/3, complexity 12/12 — all fully covered.

**What was tested.** The resource is a thin guard-and-delegate with no clock, no `BigDecimal`, no division, so no `DateTimeProvider` mocking was needed. Every leg of both compound guards is exercised true-alone (§29.6):

- `ticketClosed` (`event == null || ticketRef == null || ticketRef.isBlank()`): null event, null ref, blank ref → each 400 with `verifyNoInteractions(service)`; all-false valid path → 202 with `verify(service).ingestClosed(event)`.
- `ticketReturn` (5 legs: null event, null/blank `returnTicketRef`, null/blank `originTicketRef`): each leg made true while the others are held false so no short-circuit masks it → 400; all-false valid path → 202 with `verify(service).ingestReturn(event)`.

**Architecture.** Plain unit — no `@QuarkusTest`, no H2. `IngestionService` is a Mockito mock set on the package-private `service` field (same-package access, no Panache/reflection). Each test is isolated via `@BeforeEach`.

**Files read:** `EventsResource.java`, `EventDtos.java`, `EventDtosTest.java` (style), plus `IngestionService.java` sizing only.

**Iterations:** 1 (green on first `test`; `verify`/JaCoCo confirmed 100%).

**Residue:** none.

**Scope:** only `src/test/.../EventsResourceTest.java` created; `src/main` untouched. No testability obstacles found.
Full coverage achieved. Here's the report.

## Report — `EventsResource`

**Branch coverage: 16/16 (100%)** — 0 missed (JaCoCo CSV: `BRANCH_MISSED=0, BRANCH_COVERED=16`). Instructions 56/56, lines 11/11, methods 3/3, complexity 12/12 — all fully covered.

**What was tested.** The resource is a thin guard-and-delegate with no clock, no `BigDecimal`, no division, so no `DateTimeProvider` mocking was needed. Every leg of both compound guards is exercised true-alone (§29.6):

- `ticketClosed` (`event == null || ticketRef == null || ticketRef.isBlank()`): null event, null ref, blank ref → each 400 with `verifyNoInteractions(service)`; all-false valid path → 202 with `verify(service).ingestClosed(event)`.
- `ticketReturn` (5 legs: null event, null/blank `returnTicketRef`, null/blank `originTicketRef`): each leg made true while the others are held false so no short-circuit masks it → 400; all-false valid path → 202 with `verify(service).ingestReturn(event)`.

**Architecture.** Plain unit — no `@QuarkusTest`, no H2. `IngestionService` is a Mockito mock set on the package-private `service` field (same-package access, no Panache/reflection). Each test is isolated via `@BeforeEach`.

**Files read:** `EventsResource.java`, `EventDtos.java`, `EventDtosTest.java` (style), plus `IngestionService.java` sizing only.

**Iterations:** 1 (green on first `test`; `verify`/JaCoCo confirmed 100%).

**Residue:** none.

**Scope:** only `src/test/.../EventsResourceTest.java` created; `src/main` untouched. No testability obstacles found.
=== com.intermarche.fidelity.ingestion.IngestionService ===
=== com.intermarche.fidelity.ingestion.IngestionService ===
Complete. All green with full branch coverage.

## Report — `com.intermarche.fidelity.ingestion.IngestionService`

**Result:** 58 tests, 0 failures/errors. `mvn -Dtest=IngestionServiceTest -DskipITs verify` passes.

**JaCoCo (target class):**
- **Branches: 138/138 = 100 %** (0 missed)
- Instructions: 976/976 = 100 %
- Lines: 211/211 = 100 %
- Methods: 21/21 = 100 %
- **Justified residue: none.**

**Approach**
- Pure unit — no `@QuarkusTest`, no H2. Collaborators (`ValuationReader`, `EarnEngine`, `LedgerService`, `ObjectMapper`) mocked and injected into the package-private fields.
- Time fixed via `DateTimeProvider.setFixedDateTime(FIXED)` / `clear()` (§24.6); `today()`/`nowAtProgram()` and lease-expiry legs asserted against the fixed instant, never the campaign day.
- Panache statics intercepted with `mockStatic` in try-with-resources: `EarnTrace`, `FidelityAccount`, `PendingReturn`, `FidelityMovement` (declared finders). The **inherited** `FidelityReservation.findById` is *not* intercepted by `mockStatic(FidelityReservation.class)` — it resolves on `PanacheEntityBase`, so it is mocked via `mockStatic(PanacheEntityBase.class)` (as CLAUDE.md prescribes).
- `new EarnTrace()`/`new EarnTraceLine()`/`new PendingReturn()` neutralized with `mockConstruction` (initializer re-seeds the `lines`/`warnings` collections the object initializers would otherwise skip). Origin trace lines are mocks so their `persist()` is a no-op while `lineDebit` mutates their real fields.
- Pure helpers (`lineDebit`, `addTraceLines`, `resolveCardNumber`, `displayedTotal`, `collectWarnings`, `toJson`) driven by reflection to assert arithmetic to the cent; every `BigDecimal` compared with `compareTo`.

**Branch legs covered** (highlights): the 3-leg `CARD_MISMATCH` guard; both account-null routes (null card vs. `resolveActive` null); RESILIATED (§34.2); reconciliation-catch → FAILED; `EARN_MISMATCH` displayed vs. recalc (all three states of the `displayed != null && compareTo != 0` guard); reservation confirmation (null / CONFIRMED / RELEASED / unlockable / EXPIRED-state / active-lapsed / live-lease); hold-vs-process routing and already-held idempotency (§29.3); return-debit both idempotency and transfer-chain legs; `applyReturnDebit` (null line, null lineId, quantity present/defaulted, match/no-match, positive/zero debit, per-rule merge reuse); `lineDebit` (null/zero quantity → denominator 1, fully-returned, zero requested, residual bound, zero residual); `applyRefundToCard` 4-leg refund guard + 2-leg account guard + idempotency; replay empty/success/exception; `toJson` null/success/failure.

**Protected division (§31.2):** `lineDebit`’s `thisQty.divide(originalQty, …)` — `originalQty` is guaranteed strictly positive by the preceding `quantity>0 ? quantity : ONE` guard, so a zero denominator is unreachable; both `quantity==null` and `quantity<=0` legs (denominator → 1) are exercised. All prorata splits in `addTraceLines` cover the `totalBase > 0` and `totalBase == 0` arms.

**Files read:** `IngestionService`, `EventDtos`, `DateTimeProvider`, `FidelityAccount`, `EarnTrace`, `EarnTraceLine`, `FidelityReservation`, `PendingReturn`, `FidelityMovement`, `MovementType`, `ReservationState`, `AccountStatus`, `LedgerService`, `EarnEngine`, `EarnResult`, `EarnResponse`, `ValuationReader`, `ValuationReading`, `ValuationReconciliationException`, `WarningCode`, `ValuedLine`, `ValuationRequest/Response`, `BaseEntity`; `EarnEngineTest`/`EventsResourceTest` for the house mocking style.

**Iterations:** 3 — (1) checked exception on a `writeValueAsString` stub outside try; (2) 8 reservation tests failing because `mockStatic(FidelityReservation)` doesn't intercept the inherited `findById` → switched to `mockStatic(PanacheEntityBase)`; (3) green, then 100 % branches confirmed.

**Scope:** no `src/main` changes; only the new test class was added. No bugs or testability obstacles found.
Complete. All green with full branch coverage.

## Report — `com.intermarche.fidelity.ingestion.IngestionService`

**Result:** 58 tests, 0 failures/errors. `mvn -Dtest=IngestionServiceTest -DskipITs verify` passes.

**JaCoCo (target class):**
- **Branches: 138/138 = 100 %** (0 missed)
- Instructions: 976/976 = 100 %
- Lines: 211/211 = 100 %
- Methods: 21/21 = 100 %
- **Justified residue: none.**

**Approach**
- Pure unit — no `@QuarkusTest`, no H2. Collaborators (`ValuationReader`, `EarnEngine`, `LedgerService`, `ObjectMapper`) mocked and injected into the package-private fields.
- Time fixed via `DateTimeProvider.setFixedDateTime(FIXED)` / `clear()` (§24.6); `today()`/`nowAtProgram()` and lease-expiry legs asserted against the fixed instant, never the campaign day.
- Panache statics intercepted with `mockStatic` in try-with-resources: `EarnTrace`, `FidelityAccount`, `PendingReturn`, `FidelityMovement` (declared finders). The **inherited** `FidelityReservation.findById` is *not* intercepted by `mockStatic(FidelityReservation.class)` — it resolves on `PanacheEntityBase`, so it is mocked via `mockStatic(PanacheEntityBase.class)` (as CLAUDE.md prescribes).
- `new EarnTrace()`/`new EarnTraceLine()`/`new PendingReturn()` neutralized with `mockConstruction` (initializer re-seeds the `lines`/`warnings` collections the object initializers would otherwise skip). Origin trace lines are mocks so their `persist()` is a no-op while `lineDebit` mutates their real fields.
- Pure helpers (`lineDebit`, `addTraceLines`, `resolveCardNumber`, `displayedTotal`, `collectWarnings`, `toJson`) driven by reflection to assert arithmetic to the cent; every `BigDecimal` compared with `compareTo`.

**Branch legs covered** (highlights): the 3-leg `CARD_MISMATCH` guard; both account-null routes (null card vs. `resolveActive` null); RESILIATED (§34.2); reconciliation-catch → FAILED; `EARN_MISMATCH` displayed vs. recalc (all three states of the `displayed != null && compareTo != 0` guard); reservation confirmation (null / CONFIRMED / RELEASED / unlockable / EXPIRED-state / active-lapsed / live-lease); hold-vs-process routing and already-held idempotency (§29.3); return-debit both idempotency and transfer-chain legs; `applyReturnDebit` (null line, null lineId, quantity present/defaulted, match/no-match, positive/zero debit, per-rule merge reuse); `lineDebit` (null/zero quantity → denominator 1, fully-returned, zero requested, residual bound, zero residual); `applyRefundToCard` 4-leg refund guard + 2-leg account guard + idempotency; replay empty/success/exception; `toJson` null/success/failure.

**Protected division (§31.2):** `lineDebit`’s `thisQty.divide(originalQty, …)` — `originalQty` is guaranteed strictly positive by the preceding `quantity>0 ? quantity : ONE` guard, so a zero denominator is unreachable; both `quantity==null` and `quantity<=0` legs (denominator → 1) are exercised. All prorata splits in `addTraceLines` cover the `totalBase > 0` and `totalBase == 0` arms.

**Files read:** `IngestionService`, `EventDtos`, `DateTimeProvider`, `FidelityAccount`, `EarnTrace`, `EarnTraceLine`, `FidelityReservation`, `PendingReturn`, `FidelityMovement`, `MovementType`, `ReservationState`, `AccountStatus`, `LedgerService`, `EarnEngine`, `EarnResult`, `EarnResponse`, `ValuationReader`, `ValuationReading`, `ValuationReconciliationException`, `WarningCode`, `ValuedLine`, `ValuationRequest/Response`, `BaseEntity`; `EarnEngineTest`/`EventsResourceTest` for the house mocking style.

**Iterations:** 3 — (1) checked exception on a `writeValueAsString` stub outside try; (2) 8 reservation tests failing because `mockStatic(FidelityReservation)` doesn't intercept the inherited `findById` → switched to `mockStatic(PanacheEntityBase)`; (3) green, then 100 % branches confirmed.

**Scope:** no `src/main` changes; only the new test class was added. No bugs or testability obstacles found.
Tout est vert et le commit est fait. Résumé :

## Build
`mvn -q verify -DskipITs` → **BUILD SUCCESS**, 452 tests, 0 failures / 0 errors. (Le stacktrace visible en cours de log est un chemin d'erreur volontairement exercé et loggé par un test — pas un échec.)

## Couverture de branches JaCoCo — `com.intermarche.fidelity.ingestion`
| Classe | Branches |
|---|---|
| `IngestionService` | **138/138 (100%)** |
| `EventsResource` | **16/16 (100%)** |
| `EventDtos.TicketClosed` | 0/0 (100%) |
| `EventDtos.TicketReturn` | 0/0 (100%) |
| `EventDtos.ReturnLine` | 0/0 (100%) |
| `EventDtos.RefundToCard` | 0/0 (100%) |
| `EventDtos.DisplayedEarn` | 0/0 (100%) |

Les records imbriqués d'`EventDtos` n'ont aucune branche (0/0). **Aucune classe sans test** : les 3 classes de production (`EventDtos`, `EventsResource`, `IngestionService`) ont chacune leur classe de test.

## Commit
- `.claude/` et `CLAUDE.md` : **inchangés** → non stagés.
- Stagé uniquement les 3 tests du package, commité :

```
58bf779 test: full branch coverage for com.intermarche.fidelity.ingestion
 3 files changed, 1938 insertions(+)
```

Aucun `git push` effectué.
Tout est vert et le commit est fait. Résumé :

## Build
`mvn -q verify -DskipITs` → **BUILD SUCCESS**, 452 tests, 0 failures / 0 errors. (Le stacktrace visible en cours de log est un chemin d'erreur volontairement exercé et loggé par un test — pas un échec.)

## Couverture de branches JaCoCo — `com.intermarche.fidelity.ingestion`
| Classe | Branches |
|---|---|
| `IngestionService` | **138/138 (100%)** |
| `EventsResource` | **16/16 (100%)** |
| `EventDtos.TicketClosed` | 0/0 (100%) |
| `EventDtos.TicketReturn` | 0/0 (100%) |
| `EventDtos.ReturnLine` | 0/0 (100%) |
| `EventDtos.RefundToCard` | 0/0 (100%) |
| `EventDtos.DisplayedEarn` | 0/0 (100%) |

Les records imbriqués d'`EventDtos` n'ont aucune branche (0/0). **Aucune classe sans test** : les 3 classes de production (`EventDtos`, `EventsResource`, `IngestionService`) ont chacune leur classe de test.

## Commit
- `.claude/` et `CLAUDE.md` : **inchangés** → non stagés.
- Stagé uniquement les 3 tests du package, commité :

```
58bf779 test: full branch coverage for com.intermarche.fidelity.ingestion
 3 files changed, 1938 insertions(+)
```

Aucun `git push` effectué.
PASS: ingestion — expected commit is HEAD.
PASS: ingestion — expected commit is HEAD.
########## package com.intermarche.fidelity.burn ##########
########## package com.intermarche.fidelity.burn ##########
=== com.intermarche.fidelity.burn.ReservationDtos ===
=== com.intermarche.fidelity.burn.ReservationDtos ===
All classes at 100% instruction coverage, 0 missed branches, 0 missed methods. The holder's private constructor is exercised via reflection (source file: 100%, 0 missed branches). Done.

## Report — `com.intermarche.fidelity.burn.ReservationDtos`

**Branch count: 0/0** — the class is a branch-free Jackson DTO holder (no guards, ternaries, loops, or divisions). Coverage is therefore instruction/line-based.

**Coverage: 100 %** (instructions), **0 missed branches**, **0 missed methods**, across the holder + 4 nested classes:
- `ReservationDtos` private holder constructor — 100 % (reached by reflection)
- `ReservationRequest` — 100 %
- `ReservationResponse` — 100 %
- `ConfirmRequest` — 100 %
- `RejectedReason` — 100 %

**Cases written** (13 tests): private holder constructor via reflection; per-DTO null defaults; per-DTO field-carrier round-trips; explicit constructors of `ReservationResponse` and `RejectedReason` with both non-null and null arguments; a construct-without-throwing sweep. `BigDecimal amount` asserted by `compareTo` (§30.5). No temporal logic exists in this class, so no `DateTimeProvider` was needed; no Panache statics to mock.

**Files read:** `ReservationDtos.java` (target); `EventDtosTest.java` (mirrored style); JaCoCo report for the class.

**Iterations:** 1 (green on first `test` and `verify`).

**Justified residue:** none.

**Out of scope, one line:** `git status` shows many pre-existing uncommitted `src/main` changes and stray artifacts (`src.zip`, `campaign-unit.log`, `reports/`) unrelated to this task — untouched, just flagging.
All classes at 100% instruction coverage, 0 missed branches, 0 missed methods. The holder's private constructor is exercised via reflection (source file: 100%, 0 missed branches). Done.

## Report — `com.intermarche.fidelity.burn.ReservationDtos`

**Branch count: 0/0** — the class is a branch-free Jackson DTO holder (no guards, ternaries, loops, or divisions). Coverage is therefore instruction/line-based.

**Coverage: 100 %** (instructions), **0 missed branches**, **0 missed methods**, across the holder + 4 nested classes:
- `ReservationDtos` private holder constructor — 100 % (reached by reflection)
- `ReservationRequest` — 100 %
- `ReservationResponse` — 100 %
- `ConfirmRequest` — 100 %
- `RejectedReason` — 100 %

**Cases written** (13 tests): private holder constructor via reflection; per-DTO null defaults; per-DTO field-carrier round-trips; explicit constructors of `ReservationResponse` and `RejectedReason` with both non-null and null arguments; a construct-without-throwing sweep. `BigDecimal amount` asserted by `compareTo` (§30.5). No temporal logic exists in this class, so no `DateTimeProvider` was needed; no Panache statics to mock.

**Files read:** `ReservationDtos.java` (target); `EventDtosTest.java` (mirrored style); JaCoCo report for the class.

**Iterations:** 1 (green on first `test` and `verify`).

**Justified residue:** none.

**Out of scope, one line:** `git status` shows many pre-existing uncommitted `src/main` changes and stray artifacts (`src.zip`, `campaign-unit.log`, `reports/`) unrelated to this task — untouched, just flagging.
=== com.intermarche.fidelity.burn.ReservationResource ===
=== com.intermarche.fidelity.burn.ReservationResource ===
100% branch coverage achieved.

## Report — `com.intermarche.fidelity.burn.ReservationResource`

**Branches: 12/12 (100%)** · Instructions 105/105 · Lines 21/21 · Methods 4/4 — no residue.

**Branches covered (all in the test class only):**
- `reserve` missing-payload guard — both arms: `null` → 400 (service untouched), non-null → dispatch.
- `reserve` `switch` over `ReserveOutcome.Status` — `CREATED`→201 (+body), `RENEWED`→200 (+body), `NOT_FOUND`→404, `CONFLICT`→409, `REJECTED`/default→422 (+typed reason). Request fields (`card`/`amount`/`ticketRef`) asserted forwarded verbatim.
- `confirm` `fiscalDate` ternary — true arm (non-null body forwards the date, captured) and false arm (null body forwards `null`, captured); crossed with the `switch` over `ConfirmOutcome`: `OK`→200, `NOT_FOUND`→404, `GONE`/default→410.
- `release` — always 204, delegates the id.

**Approach:** Plain unit — only `ReservationService` is mocked and wired on the package-private `service` field. No `@QuarkusTest`, no H2, no Panache static/construction mocking needed (the resource only reads `reservation.id`/`expiresAt` off a test-built entity). No real clock read — the echoed expiry/fiscal date are fixed constants the endpoint merely forwards (§24.6). `Long` ids compared via `Long.valueOf`; no `BigDecimal` assertions or divisions in this class.

**Files read (4):** `ReservationResource.java`, `ReservationService.java`, `ReservationDtos.java`, `FidelityReservation.java` (fields only); plus `EarnResourceTest.java` for the wiring idiom.

**Iterations:** 1 (green on first run; JaCoCo 100% first pass). One cleanup edit to drop two unused imports.

**Scope:** `src/main` untouched; only the new test class was created. No bug or testability obstacle found.
100% branch coverage achieved.

## Report — `com.intermarche.fidelity.burn.ReservationResource`

**Branches: 12/12 (100%)** · Instructions 105/105 · Lines 21/21 · Methods 4/4 — no residue.

**Branches covered (all in the test class only):**
- `reserve` missing-payload guard — both arms: `null` → 400 (service untouched), non-null → dispatch.
- `reserve` `switch` over `ReserveOutcome.Status` — `CREATED`→201 (+body), `RENEWED`→200 (+body), `NOT_FOUND`→404, `CONFLICT`→409, `REJECTED`/default→422 (+typed reason). Request fields (`card`/`amount`/`ticketRef`) asserted forwarded verbatim.
- `confirm` `fiscalDate` ternary — true arm (non-null body forwards the date, captured) and false arm (null body forwards `null`, captured); crossed with the `switch` over `ConfirmOutcome`: `OK`→200, `NOT_FOUND`→404, `GONE`/default→410.
- `release` — always 204, delegates the id.

**Approach:** Plain unit — only `ReservationService` is mocked and wired on the package-private `service` field. No `@QuarkusTest`, no H2, no Panache static/construction mocking needed (the resource only reads `reservation.id`/`expiresAt` off a test-built entity). No real clock read — the echoed expiry/fiscal date are fixed constants the endpoint merely forwards (§24.6). `Long` ids compared via `Long.valueOf`; no `BigDecimal` assertions or divisions in this class.

**Files read (4):** `ReservationResource.java`, `ReservationService.java`, `ReservationDtos.java`, `FidelityReservation.java` (fields only); plus `EarnResourceTest.java` for the wiring idiom.

**Iterations:** 1 (green on first run; JaCoCo 100% first pass). One cleanup edit to drop two unused imports.

**Scope:** `src/main` untouched; only the new test class was created. No bug or testability obstacle found.
=== com.intermarche.fidelity.burn.ReservationService ===
=== com.intermarche.fidelity.burn.ReservationService ===
Done. `ReservationServiceTest` created and passing with full branch coverage.

## Report

**Class under test:** `com.intermarche.fidelity.burn.ReservationService` — no prior test existed; created new.

**Branch count: 42/42 — 100 % branch coverage** (JaCoCo: `0 of 42` missed). Instructions: `0 of 249` missed — **100 %**. Verified via `target/site/jacoco/com.intermarche.fidelity.burn/ReservationService.html`.

**Tests: 23, all green** (`test` and `verify`).

**Branches covered (both arms / each leg):**
- `reserve`: `account == null`; `!canBurn()`; `amount != null` ternary (null → ZERO **and** non-null); `signum() <= 0` (null-amount, zero-amount → true); live-lease `active != null`; `isExpiredAt(now)` true→free-and-create; `ticketRef != null && ticketRef.equals(...)` — both-legs-true (renew), leg-2-false (other-ticket CONFLICT), leg-1-false (null-ticket CONFLICT); renew `want > balance` both arms; `hasBurnOn` true (DAILY_RULE); `want > available` both arms; create path.
- `leaseTtlSeconds`: `ttl > 0` (create, 1200 s) **and** `ttl <= 0` (renew, → default 900 s).
- `confirm`: `id == null` ternary both arms; `reservation == null`; `state == CONFIRMED`; `state != ACTIVE || isExpiredAt` — leg-1-true (RELEASED), leg-1-false+leg-2-true (ACTIVE-expired), both-false; `fiscalDate != null` ternary both arms.
- `release`: `id == null` ternary both arms; `reservation == null`; `state == ACTIVE` both arms.

**Method conventions:** plain unit only — no `@QuarkusTest`/H2. `LedgerService` and `ProgramClock` are Mockito mocks; static finders (`FidelityReservation.findActiveForAccount`, inherited `PanacheEntityBase.findById`, `FidelityMovement.hasBurnOn`, `FidelityProgramSetting.getInt`) are `mockStatic` in try-with-resources; the `new FidelityReservation()` create path neutralized with `mockConstruction`. Time fixed at `FIXED = 2026-03-15T10:00` via the mocked clock (plus `DateTimeProvider.setFixedDateTime`/`clear`), never the campaign day. All `BigDecimal` asserted by `compareTo`; amount `5.005 → 5.01` checks HALF_UP scale-2.

**Files read:** `ReservationService.java`, `FidelityReservation`, `FidelityAccount`, `FidelityMovement`, `FidelityProgramSetting`, `ReservationState`, `ProgramClock`, `LedgerService`, `DateTimeProvider` (API), and `IngestionServiceTest` (pattern reference).

**Iterations:** 1 (green on first compile/run; branch coverage 42/42 on first JaCoCo read).

**Justified residue:** none.

**Scope:** only the test class was added; `src/main` untouched. No bugs or testability obstacles found.
Done. `ReservationServiceTest` created and passing with full branch coverage.

## Report

**Class under test:** `com.intermarche.fidelity.burn.ReservationService` — no prior test existed; created new.

**Branch count: 42/42 — 100 % branch coverage** (JaCoCo: `0 of 42` missed). Instructions: `0 of 249` missed — **100 %**. Verified via `target/site/jacoco/com.intermarche.fidelity.burn/ReservationService.html`.

**Tests: 23, all green** (`test` and `verify`).

**Branches covered (both arms / each leg):**
- `reserve`: `account == null`; `!canBurn()`; `amount != null` ternary (null → ZERO **and** non-null); `signum() <= 0` (null-amount, zero-amount → true); live-lease `active != null`; `isExpiredAt(now)` true→free-and-create; `ticketRef != null && ticketRef.equals(...)` — both-legs-true (renew), leg-2-false (other-ticket CONFLICT), leg-1-false (null-ticket CONFLICT); renew `want > balance` both arms; `hasBurnOn` true (DAILY_RULE); `want > available` both arms; create path.
- `leaseTtlSeconds`: `ttl > 0` (create, 1200 s) **and** `ttl <= 0` (renew, → default 900 s).
- `confirm`: `id == null` ternary both arms; `reservation == null`; `state == CONFIRMED`; `state != ACTIVE || isExpiredAt` — leg-1-true (RELEASED), leg-1-false+leg-2-true (ACTIVE-expired), both-false; `fiscalDate != null` ternary both arms.
- `release`: `id == null` ternary both arms; `reservation == null`; `state == ACTIVE` both arms.

**Method conventions:** plain unit only — no `@QuarkusTest`/H2. `LedgerService` and `ProgramClock` are Mockito mocks; static finders (`FidelityReservation.findActiveForAccount`, inherited `PanacheEntityBase.findById`, `FidelityMovement.hasBurnOn`, `FidelityProgramSetting.getInt`) are `mockStatic` in try-with-resources; the `new FidelityReservation()` create path neutralized with `mockConstruction`. Time fixed at `FIXED = 2026-03-15T10:00` via the mocked clock (plus `DateTimeProvider.setFixedDateTime`/`clear`), never the campaign day. All `BigDecimal` asserted by `compareTo`; amount `5.005 → 5.01` checks HALF_UP scale-2.

**Files read:** `ReservationService.java`, `FidelityReservation`, `FidelityAccount`, `FidelityMovement`, `FidelityProgramSetting`, `ReservationState`, `ProgramClock`, `LedgerService`, `DateTimeProvider` (API), and `IngestionServiceTest` (pattern reference).

**Iterations:** 1 (green on first compile/run; branch coverage 42/42 on first JaCoCo read).

**Justified residue:** none.

**Scope:** only the test class was added; `src/main` untouched. No bugs or testability obstacles found.
Tout est vert et le commit est fait. Résumé :

## Build
`mvn -q verify -DskipITs` → **BUILD SUCCESS**, 496 tests, 0 échec / 0 erreur. (Les stack traces dans la sortie sont des logs de scénarios de test délibérés — `boom`, JSON invalide — pas des échecs.)

## Couverture de branches JaCoCo — `com.intermarche.fidelity.burn`
- `ReservationService` : **42/42 (100 %)**
- `ReservationResource` : **12/12 (100 %)**
- `ReservationDtos` : **0/0 (100 %)** — DTOs/records sans branche

**Aucune classe sans test** : les trois classes de production (`ReservationService`, `ReservationResource`, `ReservationDtos`) ont chacune leur classe de test.

## Commit
Seules les 3 classes de test du package `burn` ont été stagées et commitées (CLAUDE.md et `.claude/` n'ont pas changé, donc non inclus) :

```
0794758 test: full branch coverage for com.intermarche.fidelity.burn
 ReservationDtosTest.java     | 171 +
 ReservationResourceTest.java | 248 +
 ReservationServiceTest.java  | 604 +
```

Pas de `git push`, conformément à la consigne.
Tout est vert et le commit est fait. Résumé :

## Build
`mvn -q verify -DskipITs` → **BUILD SUCCESS**, 496 tests, 0 échec / 0 erreur. (Les stack traces dans la sortie sont des logs de scénarios de test délibérés — `boom`, JSON invalide — pas des échecs.)

## Couverture de branches JaCoCo — `com.intermarche.fidelity.burn`
- `ReservationService` : **42/42 (100 %)**
- `ReservationResource` : **12/12 (100 %)**
- `ReservationDtos` : **0/0 (100 %)** — DTOs/records sans branche

**Aucune classe sans test** : les trois classes de production (`ReservationService`, `ReservationResource`, `ReservationDtos`) ont chacune leur classe de test.

## Commit
Seules les 3 classes de test du package `burn` ont été stagées et commitées (CLAUDE.md et `.claude/` n'ont pas changé, donc non inclus) :

```
0794758 test: full branch coverage for com.intermarche.fidelity.burn
 ReservationDtosTest.java     | 171 +
 ReservationResourceTest.java | 248 +
 ReservationServiceTest.java  | 604 +
```

Pas de `git push`, conformément à la consigne.
PASS: burn — expected commit is HEAD.
PASS: burn — expected commit is HEAD.
########## package com.intermarche.fidelity.account ##########
########## package com.intermarche.fidelity.account ##########
=== com.intermarche.fidelity.account.AccountResource ===
=== com.intermarche.fidelity.account.AccountResource ===
Done. All green.

## Report — `AccountResource`

- **Branch coverage:** 6/6 JaCoCo branches — **100%** (instructions 53/53, 100%). No residue.
- **Iterations:** 1 (green on first run of both `test` and `verify`).
- **Files read:** `AccountResource.java` (target), `AccountService.java` + `AccountViews` (collaborator signatures/return types), `FidelityAccount.java` (static finder), `EarnResourceTest.java` (repo pattern reference).

### Branches enumerated & covered
- `account()` unknown-card guard — **null arm** (404, service untouched) + **non-null arm** (200 with summary).
- `movements()` unknown-card guard — **null arm** (404) + **non-null arm** (200).
- `Math.max(0, page)` — negative page → clamped to 0; positive page → passed through (verified via captured `(5,20)` / `(0,20)`).
- Size ternary `size <= 0 ? 50 : Math.min(size, 200)` — **`<= 0` arm** (default 50), **middle** (`0 < size <= 200`, forwarded verbatim), **cap arm** (`size > 200` → 200, §31.3).

### Notes
- Plain unit only: `AccountService` mocked and wired on the package-private field; `FidelityAccount.findByCardNumber` intercepted with `mockStatic` in try-with-resources. No `@QuarkusTest`, no H2.
- **No clock injected** — `AccountResource` reads no clock and owns no window/`earnYear` boundary; it only clamps and forwards pagination, so §24.6 has no surface here.
- Scope respected: only the new test class was added; `src/main` untouched. No bugs or testability obstacles found.
Done. All green.

## Report — `AccountResource`

- **Branch coverage:** 6/6 JaCoCo branches — **100%** (instructions 53/53, 100%). No residue.
- **Iterations:** 1 (green on first run of both `test` and `verify`).
- **Files read:** `AccountResource.java` (target), `AccountService.java` + `AccountViews` (collaborator signatures/return types), `FidelityAccount.java` (static finder), `EarnResourceTest.java` (repo pattern reference).

### Branches enumerated & covered
- `account()` unknown-card guard — **null arm** (404, service untouched) + **non-null arm** (200 with summary).
- `movements()` unknown-card guard — **null arm** (404) + **non-null arm** (200).
- `Math.max(0, page)` — negative page → clamped to 0; positive page → passed through (verified via captured `(5,20)` / `(0,20)`).
- Size ternary `size <= 0 ? 50 : Math.min(size, 200)` — **`<= 0` arm** (default 50), **middle** (`0 < size <= 200`, forwarded verbatim), **cap arm** (`size > 200` → 200, §31.3).

### Notes
- Plain unit only: `AccountService` mocked and wired on the package-private field; `FidelityAccount.findByCardNumber` intercepted with `mockStatic` in try-with-resources. No `@QuarkusTest`, no H2.
- **No clock injected** — `AccountResource` reads no clock and owns no window/`earnYear` boundary; it only clamps and forwards pagination, so §24.6 has no surface here.
- Scope respected: only the new test class was added; `src/main` untouched. No bugs or testability obstacles found.
=== com.intermarche.fidelity.account.AccountService ===
=== com.intermarche.fidelity.account.AccountService ===
Full coverage confirmed: **branches 18/18 (100%)**, instructions 270/270 (100%).

## Report — `com.intermarche.fidelity.account.AccountService`

- **Result:** 11 tests, all green; `verify` passes.
- **JaCoCo (target class):** **branches 18/18 = 100%**, instructions 270/270 = 100%, methods 5/5, lines 51/51. No residue.
- **Iterations:** 1 (green on first `test` run; JaCoCo full on first `verify`).

**Files read:** `AccountService.java` (target), `AccountViews.java`, `LedgerService.java` (head + `availableBalance` sig), `ProgramClock.java`, `FidelityRule.communityCodeFromSpec`, domain field/static signatures (`FidelityMovement`, `FidelityMembership`, `FidelityCommunity`, `FidelityRule`, `EarnTrace`, `FidelityProgramSetting`, `FidelityAccount`, `AccountStatus`, `MovementType`), and the sibling `AccountResourceTest.java` for the repo's mockStatic idiom.

**Branch legs covered:**
- `summary`: memberships loop empty vs non-empty; `community == null` (continue) vs non-null; `monthlyCap != null` both arms; rules loop empty vs non-empty; `monthlyCapPerCard != null` both arms; `getOrDefault` key-present vs default(ZERO).
- `communityUsed`: ruleEarn loop empty vs non-empty; `rule != null` false leg (finder null); `rule != null && communityCode.equals(...)` — mismatched-community leg and both-true (add) leg, with a multi-entry sum asserted to the cent (`9.50`).
- `movements`: page loop empty vs non-empty, every row field copied incl. nullable `ticketRef`/`ruleCode`/`reason`.

**Conventions honored:** plain unit (no `@QuarkusTest`/H2); `ProgramClock` and `LedgerService` mocked and wired on package-private fields; every static finder mocked in try-with-resources — custom statics via each entity class, the inherited Panache `count(...)` via `mockStatic(PanacheEntityBase.class)`; time fixed at a deterministic March 2026 window through the mocked clock (no real clock, §24.6); all `BigDecimal` asserted by `compareTo`; Javadoc on every method; JUnit 5 assertions only; no blank lines in method bodies. `src/main` untouched.

No bugs or testability obstacles found.
Full coverage confirmed: **branches 18/18 (100%)**, instructions 270/270 (100%).

## Report — `com.intermarche.fidelity.account.AccountService`

- **Result:** 11 tests, all green; `verify` passes.
- **JaCoCo (target class):** **branches 18/18 = 100%**, instructions 270/270 = 100%, methods 5/5, lines 51/51. No residue.
- **Iterations:** 1 (green on first `test` run; JaCoCo full on first `verify`).

**Files read:** `AccountService.java` (target), `AccountViews.java`, `LedgerService.java` (head + `availableBalance` sig), `ProgramClock.java`, `FidelityRule.communityCodeFromSpec`, domain field/static signatures (`FidelityMovement`, `FidelityMembership`, `FidelityCommunity`, `FidelityRule`, `EarnTrace`, `FidelityProgramSetting`, `FidelityAccount`, `AccountStatus`, `MovementType`), and the sibling `AccountResourceTest.java` for the repo's mockStatic idiom.

**Branch legs covered:**
- `summary`: memberships loop empty vs non-empty; `community == null` (continue) vs non-null; `monthlyCap != null` both arms; rules loop empty vs non-empty; `monthlyCapPerCard != null` both arms; `getOrDefault` key-present vs default(ZERO).
- `communityUsed`: ruleEarn loop empty vs non-empty; `rule != null` false leg (finder null); `rule != null && communityCode.equals(...)` — mismatched-community leg and both-true (add) leg, with a multi-entry sum asserted to the cent (`9.50`).
- `movements`: page loop empty vs non-empty, every row field copied incl. nullable `ticketRef`/`ruleCode`/`reason`.

**Conventions honored:** plain unit (no `@QuarkusTest`/H2); `ProgramClock` and `LedgerService` mocked and wired on package-private fields; every static finder mocked in try-with-resources — custom statics via each entity class, the inherited Panache `count(...)` via `mockStatic(PanacheEntityBase.class)`; time fixed at a deterministic March 2026 window through the mocked clock (no real clock, §24.6); all `BigDecimal` asserted by `compareTo`; Javadoc on every method; JUnit 5 assertions only; no blank lines in method bodies. `src/main` untouched.

No bugs or testability obstacles found.
=== com.intermarche.fidelity.account.AccountViews ===
=== com.intermarche.fidelity.account.AccountViews ===
All lines fully covered (`fc`), no missed or partial lines. The class is a branchless DTO holder, so branch coverage is 0/0 (n/a) and line/instruction coverage is 100%.

## Report — `com.intermarche.fidelity.account.AccountViews`

**Test class:** `src/test/java/com/intermarche/fidelity/account/AccountViewsTest.java` (created; no prior test existed).

**Nature of the class.** `AccountViews` is a non-instantiable holder of the §27.2 read DTOs (`Summary`, `CapView`, `MembershipView`, `MovementPage`, `MovementView`). It carries **zero conditional logic** — no guards, no ternaries, no divisions, no clock access. Coverage is therefore about instantiation and field carriage, not branch legs.

**Branch count:** **0/0** (no branches exist) → **100%** line & instruction coverage on all six units (`AccountViews` + 5 nested). JaCoCo source report: every line `fc` (fully covered), no `nc`/`pc`.

**What the 8 tests exercise:**
- Private holder constructor via reflection (asserts it's `private`, then invokes it).
- `Summary`: never-null empty `monthlyCaps`/`memberships` initializers, default `monthVisits`, and every mutable field; `BigDecimal` fields asserted by `compareTo` at scale 2.
- `CapView` constructor (scope + both amounts).
- `MembershipView` constructor — both arms of the optional end date: closed (non-null `validTo`) and open (null `validTo`).
- `MovementPage`: never-null empty `items`, default `totalCount`.
- `MovementView` — optional `ticketRef`/`ruleCode`/`reason` set (§29.4, §32.1) and left null; signed (negative) amount carried verbatim, compared by `compareTo`.

**Files read:** `AccountViews.java` (target), `AccountServiceTest.java` (style reference only).

**Iterations:** 1 — compiled and passed green first run; `verify` confirmed 100% on the first pass.

**Justified residue:** none. No branches to leave uncovered.

**Scope:** no `src/main` change; only the new test class. No testability obstacles found.
All lines fully covered (`fc`), no missed or partial lines. The class is a branchless DTO holder, so branch coverage is 0/0 (n/a) and line/instruction coverage is 100%.

## Report — `com.intermarche.fidelity.account.AccountViews`

**Test class:** `src/test/java/com/intermarche/fidelity/account/AccountViewsTest.java` (created; no prior test existed).

**Nature of the class.** `AccountViews` is a non-instantiable holder of the §27.2 read DTOs (`Summary`, `CapView`, `MembershipView`, `MovementPage`, `MovementView`). It carries **zero conditional logic** — no guards, no ternaries, no divisions, no clock access. Coverage is therefore about instantiation and field carriage, not branch legs.

**Branch count:** **0/0** (no branches exist) → **100%** line & instruction coverage on all six units (`AccountViews` + 5 nested). JaCoCo source report: every line `fc` (fully covered), no `nc`/`pc`.

**What the 8 tests exercise:**
- Private holder constructor via reflection (asserts it's `private`, then invokes it).
- `Summary`: never-null empty `monthlyCaps`/`memberships` initializers, default `monthVisits`, and every mutable field; `BigDecimal` fields asserted by `compareTo` at scale 2.
- `CapView` constructor (scope + both amounts).
- `MembershipView` constructor — both arms of the optional end date: closed (non-null `validTo`) and open (null `validTo`).
- `MovementPage`: never-null empty `items`, default `totalCount`.
- `MovementView` — optional `ticketRef`/`ruleCode`/`reason` set (§29.4, §32.1) and left null; signed (negative) amount carried verbatim, compared by `compareTo`.

**Files read:** `AccountViews.java` (target), `AccountServiceTest.java` (style reference only).

**Iterations:** 1 — compiled and passed green first run; `verify` confirmed 100% on the first pass.

**Justified residue:** none. No branches to leave uncovered.

**Scope:** no `src/main` change; only the new test class. No testability obstacles found.
=== com.intermarche.fidelity.account.LedgerService ===
=== com.intermarche.fidelity.account.LedgerService ===
100% coverage confirmed: **0 of 22 branches missed (22/22)**, 0 of 153 instructions missed.

## Report — `com.intermarche.fidelity.account.LedgerService`

**Result:** 14 tests, all green. JaCoCo on the target class: **branches 22/22 (100%)**, instructions 153/153 (100%), lines 39/39, complexity 19/19. No residue.

**Branches covered (both arms / each leg):**
- `lock`: `cardNumber == null` null-arm (returns null, no finder) and non-null-arm (trims `"  CARD-1  "` → `lockByCardNumber("CARD-1")`).
- `post` — natural-key: `ticketRef != null` + `existing != null` early return (idempotent replay, asserts no recompute/persist); `existing == null` create; and `ticketRef == null` skip.
- `post` — `amount != null` ternary: non-null (`8.005` → `8.01` HALF_UP scale 2) and null (`0.00` scale 2).
- `post` — `lineRefs != null`: non-null (copied) and null (stays empty).
- `post` — compound `FISCAL_USE.contains(type) && fiscalDate != null`: both-true (EARN advances), contains-false leg (ADJUSTMENT), fiscalDate-null leg (BURN with null date → `earnYear` 0, no advance).
- `advanceLastUsed` — `lastUsedAt == null || isBefore(moment)`: null leg (first use), isBefore-true leg (advances), both-false (no rewind of a later `lastUsedAt`). Border probed by the two instants straddling `FISCAL_DATE.atStartOfDay()` (±1 s).
- `activeReservationTotal` — `active != null && isHolding(now)`: active-null leg, both-true (holds amount), isHolding-false leg (expired). Lease expiry border probed by `now` vs `expiresAt` equal (expired) / just before (holding).
- `refreshBalance`, `availableBalance`: computed-sum store + persist; subtract-held and no-reservation paths.

**Approach:** plain unit — mocked `ProgramClock` with a frozen instant (`NOW`, `FISCAL_DATE`), `FidelityAccount` mocked so `persist()` is a no-op, service-constructed movements neutralized via `mockConstruction` (their `lineRefs` pre-seeded since the field initializer doesn't run on a mock), static finders via `mockStatic` in try-with-resources. All `BigDecimal` asserted by `compareTo` at scale 2.

**Files read:** `LedgerService.java`, `FidelityMovement.java`, `FidelityReservation.java`, `ProgramClock.java`, `FidelityAccount.java` (grep), `AccountServiceTest.java` (style). **Iterations:** 1 (compiled and passed first run; one truncated-output re-run to read the summary). **src/main untouched.**
100% coverage confirmed: **0 of 22 branches missed (22/22)**, 0 of 153 instructions missed.

## Report — `com.intermarche.fidelity.account.LedgerService`

**Result:** 14 tests, all green. JaCoCo on the target class: **branches 22/22 (100%)**, instructions 153/153 (100%), lines 39/39, complexity 19/19. No residue.

**Branches covered (both arms / each leg):**
- `lock`: `cardNumber == null` null-arm (returns null, no finder) and non-null-arm (trims `"  CARD-1  "` → `lockByCardNumber("CARD-1")`).
- `post` — natural-key: `ticketRef != null` + `existing != null` early return (idempotent replay, asserts no recompute/persist); `existing == null` create; and `ticketRef == null` skip.
- `post` — `amount != null` ternary: non-null (`8.005` → `8.01` HALF_UP scale 2) and null (`0.00` scale 2).
- `post` — `lineRefs != null`: non-null (copied) and null (stays empty).
- `post` — compound `FISCAL_USE.contains(type) && fiscalDate != null`: both-true (EARN advances), contains-false leg (ADJUSTMENT), fiscalDate-null leg (BURN with null date → `earnYear` 0, no advance).
- `advanceLastUsed` — `lastUsedAt == null || isBefore(moment)`: null leg (first use), isBefore-true leg (advances), both-false (no rewind of a later `lastUsedAt`). Border probed by the two instants straddling `FISCAL_DATE.atStartOfDay()` (±1 s).
- `activeReservationTotal` — `active != null && isHolding(now)`: active-null leg, both-true (holds amount), isHolding-false leg (expired). Lease expiry border probed by `now` vs `expiresAt` equal (expired) / just before (holding).
- `refreshBalance`, `availableBalance`: computed-sum store + persist; subtract-held and no-reservation paths.

**Approach:** plain unit — mocked `ProgramClock` with a frozen instant (`NOW`, `FISCAL_DATE`), `FidelityAccount` mocked so `persist()` is a no-op, service-constructed movements neutralized via `mockConstruction` (their `lineRefs` pre-seeded since the field initializer doesn't run on a mock), static finders via `mockStatic` in try-with-resources. All `BigDecimal` asserted by `compareTo` at scale 2.

**Files read:** `LedgerService.java`, `FidelityMovement.java`, `FidelityReservation.java`, `ProgramClock.java`, `FidelityAccount.java` (grep), `AccountServiceTest.java` (style). **Iterations:** 1 (compiled and passed first run; one truncated-output re-run to read the summary). **src/main untouched.**
=== com.intermarche.fidelity.account.package-info ===
=== com.intermarche.fidelity.account.package-info ===
`com.intermarche.fidelity.account.package-info` is a **documentation-only `package-info.java`** — Javadoc plus a package declaration, no class body, no methods, no branches, and no bytecode JaCoCo can instrument. There is nothing to unit-test and no coverage to produce.

Per the STRICT scope rule I'm stopping and reporting rather than fabricating a test:

- **Obstacle (one line):** target is a `package-info` with zero executable code — not a valid test target; no test class generated, `src/main` untouched.

If you meant one of the real classes in this package, point me at it and I'll run the campaign — candidates: `AccountService`, `LedgerService`, `AccountViews`, `AccountResource` (the first three already have test classes I can complete for full branch coverage).
`com.intermarche.fidelity.account.package-info` is a **documentation-only `package-info.java`** — Javadoc plus a package declaration, no class body, no methods, no branches, and no bytecode JaCoCo can instrument. There is nothing to unit-test and no coverage to produce.

Per the STRICT scope rule I'm stopping and reporting rather than fabricating a test:

- **Obstacle (one line):** target is a `package-info` with zero executable code — not a valid test target; no test class generated, `src/main` untouched.

If you meant one of the real classes in this package, point me at it and I'll run the campaign — candidates: `AccountService`, `LedgerService`, `AccountViews`, `AccountResource` (the first three already have test classes I can complete for full branch coverage).
Terminé. ✅

## Build
`mvn verify -DskipITs` → **BUILD SUCCESS**, **536 tests, 0 échec, 0 erreur**. (Les stack traces vues sous `-q` sont des logs de chemins d'erreur *attendus* — `RuntimeException: boom` du replay et le JSON schema volontairement invalide — pas des échecs.)

## Couverture de branches JaCoCo — `com.intermarche.fidelity.account`
- `AccountResource : 6/6 (100%)`
- `AccountService : 18/18 (100%)`
- `LedgerService : 22/22 (100%)`
- `AccountViews` (+ records imbriqués `Summary`, `MembershipView`, `MovementView`, `MovementPage`, `CapView`) : `0/0` — aucune branche (DTO/records), couverture vacuously complète.

**Aucune classe sans test** : les 4 classes porteuses de logique (`AccountResource`, `AccountService`, `AccountViews`, `LedgerService`) ont chacune leur classe de test. `package-info.java` n'a pas de bytecode (normal, pas de test attendu).

## Commit
- `CLAUDE.md` et `.claude/` : **inchangés**, donc non stagés.
- Stagé uniquement les 4 classes de test du package, commité avec le message exact :

```
test: full branch coverage for com.intermarche.fidelity.account
```

Pas de `git push`.
Terminé. ✅

## Build
`mvn verify -DskipITs` → **BUILD SUCCESS**, **536 tests, 0 échec, 0 erreur**. (Les stack traces vues sous `-q` sont des logs de chemins d'erreur *attendus* — `RuntimeException: boom` du replay et le JSON schema volontairement invalide — pas des échecs.)

## Couverture de branches JaCoCo — `com.intermarche.fidelity.account`
- `AccountResource : 6/6 (100%)`
- `AccountService : 18/18 (100%)`
- `LedgerService : 22/22 (100%)`
- `AccountViews` (+ records imbriqués `Summary`, `MembershipView`, `MovementView`, `MovementPage`, `CapView`) : `0/0` — aucune branche (DTO/records), couverture vacuously complète.

**Aucune classe sans test** : les 4 classes porteuses de logique (`AccountResource`, `AccountService`, `AccountViews`, `LedgerService`) ont chacune leur classe de test. `package-info.java` n'a pas de bytecode (normal, pas de test attendu).

## Commit
- `CLAUDE.md` et `.claude/` : **inchangés**, donc non stagés.
- Stagé uniquement les 4 classes de test du package, commité avec le message exact :

```
test: full branch coverage for com.intermarche.fidelity.account
```

Pas de `git push`.
PASS: account — expected commit is HEAD.
PASS: account — expected commit is HEAD.
########## package com.intermarche.fidelity.batch ##########
########## package com.intermarche.fidelity.batch ##########
=== com.intermarche.fidelity.batch.BatchResult ===
=== com.intermarche.fidelity.batch.BatchResult ===
Green. JaCoCo confirms full coverage.

## Report — `com.intermarche.fidelity.batch.BatchResult`

- **Branch coverage:** 2/2 (100%). Instructions 54/54 (100%). No residue.
- **Tests:** 7 cases — constructor (`dryRun` true and false, scale-2 zero seed, empty lines), `add` non-null arm (rescale 12.345→12.35 HALF_UP), `add` null arm (degrade to scale-2 zero), mixed accumulation, nested `Line` constructor, and null card number (guard covers only the amount).
- **The one branch** is the null-guard ternary in `add(...)` — both arms covered. All `BigDecimal` asserted by `compareTo` with explicit scale-2 checks (§30.5).
- **Files read:** `BatchResult.java` (target), `EventDtosTest.java` (style reference).
- **Iterations:** 1 (green on first `test` and `verify`).
- **Scope:** only the new test class `BatchResultTest.java`; no `src/main` touched. No bug or testability obstacle found.
Green. JaCoCo confirms full coverage.

## Report — `com.intermarche.fidelity.batch.BatchResult`

- **Branch coverage:** 2/2 (100%). Instructions 54/54 (100%). No residue.
- **Tests:** 7 cases — constructor (`dryRun` true and false, scale-2 zero seed, empty lines), `add` non-null arm (rescale 12.345→12.35 HALF_UP), `add` null arm (degrade to scale-2 zero), mixed accumulation, nested `Line` constructor, and null card number (guard covers only the amount).
- **The one branch** is the null-guard ternary in `add(...)` — both arms covered. All `BigDecimal` asserted by `compareTo` with explicit scale-2 checks (§30.5).
- **Files read:** `BatchResult.java` (target), `EventDtosTest.java` (style reference).
- **Iterations:** 1 (green on first `test` and `verify`).
- **Scope:** only the new test class `BatchResultTest.java`; no `src/main` touched. No bug or testability obstacle found.
=== com.intermarche.fidelity.batch.BatchScheduler ===
=== com.intermarche.fidelity.batch.BatchScheduler ===
Done. Green and fully covered.

## Report — `com.intermarche.fidelity.batch.BatchScheduler`

- **Branch count: 0/0** — the class has no guards or ternaries; the three `@Scheduled` methods each unconditionally delegate `batchService.run(TYPE, false)` and log.
- **Coverage: 100%** — instructions 52/52, methods 5/5, lines 11/11 (JaCoCo, no residue).
- **Tests added (3):** one per schedule — `scheduledExpiry`→`EXPIRY`, `scheduledPurge`→`PURGE`, `scheduledActivationVoid`→`ACTIVATION_VOID`, each asserting the exact `BatchType` and the `false` (execute, never dry-run) flag, with a populated `BatchResult` so the `infof` formatting runs on real values. `BigDecimal` totals asserted by `compareTo` at scale 2 / HALF_UP.
- **Approach:** plain unit — mocked `BatchService` injected into the package-private field; no `@QuarkusTest`, no H2, no clock (this class reads no time itself).
- **Files read:** `BatchScheduler.java`, `BatchResult.java`, `BatchType.java`, `BatchService` run signature, `BatchResultTest.java` (style reference).
- **Iterations:** 1 (green first run; verify confirmed 100%).
- **Scope:** only the test class created; `src/main` untouched. No bugs or testability obstacles found.
Done. Green and fully covered.

## Report — `com.intermarche.fidelity.batch.BatchScheduler`

- **Branch count: 0/0** — the class has no guards or ternaries; the three `@Scheduled` methods each unconditionally delegate `batchService.run(TYPE, false)` and log.
- **Coverage: 100%** — instructions 52/52, methods 5/5, lines 11/11 (JaCoCo, no residue).
- **Tests added (3):** one per schedule — `scheduledExpiry`→`EXPIRY`, `scheduledPurge`→`PURGE`, `scheduledActivationVoid`→`ACTIVATION_VOID`, each asserting the exact `BatchType` and the `false` (execute, never dry-run) flag, with a populated `BatchResult` so the `infof` formatting runs on real values. `BigDecimal` totals asserted by `compareTo` at scale 2 / HALF_UP.
- **Approach:** plain unit — mocked `BatchService` injected into the package-private field; no `@QuarkusTest`, no H2, no clock (this class reads no time itself).
- **Files read:** `BatchScheduler.java`, `BatchResult.java`, `BatchType.java`, `BatchService` run signature, `BatchResultTest.java` (style reference).
- **Iterations:** 1 (green first run; verify confirmed 100%).
- **Scope:** only the test class created; `src/main` untouched. No bugs or testability obstacles found.
=== com.intermarche.fidelity.batch.BatchService ===
=== com.intermarche.fidelity.batch.BatchService ===
Confirmed: the single uncovered branch is the defensive ternary at `BatchService.java:178`.

## Report — `com.intermarche.fidelity.batch.BatchService`

**Result:** new test class `BatchServiceTest`, 9 tests, all green.

**Branch coverage (JaCoCo):** **34 / 35 branches = 97%** (instructions 342/344). One justified residue.

**Justified residue — 1 branch, `BatchService.java:178`:**
```java
return residualOld.signum() < 0 ? BigDecimal.ZERO : residualOld;
```
The `< 0` **true** arm is **unreachable**. In `residualUpToYear`, each iteration computes `residual = credit − min(debits, credit)`, which is always ≥ 0 (it is `0` when `credit ≤ debits`, else `credit − debits > 0`). `residualOld` is a running sum of those non-negative residuals, so it can never be negative for any input — the guard is a §31.2-style protective clamp with no reachable input. Covered the **false** arm; the true arm is documented residue, not a coverage gap.

**Branches covered (both arms / each leg):**
- `run`: all 3 `switch` arms (EXPIRY/PURGE/ACTIVATION_VOID); `!dryRun` record guard both arms (dry-run skips `recordRun`, execution builds+persists `BatchRunLog`).
- `expiry`: `dryRun ? candidate : lock` both arms; `residual.min(available)` both directions (residual-taken 15<20, available-taken 1<3); `toExpire.signum() <= 0` both arms (skip when available=0); `!dryRun` post guard both arms.
- `residualUpToYear`: `debits.min(credit)` both directions in one FIFO walk (debits=12 → full consume of 2024, partial of 2025); `entry.getKey() <= expireYear` both arms (2024/2025 included, 2026 excluded); ternary false arm.
- `purge` & `activationVoid`: `dryRun ? candidate : lock` both; `!dryRun` both; `balance.signum() > 0` both (positive posts, negative/zero skips); `balance.max(ZERO)` both (positive kept, negative clamped to 0).

**Method/§ compliance:** time only via mocked `ProgramClock` frozen at `NOW=2026-03-01T09:00` (§24.6); `earnYear` border probed by included 2025 / excluded 2026 (§30.3); Panache statics via `mockStatic` in try-with-resources — inherited `list` stubbed on its declaring class `PanacheEntityBase`, entity finders on their own classes; `BatchRunLog.persist()` neutralised with `mockConstruction`; accounts are mocks; every `BigDecimal` asserted by `compareTo` at scale 2; English + full Javadoc, no blank lines in method bodies, JUnit assertions only.

**Files read:** `BatchService.java`, `BatchResult.java`, `BatchType.java`, `LedgerService.java` (signatures), `ProgramClock.java`, `FidelityAccount.java` (statics), `FidelityMovement.java` (statics), `BatchRunLog.java`, enums `MovementType`/`AccountStatus`; `LedgerServiceTest`/`ReservationServiceTest`/`IngestionServiceTest` for the mocking idiom.

**Iterations:** 2 — first run hit `MissingMethodInvocationException` because the inherited `FidelityAccount.list(...)` finder cannot be intercepted by `mockStatic(FidelityAccount.class)`; switched those stubs to `mockStatic(PanacheEntityBase.class)` (the repo's established pattern), then green.

**Scope:** `src/main` untouched; only the test class added. No bug or testability obstacle found.
Confirmed: the single uncovered branch is the defensive ternary at `BatchService.java:178`.

## Report — `com.intermarche.fidelity.batch.BatchService`

**Result:** new test class `BatchServiceTest`, 9 tests, all green.

**Branch coverage (JaCoCo):** **34 / 35 branches = 97%** (instructions 342/344). One justified residue.

**Justified residue — 1 branch, `BatchService.java:178`:**
```java
return residualOld.signum() < 0 ? BigDecimal.ZERO : residualOld;
```
The `< 0` **true** arm is **unreachable**. In `residualUpToYear`, each iteration computes `residual = credit − min(debits, credit)`, which is always ≥ 0 (it is `0` when `credit ≤ debits`, else `credit − debits > 0`). `residualOld` is a running sum of those non-negative residuals, so it can never be negative for any input — the guard is a §31.2-style protective clamp with no reachable input. Covered the **false** arm; the true arm is documented residue, not a coverage gap.

**Branches covered (both arms / each leg):**
- `run`: all 3 `switch` arms (EXPIRY/PURGE/ACTIVATION_VOID); `!dryRun` record guard both arms (dry-run skips `recordRun`, execution builds+persists `BatchRunLog`).
- `expiry`: `dryRun ? candidate : lock` both arms; `residual.min(available)` both directions (residual-taken 15<20, available-taken 1<3); `toExpire.signum() <= 0` both arms (skip when available=0); `!dryRun` post guard both arms.
- `residualUpToYear`: `debits.min(credit)` both directions in one FIFO walk (debits=12 → full consume of 2024, partial of 2025); `entry.getKey() <= expireYear` both arms (2024/2025 included, 2026 excluded); ternary false arm.
- `purge` & `activationVoid`: `dryRun ? candidate : lock` both; `!dryRun` both; `balance.signum() > 0` both (positive posts, negative/zero skips); `balance.max(ZERO)` both (positive kept, negative clamped to 0).

**Method/§ compliance:** time only via mocked `ProgramClock` frozen at `NOW=2026-03-01T09:00` (§24.6); `earnYear` border probed by included 2025 / excluded 2026 (§30.3); Panache statics via `mockStatic` in try-with-resources — inherited `list` stubbed on its declaring class `PanacheEntityBase`, entity finders on their own classes; `BatchRunLog.persist()` neutralised with `mockConstruction`; accounts are mocks; every `BigDecimal` asserted by `compareTo` at scale 2; English + full Javadoc, no blank lines in method bodies, JUnit assertions only.

**Files read:** `BatchService.java`, `BatchResult.java`, `BatchType.java`, `LedgerService.java` (signatures), `ProgramClock.java`, `FidelityAccount.java` (statics), `FidelityMovement.java` (statics), `BatchRunLog.java`, enums `MovementType`/`AccountStatus`; `LedgerServiceTest`/`ReservationServiceTest`/`IngestionServiceTest` for the mocking idiom.

**Iterations:** 2 — first run hit `MissingMethodInvocationException` because the inherited `FidelityAccount.list(...)` finder cannot be intercepted by `mockStatic(FidelityAccount.class)`; switched those stubs to `mockStatic(PanacheEntityBase.class)` (the repo's established pattern), then green.

**Scope:** `src/main` untouched; only the test class added. No bug or testability obstacle found.
=== com.intermarche.fidelity.batch.BatchTriggerResource ===
=== com.intermarche.fidelity.batch.BatchTriggerResource ===
100% coverage achieved.

## Report — `BatchTriggerResource`

**Branch count: 0/0** — JaCoCo reports no bytecode branches. The `try/catch` multicatch is exception-driven (not a conditional branch), and `@DefaultValue` is resolved by JAX-RS upstream of this method, so there is no ternary or `if` to branch on. Every executable path is still exercised.

**Coverage (JaCoCo):**
- Instructions **25/25 (100%)**
- Branches **0/0 (n/a — none exist)**
- Lines **7/7 (100%)**
- Complexity **2/2 (100%)**
- Methods **2/2 (100%)**

No uncovered residue.

**Paths covered (6 tests):**
- Valid type + `dryRun=true` → 200, service gets `EXPIRY/true`
- Valid type + `dryRun=false` (the execute arm of the boolean) → 200, service gets `PURGE/false`
- Padded lower-case type → `trim().toUpperCase()` resolves `ACTIVATION_VOID` → 200
- Unknown value → `IllegalArgumentException` arm → 400 error body, service untouched
- Null type → `NullPointerException` arm (`type.trim()`) → 400 echoing `null`, service untouched
- Blank type → trims to empty, `valueOf` throws → 400 echoing the raw value

**Setup:** plain unit — no `@QuarkusTest`, no H2, no Panache/`DateTimeProvider` mock (the resource carries neither clock nor persistence). `BatchService` mocked via Mockito, injected into the package-private field.

**Files read:** `BatchTriggerResource.java`, `BatchType.java`, `BatchResult.java`, `BatchService` (signature only), `BatchServiceTest.java` (style reference).

**Iterations:** 1 (green on first `test`; `verify` confirmed full coverage).

**Scope:** only the new test class created; `src/main` untouched.
100% coverage achieved.

## Report — `BatchTriggerResource`

**Branch count: 0/0** — JaCoCo reports no bytecode branches. The `try/catch` multicatch is exception-driven (not a conditional branch), and `@DefaultValue` is resolved by JAX-RS upstream of this method, so there is no ternary or `if` to branch on. Every executable path is still exercised.

**Coverage (JaCoCo):**
- Instructions **25/25 (100%)**
- Branches **0/0 (n/a — none exist)**
- Lines **7/7 (100%)**
- Complexity **2/2 (100%)**
- Methods **2/2 (100%)**

No uncovered residue.

**Paths covered (6 tests):**
- Valid type + `dryRun=true` → 200, service gets `EXPIRY/true`
- Valid type + `dryRun=false` (the execute arm of the boolean) → 200, service gets `PURGE/false`
- Padded lower-case type → `trim().toUpperCase()` resolves `ACTIVATION_VOID` → 200
- Unknown value → `IllegalArgumentException` arm → 400 error body, service untouched
- Null type → `NullPointerException` arm (`type.trim()`) → 400 echoing `null`, service untouched
- Blank type → trims to empty, `valueOf` throws → 400 echoing the raw value

**Setup:** plain unit — no `@QuarkusTest`, no H2, no Panache/`DateTimeProvider` mock (the resource carries neither clock nor persistence). `BatchService` mocked via Mockito, injected into the package-private field.

**Files read:** `BatchTriggerResource.java`, `BatchType.java`, `BatchResult.java`, `BatchService` (signature only), `BatchServiceTest.java` (style reference).

**Iterations:** 1 (green on first `test`; `verify` confirmed full coverage).

**Scope:** only the new test class created; `src/main` untouched.
=== com.intermarche.fidelity.batch.BatchType ===
=== com.intermarche.fidelity.batch.BatchType ===
Green and fully covered.

## Report — `com.intermarche.fidelity.batch.BatchType`

**Target:** branchless enum — the closed nomenclature of the three account-lifecycle batches (§16). No methods, no guards, no ternaries, no clock, no Panache.

**Branch count:** 0/0 branches (JaCoCo reports `n/a` for branches — the enum has none). Instruction coverage **100%** (21/21). Every synthetic member exercised: `values()`, `valueOf(String)`, `name()`, `ordinal()`, plus the 3 `$VALUES`/constant initializers.

**Cases written (7):**
- closed ordered set of 3 constants via `values()` + length pin
- `values()` defensive-copy (mutation doesn't leak)
- `name()` spelling for each constant
- `ordinal()` declaration order (0/1/2)
- `valueOf()` round-trip over every constant
- `valueOf()` unknown name → `IllegalArgumentException`
- `valueOf(null)` → `NullPointerException` (null arm of the parser guard)

**Files read:** `BatchType.java` (target), `WarningCodeTest.java` (existing branchless-enum pattern to mirror), `BatchType.html` (JaCoCo).

**Iterations:** 1 — green on first run; verify confirmed 100%.

**Residue:** none.

**Scope:** only `BatchTypeTest.java` created; `src/main` untouched.
Green and fully covered.

## Report — `com.intermarche.fidelity.batch.BatchType`

**Target:** branchless enum — the closed nomenclature of the three account-lifecycle batches (§16). No methods, no guards, no ternaries, no clock, no Panache.

**Branch count:** 0/0 branches (JaCoCo reports `n/a` for branches — the enum has none). Instruction coverage **100%** (21/21). Every synthetic member exercised: `values()`, `valueOf(String)`, `name()`, `ordinal()`, plus the 3 `$VALUES`/constant initializers.

**Cases written (7):**
- closed ordered set of 3 constants via `values()` + length pin
- `values()` defensive-copy (mutation doesn't leak)
- `name()` spelling for each constant
- `ordinal()` declaration order (0/1/2)
- `valueOf()` round-trip over every constant
- `valueOf()` unknown name → `IllegalArgumentException`
- `valueOf(null)` → `NullPointerException` (null arm of the parser guard)

**Files read:** `BatchType.java` (target), `WarningCodeTest.java` (existing branchless-enum pattern to mirror), `BatchType.html` (JaCoCo).

**Iterations:** 1 — green on first run; verify confirmed 100%.

**Residue:** none.

**Scope:** only `BatchTypeTest.java` created; `src/main` untouched.
Done. Everything green, coverage reported, committed (no push).

## `mvn verify -DskipITs` — BUILD SUCCESS
568 tests, 0 failures, 0 errors. (The stack traces in the log are expected-failure assertions logged by passing tests, e.g. `IngestionService` replay-error and JSON-schema-parse tests.)

## Branch coverage — `com.intermarche.fidelity.batch`
| Classe | Branches |
|---|---|
| BatchResult | 2/2 (100%) |
| BatchService | 34/35 (97%) |
| BatchResult$Line | 0/0 — no branches |
| BatchScheduler | 0/0 — no branches |
| BatchTriggerResource | 0/0 — no branches |
| BatchType | 0/0 — no branches |

**Classes sans test :** aucune — les 5 classes de production ont chacune une classe de test.

**Résidu justifié (BatchService, 34/35) :** `BatchService.java:178`, le bras `true` du ternaire `residualOld.signum() < 0 ? ZERO : residualOld`. `residualOld` est une somme de `residual = credit − min(debits, credit)`, chaque terme ≥ 0, donc jamais négatif : garde défensive inatteignable sans modifier `src/main` (hors périmètre).

## Commit
`be75e4e test: full branch coverage for com.intermarche.fidelity.batch` — staged uniquement les 5 classes de test du package (CLAUDE.md et `.claude/` inchangés, donc rien d'autre à stager). Pas de push.
Done. Everything green, coverage reported, committed (no push).

## `mvn verify -DskipITs` — BUILD SUCCESS
568 tests, 0 failures, 0 errors. (The stack traces in the log are expected-failure assertions logged by passing tests, e.g. `IngestionService` replay-error and JSON-schema-parse tests.)

## Branch coverage — `com.intermarche.fidelity.batch`
| Classe | Branches |
|---|---|
| BatchResult | 2/2 (100%) |
| BatchService | 34/35 (97%) |
| BatchResult$Line | 0/0 — no branches |
| BatchScheduler | 0/0 — no branches |
| BatchTriggerResource | 0/0 — no branches |
| BatchType | 0/0 — no branches |

**Classes sans test :** aucune — les 5 classes de production ont chacune une classe de test.

**Résidu justifié (BatchService, 34/35) :** `BatchService.java:178`, le bras `true` du ternaire `residualOld.signum() < 0 ? ZERO : residualOld`. `residualOld` est une somme de `residual = credit − min(debits, credit)`, chaque terme ≥ 0, donc jamais négatif : garde défensive inatteignable sans modifier `src/main` (hors périmètre).

## Commit
`be75e4e test: full branch coverage for com.intermarche.fidelity.batch` — staged uniquement les 5 classes de test du package (CLAUDE.md et `.claude/` inchangés, donc rien d'autre à stager). Pas de push.
PASS: batch — expected commit is HEAD.
PASS: batch — expected commit is HEAD.
########## package com.intermarche.fidelity.domain ##########
########## package com.intermarche.fidelity.domain ##########
=== com.intermarche.fidelity.domain.AccountStatus ===
=== com.intermarche.fidelity.domain.AccountStatus ===
Green, and JaCoCo confirms full coverage.

## Report — `AccountStatusTest`

- **Target**: `com.intermarche.fidelity.domain.AccountStatus` — a branchless 3-constant lifecycle enum (`ACTIVE`, `PENDING_ACTIVATION`, `RESILIATED`), no methods, no clock, no Panache.
- **Branch count**: **0/0** branches (n/a — no conditional logic to cover). Instructions **21/21 (100%)**, methods **4/4**, class **1/1**. No residue.
- **Cases** (mirroring the repo's established branchless-enum pattern from `BatchTypeTest`/`WarningCodeTest`): closed ordered `values()` set, defensive-copy freshness, `name()` spellings, `ordinal()` positions, `valueOf` round-trip over every constant, `valueOf` unknown-name → `IllegalArgumentException`, `valueOf(null)` → `NullPointerException`.
- **Files read**: `AccountStatus.java` (target); `BatchTypeTest.java`, `WarningCodeTest.java` (existing enum pattern).
- **Iterations**: 1 (green on first run; verify confirmed 100%).
- **Scope**: only the new test class created; `src/main` untouched. No testability obstacles found.
Green, and JaCoCo confirms full coverage.

## Report — `AccountStatusTest`

- **Target**: `com.intermarche.fidelity.domain.AccountStatus` — a branchless 3-constant lifecycle enum (`ACTIVE`, `PENDING_ACTIVATION`, `RESILIATED`), no methods, no clock, no Panache.
- **Branch count**: **0/0** branches (n/a — no conditional logic to cover). Instructions **21/21 (100%)**, methods **4/4**, class **1/1**. No residue.
- **Cases** (mirroring the repo's established branchless-enum pattern from `BatchTypeTest`/`WarningCodeTest`): closed ordered `values()` set, defensive-copy freshness, `name()` spellings, `ordinal()` positions, `valueOf` round-trip over every constant, `valueOf` unknown-name → `IllegalArgumentException`, `valueOf(null)` → `NullPointerException`.
- **Files read**: `AccountStatus.java` (target); `BatchTypeTest.java`, `WarningCodeTest.java` (existing enum pattern).
- **Iterations**: 1 (green on first run; verify confirmed 100%).
- **Scope**: only the new test class created; `src/main` untouched. No testability obstacles found.
=== com.intermarche.fidelity.domain.AppUser ===
=== com.intermarche.fidelity.domain.AppUser ===
Done. Created `AppUserTest` (plain unit, no `@QuarkusTest`/H2), green with full branch coverage.

## Report — `com.intermarche.fidelity.domain.AppUser`

**Result:** `Tests run: 29, Failures: 0, Errors: 0` — BUILD SUCCESS.

**JaCoCo (target class `AppUser`):** branches **24/24 = 100%**, instructions 206/206 = 100%, lines/methods 100%. No residue.

**Branches covered (both arms + each leg):**
- `matchesPassword`: `clearText==null || password==null` — each leg true separately; verify true; verify false; malformed-hash `GeneralSecurityException` catch arm.
- `validatePassword`: null leg, blank leg, `length < 8` true (7 chars), false at the 8-char boundary.
- `getRoleSet`: `roles==null` leg, blank leg, non-blank; empty-token filter false leg (`"pos,,fid-admin"`) alongside true legs; trim.
- `setRoleSet`: `contains` true (both roles), mixed (one true/one false), all false (empty).
- `hasRole`: true/false. `getLabel`: null leg, blank leg, present.
- `findByUsername`: found + null. `findActiveByEmail`: null leg, blank leg, normalized lookup (`" Bob@Example.COM "` → `bob@example.com`). `countActiveAdmins`: delegation. `getChecksum`: stable for equal fields, changes on credential change.

Panache finders mocked via `mockStatic(PanacheEntityBase.class)` + `PanacheQuery` in try-with-resources. `BigDecimal` not present in this class. No `DateTimeProvider`/clock — `AppUser` has no temporal logic.

**Files read:** `AppUser.java`, `BaseEntity.java`, `AccountServiceTest`/`IngestionServiceTest` (mock patterns), `AccountStatusTest` (header style), `AuthUiResource.java` (usage check).

**Iterations:** 2 — first run failed only on the bcrypt round-trip (`matchesPassword` → false) because the plain-unit JVM has no JCA-registered password provider, so `PasswordFactory.getInstance(BCRYPT)` threw and was swallowed. Fixed test-only by registering `WildFlyElytronPasswordProvider` in `@BeforeAll` (mirrors what the Quarkus runtime does; `BcryptUtil.bcryptHash` uses the provider directly, hence hashing worked while verification didn't).

**Scope:** no `src/main` changes; only the new test class. No bugs found in the target.
Done. Created `AppUserTest` (plain unit, no `@QuarkusTest`/H2), green with full branch coverage.

## Report — `com.intermarche.fidelity.domain.AppUser`

**Result:** `Tests run: 29, Failures: 0, Errors: 0` — BUILD SUCCESS.

**JaCoCo (target class `AppUser`):** branches **24/24 = 100%**, instructions 206/206 = 100%, lines/methods 100%. No residue.

**Branches covered (both arms + each leg):**
- `matchesPassword`: `clearText==null || password==null` — each leg true separately; verify true; verify false; malformed-hash `GeneralSecurityException` catch arm.
- `validatePassword`: null leg, blank leg, `length < 8` true (7 chars), false at the 8-char boundary.
- `getRoleSet`: `roles==null` leg, blank leg, non-blank; empty-token filter false leg (`"pos,,fid-admin"`) alongside true legs; trim.
- `setRoleSet`: `contains` true (both roles), mixed (one true/one false), all false (empty).
- `hasRole`: true/false. `getLabel`: null leg, blank leg, present.
- `findByUsername`: found + null. `findActiveByEmail`: null leg, blank leg, normalized lookup (`" Bob@Example.COM "` → `bob@example.com`). `countActiveAdmins`: delegation. `getChecksum`: stable for equal fields, changes on credential change.

Panache finders mocked via `mockStatic(PanacheEntityBase.class)` + `PanacheQuery` in try-with-resources. `BigDecimal` not present in this class. No `DateTimeProvider`/clock — `AppUser` has no temporal logic.

**Files read:** `AppUser.java`, `BaseEntity.java`, `AccountServiceTest`/`IngestionServiceTest` (mock patterns), `AccountStatusTest` (header style), `AuthUiResource.java` (usage check).

**Iterations:** 2 — first run failed only on the bcrypt round-trip (`matchesPassword` → false) because the plain-unit JVM has no JCA-registered password provider, so `PasswordFactory.getInstance(BCRYPT)` threw and was swallowed. Fixed test-only by registering `WildFlyElytronPasswordProvider` in `@BeforeAll` (mirrors what the Quarkus runtime does; `BcryptUtil.bcryptHash` uses the provider directly, hence hashing worked while verification didn't).

**Scope:** no `src/main` changes; only the new test class. No bugs found in the target.
=== com.intermarche.fidelity.domain.BaseEntity ===
=== com.intermarche.fidelity.domain.BaseEntity ===
100% coverage achieved. Test class created and green.

## Report — `com.intermarche.fidelity.domain.BaseEntity`

**Branch coverage: 10/10 (100 %)** · **Instruction coverage: 70/70 (100 %)** — JaCoCo `0 of 10` missed branches, `0 of 70` missed instructions.

**Per-method:** `equals` carries all 10 branches (the compound guard `o == null || getClass() != o.getClass()` + `id != null && id.equals(that.id)`) — each leg driven true/false individually; `onCreate`/`onUpdate`/`hashCode`/`getChecksum` are branch-free and fully hit.

**Branches enumerated & covered:**
- `equals`: `this == o` true; `o == null` leg true; `getClass() != o.getClass()` leg true (first false) via a second stub type; both-false fall-through; `id != null` false arm (transient); `id.equals(that.id)` true and false.
- `hashCode`: non-null id and null id (both fold through `Objects.hash`).
- Lifecycle callbacks: `onCreate` / `onUpdate` read the clock only via a **fixed** `DateTimeProvider` instant; the two callbacks use the two instants straddling the create→update border (`00:00:00` → `00:00:01`), proving `updatedAt` refreshes and checksum recomputes while `createdAt` is preserved — never sampling the host clock. `DateTimeProvider.clear()` in `@AfterEach`.
- `getChecksum`: abstract contract returns the subclass hash verbatim.

**Testability note:** abstract class instantiated through two nested concrete stubs (`StubEntity`, `OtherStubEntity`) — the second exists solely to drive the `getClass()` mismatch leg.

**Files read:** `BaseEntity.java`, `DateTimeProvider.java`, `AppUserTest.java` (bench pattern). **Iterations:** 1 (green on first `test`, 100 % on first `verify`). **Justified residue:** none. **Scope:** only the new test class; `src/main` untouched.
100% coverage achieved. Test class created and green.

## Report — `com.intermarche.fidelity.domain.BaseEntity`

**Branch coverage: 10/10 (100 %)** · **Instruction coverage: 70/70 (100 %)** — JaCoCo `0 of 10` missed branches, `0 of 70` missed instructions.

**Per-method:** `equals` carries all 10 branches (the compound guard `o == null || getClass() != o.getClass()` + `id != null && id.equals(that.id)`) — each leg driven true/false individually; `onCreate`/`onUpdate`/`hashCode`/`getChecksum` are branch-free and fully hit.

**Branches enumerated & covered:**
- `equals`: `this == o` true; `o == null` leg true; `getClass() != o.getClass()` leg true (first false) via a second stub type; both-false fall-through; `id != null` false arm (transient); `id.equals(that.id)` true and false.
- `hashCode`: non-null id and null id (both fold through `Objects.hash`).
- Lifecycle callbacks: `onCreate` / `onUpdate` read the clock only via a **fixed** `DateTimeProvider` instant; the two callbacks use the two instants straddling the create→update border (`00:00:00` → `00:00:01`), proving `updatedAt` refreshes and checksum recomputes while `createdAt` is preserved — never sampling the host clock. `DateTimeProvider.clear()` in `@AfterEach`.
- `getChecksum`: abstract contract returns the subclass hash verbatim.

**Testability note:** abstract class instantiated through two nested concrete stubs (`StubEntity`, `OtherStubEntity`) — the second exists solely to drive the `getClass()` mismatch leg.

**Files read:** `BaseEntity.java`, `DateTimeProvider.java`, `AppUserTest.java` (bench pattern). **Iterations:** 1 (green on first `test`, 100 % on first `verify`). **Justified residue:** none. **Scope:** only the new test class; `src/main` untouched.
=== com.intermarche.fidelity.domain.BatchRunLog ===
=== com.intermarche.fidelity.domain.BatchRunLog ===
All green.

## Report — `BatchRunLog`

**Coverage (JaCoCo, target class):** instructions **100 %** (51/51), lines **5/5**, methods **4/4**. Branches: **n/a** — the class has **0/0 branches** (no guards, ternaries, or divisions; all methods are straight delegations or a pure `Objects.hash`).

**Branch enumeration (before writing):** `lastRun`, `latest`, and `getChecksum` contain no conditionals — nothing to split by leg or arm. The only "arms" available are the finder outcomes, covered anyway: `lastRun` found **and** absent (null firstResult, §23.4).

**Tests (6, all pass):**
- `lastRun()` — found / absent (null).
- `latest()` — pages the newest-first query and returns its list.
- `getChecksum()` — stable for equal fields / changes with `totalAmount`.
- field initializer — `totalAmount` defaults to zero, asserted by `compareTo` (§30.5).

**Notes:**
- No temporal logic in the class (`runAt` is a stored field, not a clock read) → no `DateTimeProvider` needed.
- Panache static finders mocked via `mockStatic(PanacheEntityBase.class)` in try-with-resources. `Page` does **not** override `equals`, so `query.page(...)` is matched with `any(Page.class)` rather than `eq(Page.ofSize(5))` (initial `eq` attempt returned a null stub → NPE; fixed).

**Files read:** `BatchRunLog.java`, `BaseEntity.java`, `AppUserTest.java` (style reference).
**Iterations:** 2 (`eq(Page)` → `any(Page)`).
**Residue:** none.
**Scope:** only the new test class added; `src/main` untouched.
All green.

## Report — `BatchRunLog`

**Coverage (JaCoCo, target class):** instructions **100 %** (51/51), lines **5/5**, methods **4/4**. Branches: **n/a** — the class has **0/0 branches** (no guards, ternaries, or divisions; all methods are straight delegations or a pure `Objects.hash`).

**Branch enumeration (before writing):** `lastRun`, `latest`, and `getChecksum` contain no conditionals — nothing to split by leg or arm. The only "arms" available are the finder outcomes, covered anyway: `lastRun` found **and** absent (null firstResult, §23.4).

**Tests (6, all pass):**
- `lastRun()` — found / absent (null).
- `latest()` — pages the newest-first query and returns its list.
- `getChecksum()` — stable for equal fields / changes with `totalAmount`.
- field initializer — `totalAmount` defaults to zero, asserted by `compareTo` (§30.5).

**Notes:**
- No temporal logic in the class (`runAt` is a stored field, not a clock read) → no `DateTimeProvider` needed.
- Panache static finders mocked via `mockStatic(PanacheEntityBase.class)` in try-with-resources. `Page` does **not** override `equals`, so `query.page(...)` is matched with `any(Page.class)` rather than `eq(Page.ofSize(5))` (initial `eq` attempt returned a null stub → NPE; fixed).

**Files read:** `BatchRunLog.java`, `BaseEntity.java`, `AppUserTest.java` (style reference).
**Iterations:** 2 (`eq(Page)` → `any(Page)`).
**Residue:** none.
**Scope:** only the new test class added; `src/main` untouched.
=== com.intermarche.fidelity.domain.EarnTrace ===
=== com.intermarche.fidelity.domain.EarnTrace ===
100% coverage achieved. Report:

## Report — `EarnTrace`

- **Branch coverage: 2/2 (100%)** — instructions 115/115 (100%), lines/methods 100%. The only branch pair is the `addLine` null-guard; both arms covered (`addLineNonNull`, `addLineNull`).
- **Test class:** `src/test/java/com/intermarche/fidelity/domain/EarnTraceTest.java` (created — no prior test existed). 14 tests.
- **Files read:** `EarnTrace.java` (target), `EarnTraceLine.java` (helper wiring), `BaseEntity.java` (checksum lifecycle), `BatchRunLogTest.java` (bench pattern for static-finder mocking).
- **Iterations:** 1 (green on first `test`, 2/2 branches on first `verify`).
- **Approach:** static finders (`findByTicketRef` found/absent, `countVisits` via `project(Long.class)`, `findLatest` paging, `deleteOlderThan`) mocked through `PanacheEntityBase` in try-with-resources; `getChecksum` asserted as a pure function per business field; empty non-null collection initializers (§31.2) verified.
- **Time/DateTimeProvider:** none — `EarnTrace` holds no clock read (`fiscalDate` is a stored field), same as `BatchRunLog`; no mock needed.
- **Residue:** none.
- `src/main` untouched; no bugs or testability obstacles found.
100% coverage achieved. Report:

## Report — `EarnTrace`

- **Branch coverage: 2/2 (100%)** — instructions 115/115 (100%), lines/methods 100%. The only branch pair is the `addLine` null-guard; both arms covered (`addLineNonNull`, `addLineNull`).
- **Test class:** `src/test/java/com/intermarche/fidelity/domain/EarnTraceTest.java` (created — no prior test existed). 14 tests.
- **Files read:** `EarnTrace.java` (target), `EarnTraceLine.java` (helper wiring), `BaseEntity.java` (checksum lifecycle), `BatchRunLogTest.java` (bench pattern for static-finder mocking).
- **Iterations:** 1 (green on first `test`, 2/2 branches on first `verify`).
- **Approach:** static finders (`findByTicketRef` found/absent, `countVisits` via `project(Long.class)`, `findLatest` paging, `deleteOlderThan`) mocked through `PanacheEntityBase` in try-with-resources; `getChecksum` asserted as a pure function per business field; empty non-null collection initializers (§31.2) verified.
- **Time/DateTimeProvider:** none — `EarnTrace` holds no clock read (`fiscalDate` is a stored field), same as `BatchRunLog`; no mock needed.
- **Residue:** none.
- `src/main` untouched; no bugs or testability obstacles found.
=== com.intermarche.fidelity.domain.EarnTraceLine ===
=== com.intermarche.fidelity.domain.EarnTraceLine ===
100% coverage: 0 of 71 instructions missed, 0 of 2 branches missed.

## Report

**Target:** `com.intermarche.fidelity.domain.EarnTraceLine` → `EarnTraceLineTest` (new class)

**Branch coverage:** 2/2 branches (100%), instructions 71/71 (100%), 0 residue.

The only branch point in the class is the `sum != null ? sum : BigDecimal.ZERO` ternary in `sumBaseForRule` — both arms covered (non-null aggregate scaled to 2; null aggregate → zero, a defensive belt beyond the query's `coalesce`). `getChecksum` is straight-line but I covered its full field surface (lineId, ean, ruleCode, baseAmount, earnAmount) plus the nullable-EAN case (null on both sides → stable), and the field initializers (`returnedAmount`/`returnedQuantity` default to zero).

**Approach notes:**
- No clock read in the class — `fiscalDate` range bounds are passed-in stored dates, so no `DateTimeProvider` needed.
- `sumBaseForRule` uses the JPA `EntityManager` (not a Panache finder), so I mocked `PanacheEntityBase.getEntityManager()` statically in try-with-resources and stubbed the `TypedQuery` chain.
- All `BigDecimal` assertions via `compareTo`, plus explicit `scale()==2` checks.

**Files read:** `EarnTraceLine.java`, `BaseEntity.java`, `EarnTraceTest.java` (pattern reference). **Iterations:** 1 (green on first `test` and first `verify`).

**Scope:** only the test class was created; `src/main` untouched. No testability obstacles found.
100% coverage: 0 of 71 instructions missed, 0 of 2 branches missed.

## Report

**Target:** `com.intermarche.fidelity.domain.EarnTraceLine` → `EarnTraceLineTest` (new class)

**Branch coverage:** 2/2 branches (100%), instructions 71/71 (100%), 0 residue.

The only branch point in the class is the `sum != null ? sum : BigDecimal.ZERO` ternary in `sumBaseForRule` — both arms covered (non-null aggregate scaled to 2; null aggregate → zero, a defensive belt beyond the query's `coalesce`). `getChecksum` is straight-line but I covered its full field surface (lineId, ean, ruleCode, baseAmount, earnAmount) plus the nullable-EAN case (null on both sides → stable), and the field initializers (`returnedAmount`/`returnedQuantity` default to zero).

**Approach notes:**
- No clock read in the class — `fiscalDate` range bounds are passed-in stored dates, so no `DateTimeProvider` needed.
- `sumBaseForRule` uses the JPA `EntityManager` (not a Panache finder), so I mocked `PanacheEntityBase.getEntityManager()` statically in try-with-resources and stubbed the `TypedQuery` chain.
- All `BigDecimal` assertions via `compareTo`, plus explicit `scale()==2` checks.

**Files read:** `EarnTraceLine.java`, `BaseEntity.java`, `EarnTraceTest.java` (pattern reference). **Iterations:** 1 (green on first `test` and first `verify`).

**Scope:** only the test class was created; `src/main` untouched. No testability obstacles found.
=== com.intermarche.fidelity.domain.FidelityAccount ===
=== com.intermarche.fidelity.domain.FidelityAccount ===
100% instructions, **18/18 branches**, 100%. Done.

## Report — `com.intermarche.fidelity.domain.FidelityAccount`

**Branch coverage: 18/18 (100%)** · Instructions 150/150 (100%) · Lines 23/23 · Methods 10/10 — no residue.

**Test class:** `src/test/java/com/intermarche/fidelity/domain/FidelityAccountTest.java` (new — no prior test existed). 22 tests, all green.

**Branches covered, leg by leg:**
- `canEarn()` — ACTIVE (leg1), PENDING_ACTIVATION (leg2), RESILIATED (both false)
- `canBurn()` — ACTIVE true; PENDING & RESILIATED false
- `isTransferred()` — null (leg1 false), blank (leg1 true/leg2 false), non-blank (both true)
- `findByCardNumber` / `lockByCardNumber` — found + null each
- `resolveActive()` while-guard `account != null && isTransferred() && guard++ < 100` — unknown start (leg1 false), live self (leg2 false), cycle self-reference exhausting the guard (leg3 false), dangling successor (`next == null` break), live successor (`next != null` advance)
- `listUnusedSince`, `page`, `getChecksum` (stable + divergent), field defaults (status ACTIVE, balance `0.00` scale 2)

**Doctrine applied:** plain unit — no `@QuarkusTest`/H2; static finders mocked via `mockStatic(PanacheEntityBase.class)` in try-with-resources; no `persist()` invoked so no `mockConstruction` needed; `BigDecimal` asserted by `compareTo`; no real clock — `listUnusedSince` threshold passed as a fixed argument (the class holds no `DateTimeProvider` read).

**Files read:** `FidelityAccount.java`, `AccountStatus.java`, `BatchRunLogTest.java` (bench style), `run-unit-campaign.sh`. **Iterations:** 1 (green on first `test` and first `verify`).

**Scope:** only the new test class was added; `src/main` untouched. No bugs or testability obstacles found.
100% instructions, **18/18 branches**, 100%. Done.

## Report — `com.intermarche.fidelity.domain.FidelityAccount`

**Branch coverage: 18/18 (100%)** · Instructions 150/150 (100%) · Lines 23/23 · Methods 10/10 — no residue.

**Test class:** `src/test/java/com/intermarche/fidelity/domain/FidelityAccountTest.java` (new — no prior test existed). 22 tests, all green.

**Branches covered, leg by leg:**
- `canEarn()` — ACTIVE (leg1), PENDING_ACTIVATION (leg2), RESILIATED (both false)
- `canBurn()` — ACTIVE true; PENDING & RESILIATED false
- `isTransferred()` — null (leg1 false), blank (leg1 true/leg2 false), non-blank (both true)
- `findByCardNumber` / `lockByCardNumber` — found + null each
- `resolveActive()` while-guard `account != null && isTransferred() && guard++ < 100` — unknown start (leg1 false), live self (leg2 false), cycle self-reference exhausting the guard (leg3 false), dangling successor (`next == null` break), live successor (`next != null` advance)
- `listUnusedSince`, `page`, `getChecksum` (stable + divergent), field defaults (status ACTIVE, balance `0.00` scale 2)

**Doctrine applied:** plain unit — no `@QuarkusTest`/H2; static finders mocked via `mockStatic(PanacheEntityBase.class)` in try-with-resources; no `persist()` invoked so no `mockConstruction` needed; `BigDecimal` asserted by `compareTo`; no real clock — `listUnusedSince` threshold passed as a fixed argument (the class holds no `DateTimeProvider` read).

**Files read:** `FidelityAccount.java`, `AccountStatus.java`, `BatchRunLogTest.java` (bench style), `run-unit-campaign.sh`. **Iterations:** 1 (green on first `test` and first `verify`).

**Scope:** only the new test class was added; `src/main` untouched. No bugs or testability obstacles found.
=== com.intermarche.fidelity.domain.FidelityActivation ===
=== com.intermarche.fidelity.domain.FidelityActivation ===
Full coverage confirmed.

## Report — `com.intermarche.fidelity.domain.FidelityActivation`

**Branch coverage: 12/12 (100%)** · Instructions 93/93 (100%) · Lines 9/9 · Methods 5/5 — no residue.

**Iterations:** 2 (test-green on first `test` run, 100% on first `verify`).

**Files read:**
- `src/main/java/com/intermarche/fidelity/domain/FidelityActivation.java` (target)
- `src/test/java/com/intermarche/fidelity/domain/FidelityAccountTest.java` (bench conventions)

**Branches covered (per leg / both arms):**
- `isActiveOn` reject guard `date==null || periodStart==null || date.isBefore(periodStart)` — one case per leg true (null date; null start; day-before-start), plus all-false fall-through.
- `isActiveOn` return `periodEnd==null || !date.isAfter(periodEnd)` — leg1 true (open-ended), leg2 true (end day, on-border), leg2 false (day-after-end). Both `periodStart` and `periodEnd` borders straddled by the two fixed dates encircling each (no clock read — dates are stored fields / passed args, §24.6).
- `findActive` — matching result and null.
- `getChecksum` ternary `account != null ? account.cardNumber : null` — non-null arm (with account) and null arm (account-less), plus stability and two divergence cases (card number, mission flag).

**Scope:** no `src/main` change; only the new test class added. No testability obstacles found.
Full coverage confirmed.

## Report — `com.intermarche.fidelity.domain.FidelityActivation`

**Branch coverage: 12/12 (100%)** · Instructions 93/93 (100%) · Lines 9/9 · Methods 5/5 — no residue.

**Iterations:** 2 (test-green on first `test` run, 100% on first `verify`).

**Files read:**
- `src/main/java/com/intermarche/fidelity/domain/FidelityActivation.java` (target)
- `src/test/java/com/intermarche/fidelity/domain/FidelityAccountTest.java` (bench conventions)

**Branches covered (per leg / both arms):**
- `isActiveOn` reject guard `date==null || periodStart==null || date.isBefore(periodStart)` — one case per leg true (null date; null start; day-before-start), plus all-false fall-through.
- `isActiveOn` return `periodEnd==null || !date.isAfter(periodEnd)` — leg1 true (open-ended), leg2 true (end day, on-border), leg2 false (day-after-end). Both `periodStart` and `periodEnd` borders straddled by the two fixed dates encircling each (no clock read — dates are stored fields / passed args, §24.6).
- `findActive` — matching result and null.
- `getChecksum` ternary `account != null ? account.cardNumber : null` — non-null arm (with account) and null arm (account-less), plus stability and two divergence cases (card number, mission flag).

**Scope:** no `src/main` change; only the new test class added. No testability obstacles found.
=== com.intermarche.fidelity.domain.FidelityCommunity ===
=== com.intermarche.fidelity.domain.FidelityCommunity ===
Done. Full coverage achieved.

## Report — `FidelityCommunityTest`

- **Branch count: 0/0** — JaCoCo reports `0 of 0` missed branches (the class has no conditional logic: two straight-line static finders + a pure `Objects.hash`-based `getChecksum()`).
- **Coverage: 100%** — instructions 67/67, methods 4/4, lines 6/6, all missed = 0.
- **Files read:** `FidelityCommunity.java` (target), `BaseEntity.java` (superclass/`getChecksum` contract), `AppUserTest.java` (repo unit-bench idiom for `mockStatic(PanacheEntityBase.class)`).
- **Iterations:** 1 (test green on first run; verify confirmed 100%).
- **Tests written (11):**
  - `findByCode()` — found and null (delegation to `PanacheEntityBase.find(...).firstResult()`).
  - `listAllByCode()` — delegation to ordered `PanacheEntityBase.list(...)`.
  - `getChecksum()` — stable for equal fields + one detection case per business field (code, label, monthlyCap as `BigDecimal`, enrollmentCap, renewalStartMonth, renewalEndMonth, eligibilityCriteria, active flag).
- **Residue:** none.

No temporal logic (no `DateTimeProvider` needed), no compound guards/ternaries, no protected division. Plain unit only; static finders mocked in try-with-resources. `src/main` untouched.
Done. Full coverage achieved.

## Report — `FidelityCommunityTest`

- **Branch count: 0/0** — JaCoCo reports `0 of 0` missed branches (the class has no conditional logic: two straight-line static finders + a pure `Objects.hash`-based `getChecksum()`).
- **Coverage: 100%** — instructions 67/67, methods 4/4, lines 6/6, all missed = 0.
- **Files read:** `FidelityCommunity.java` (target), `BaseEntity.java` (superclass/`getChecksum` contract), `AppUserTest.java` (repo unit-bench idiom for `mockStatic(PanacheEntityBase.class)`).
- **Iterations:** 1 (test green on first run; verify confirmed 100%).
- **Tests written (11):**
  - `findByCode()` — found and null (delegation to `PanacheEntityBase.find(...).firstResult()`).
  - `listAllByCode()` — delegation to ordered `PanacheEntityBase.list(...)`.
  - `getChecksum()` — stable for equal fields + one detection case per business field (code, label, monthlyCap as `BigDecimal`, enrollmentCap, renewalStartMonth, renewalEndMonth, eligibilityCriteria, active flag).
- **Residue:** none.

No temporal logic (no `DateTimeProvider` needed), no compound guards/ternaries, no protected division. Plain unit only; static finders mocked in try-with-resources. `src/main` untouched.
=== com.intermarche.fidelity.domain.FidelityMembership ===
=== com.intermarche.fidelity.domain.FidelityMembership ===
Green, full coverage.

## Report — `FidelityMembership`

- **Branch coverage:** **14/14 (100 %)** · Instructions 89/89 (100 %) · Methods 5/5 · Lines 9/9 — no residue.
- **Tests:** 13, all passing (`mvn -Dtest=FidelityMembershipTest verify`).

**Branches covered:**
- `isActiveOn` guard 1 `date==null || validFrom==null || date.isBefore(validFrom)` — one case per leg true (null date / null validFrom / day-before-start), plus all-false; boundary straddled at `validFrom` (day-before inactive, `validFrom` inclusive).
- `isActiveOn` guard 2 `validTo==null || !date.isAfter(validTo)` — open window (leg 1), inclusive end (leg 2), day-after-end (both false); boundary straddled at `validTo`.
- `getChecksum` — both arms of both ternaries (`account`/`community` null & non-null), stability and per-field divergence.
- `listForAccount` / `listActiveForAccount` — Panache `list(...)` delegation via `mockStatic(PanacheEntityBase.class)` in try-with-resources.

**Time handling:** class has no clock read; the fiscal date is a fixed argument, so window boundaries are tested by the two straddling `LocalDate` instants — no `DateTimeProvider` needed (§24.6).

**Files read:** `FidelityMembership.java` (target), `FidelityAccountTest.java` (bench pattern), field grep of `FidelityAccount`/`FidelityCommunity`.

**Iterations:** 1 (green on first `test`, 100 % branches on first `verify`).

**Scope:** only the new test class added; `src/main` untouched.
Green, full coverage.

## Report — `FidelityMembership`

- **Branch coverage:** **14/14 (100 %)** · Instructions 89/89 (100 %) · Methods 5/5 · Lines 9/9 — no residue.
- **Tests:** 13, all passing (`mvn -Dtest=FidelityMembershipTest verify`).

**Branches covered:**
- `isActiveOn` guard 1 `date==null || validFrom==null || date.isBefore(validFrom)` — one case per leg true (null date / null validFrom / day-before-start), plus all-false; boundary straddled at `validFrom` (day-before inactive, `validFrom` inclusive).
- `isActiveOn` guard 2 `validTo==null || !date.isAfter(validTo)` — open window (leg 1), inclusive end (leg 2), day-after-end (both false); boundary straddled at `validTo`.
- `getChecksum` — both arms of both ternaries (`account`/`community` null & non-null), stability and per-field divergence.
- `listForAccount` / `listActiveForAccount` — Panache `list(...)` delegation via `mockStatic(PanacheEntityBase.class)` in try-with-resources.

**Time handling:** class has no clock read; the fiscal date is a fixed argument, so window boundaries are tested by the two straddling `LocalDate` instants — no `DateTimeProvider` needed (§24.6).

**Files read:** `FidelityMembership.java` (target), `FidelityAccountTest.java` (bench pattern), field grep of `FidelityAccount`/`FidelityCommunity`.

**Iterations:** 1 (green on first `test`, 100 % branches on first `verify`).

**Scope:** only the new test class added; `src/main` untouched.
=== com.intermarche.fidelity.domain.FidelityMovement ===
=== com.intermarche.fidelity.domain.FidelityMovement ===
100% coverage confirmed. Let me clean up the stray build report artifacts check — but scope says touch only the test class, which I did.

## Report — `com.intermarche.fidelity.domain.FidelityMovement`

**Result:** `FidelityMovementTest` created (no prior test existed), 22 tests, all green.

**Coverage (JaCoCo, target class):**
- **Branches: 28/28 = 100%** (0 missed)
- Instructions: 352/352 = 100%; Lines: 50/50; Methods: 12/12

No residue.

**Branches covered, method by method:**
- `earnYearOf` — null/non-null ternary + the 31 Dec / 1 Jan fiscal border (§30.3) tested by the two straddling instants.
- `computeBalance`, `totalDebits`, `monthlyEarnTotal` — both arms of each `sum != null` coalesce, asserted at scale 2 by `compareTo` (§30.5, §31.2).
- `creditsByEarnYear`, `monthlyEarnByRule` — grouped aggregates via a mocked `EntityManager` from `getEntityManager()`; both arms of `row[1] != null`, plus `monthlyEarnByRule`'s `code == null` `continue` leg.
- `findByNaturalKey` — both arms of `ruleCode == null` (null-rule predicate vs `ruleCode = ?3`).
- `hasMovementForTicket` — all three legs of `ticketRef != null && count > 0` (null short-circuit verified with `verifyNoInteractions`, zero-count, positive-count).
- `hasBurnOn` — both arms of `count > 0`.
- `pageForAccount` — delegation to the newest-first paged query.
- `getChecksum` — both arms of the `account != null` ternary (attached card number vs null card number), plus stability and amount-divergence.

**Architecture:** plain unit only — no `@QuarkusTest`, no H2. Panache statics mocked via `mockStatic(PanacheEntityBase.class)` in try-with-resources; grouped queries through a mocked `EntityManager`/`TypedQuery`. No `persist()`/`mockConstruction` needed (the class has no instance persistence path). All temporal values passed as fixed arguments — no real clock.

**Files read:** `FidelityMovement.java`, `MovementType.java`, `pom.xml` (test tooling), and the existing patterns `FidelityAccountTest`, `EarnTraceTest`, `EarnTraceLineTest`.

**Iterations:** 1 (compiled and passed first run; verify confirmed 28/28).

**Scope:** only the test class was added; `src/main` untouched. No bugs or testability obstacles found.
100% coverage confirmed. Let me clean up the stray build report artifacts check — but scope says touch only the test class, which I did.

## Report — `com.intermarche.fidelity.domain.FidelityMovement`

**Result:** `FidelityMovementTest` created (no prior test existed), 22 tests, all green.

**Coverage (JaCoCo, target class):**
- **Branches: 28/28 = 100%** (0 missed)
- Instructions: 352/352 = 100%; Lines: 50/50; Methods: 12/12

No residue.

**Branches covered, method by method:**
- `earnYearOf` — null/non-null ternary + the 31 Dec / 1 Jan fiscal border (§30.3) tested by the two straddling instants.
- `computeBalance`, `totalDebits`, `monthlyEarnTotal` — both arms of each `sum != null` coalesce, asserted at scale 2 by `compareTo` (§30.5, §31.2).
- `creditsByEarnYear`, `monthlyEarnByRule` — grouped aggregates via a mocked `EntityManager` from `getEntityManager()`; both arms of `row[1] != null`, plus `monthlyEarnByRule`'s `code == null` `continue` leg.
- `findByNaturalKey` — both arms of `ruleCode == null` (null-rule predicate vs `ruleCode = ?3`).
- `hasMovementForTicket` — all three legs of `ticketRef != null && count > 0` (null short-circuit verified with `verifyNoInteractions`, zero-count, positive-count).
- `hasBurnOn` — both arms of `count > 0`.
- `pageForAccount` — delegation to the newest-first paged query.
- `getChecksum` — both arms of the `account != null` ternary (attached card number vs null card number), plus stability and amount-divergence.

**Architecture:** plain unit only — no `@QuarkusTest`, no H2. Panache statics mocked via `mockStatic(PanacheEntityBase.class)` in try-with-resources; grouped queries through a mocked `EntityManager`/`TypedQuery`. No `persist()`/`mockConstruction` needed (the class has no instance persistence path). All temporal values passed as fixed arguments — no real clock.

**Files read:** `FidelityMovement.java`, `MovementType.java`, `pom.xml` (test tooling), and the existing patterns `FidelityAccountTest`, `EarnTraceTest`, `EarnTraceLineTest`.

**Iterations:** 1 (compiled and passed first run; verify confirmed 28/28).

**Scope:** only the test class was added; `src/main` untouched. No bugs or testability obstacles found.
=== com.intermarche.fidelity.domain.FidelityProgramSetting ===
=== com.intermarche.fidelity.domain.FidelityProgramSetting ===
100% branch coverage confirmed. Report below.

## Report — `FidelityProgramSetting`

**Branch coverage:** 14/14 branches (0 missed) = **100 %**; instructions 84/84 = 100 %; all 6 methods, 17 lines covered. No residue.

**Tests:** 16, all green (`test` and `verify`).

**Branches enumerated & covered:**
- `findByKey()` — found / null (2).
- `getString()` — ternary non-null (value) / null (fallback) arms.
- `getDecimal()` — 3-leg guard `setting==null` ‖ `value==null` ‖ `value.isBlank()`, each leg true in isolation; all-false parse arm; `NumberFormatException` catch arm (5). Decimals asserted by `compareTo`, scale-2.
- `getInt()` — same 3 legs + parse + catch (5).
- `getChecksum()` — stable for equal fields / differs on value change (2).

**Approach:** plain unit — no `@QuarkusTest`/H2. Panache finder mocked via `mockStatic(PanacheEntityBase.class)` in try-with-resources through a `stubFind` helper. No temporal logic in the class, so no `DateTimeProvider`. Style mirrors the existing `AppUserTest` domain bench.

**Files read:** `src/main/.../domain/FidelityProgramSetting.java`, `src/test/.../domain/AppUserTest.java` (pattern reference), JaCoCo report.

**Iterations:** 1 (green on first run; verify confirmed full branch coverage).

**Scope:** only the new test class created; no `src/main` touched.
100% branch coverage confirmed. Report below.

## Report — `FidelityProgramSetting`

**Branch coverage:** 14/14 branches (0 missed) = **100 %**; instructions 84/84 = 100 %; all 6 methods, 17 lines covered. No residue.

**Tests:** 16, all green (`test` and `verify`).

**Branches enumerated & covered:**
- `findByKey()` — found / null (2).
- `getString()` — ternary non-null (value) / null (fallback) arms.
- `getDecimal()` — 3-leg guard `setting==null` ‖ `value==null` ‖ `value.isBlank()`, each leg true in isolation; all-false parse arm; `NumberFormatException` catch arm (5). Decimals asserted by `compareTo`, scale-2.
- `getInt()` — same 3 legs + parse + catch (5).
- `getChecksum()` — stable for equal fields / differs on value change (2).

**Approach:** plain unit — no `@QuarkusTest`/H2. Panache finder mocked via `mockStatic(PanacheEntityBase.class)` in try-with-resources through a `stubFind` helper. No temporal logic in the class, so no `DateTimeProvider`. Style mirrors the existing `AppUserTest` domain bench.

**Files read:** `src/main/.../domain/FidelityProgramSetting.java`, `src/test/.../domain/AppUserTest.java` (pattern reference), JaCoCo report.

**Iterations:** 1 (green on first run; verify confirmed full branch coverage).

**Scope:** only the new test class created; no `src/main` touched.
=== com.intermarche.fidelity.domain.FidelityReservation ===
=== com.intermarche.fidelity.domain.FidelityReservation ===
Full coverage confirmed.

## Report — `FidelityReservation`

- **Branch coverage: 12/12 (100 %)** — JaCoCo `0 of 12` missed.
- **Instruction coverage: 100 %** — `0 of 101` missed.
- **Result:** new test class `FidelityReservationTest` created (no prior test existed); 13 tests, all green.

**Branches covered**
- `isExpiredAt`: `at != null` (both arms, incl. `at == null` reading a frozen `DateTimeProvider`); `expiresAt != null` (both); `!moment.isBefore(expiresAt)` tested at the three border positions (before / equal / after) with both the passed instant and the clock.
- `isHolding`: `&&` leg by leg — non-ACTIVE (leg1 false), ACTIVE+unexpired (both true), ACTIVE+expired (leg2 false).
- `findActiveForAccount`: found and null (finder mocked via `PanacheEntityBase`).
- `listExpired`: list returned verbatim.
- `getChecksum`: ternary `account != null` both arms — stable, changes-with-amount, null-account folds null card.

**Method notes**
- Time is fully frozen: `DateTimeProvider.setFixedDateTime` for the `at == null` arm, cleared in `@AfterEach`; expiry border tested by the two straddling instants, never the wall clock (§24.6).
- `BigDecimal` scale divergence exercised via the `99.99` amount case (§30.5).

**Files read:** `FidelityReservation.java`, `DateTimeProvider.java`, `ReservationState.java`, `FidelityMovementTest.java` (pattern).
**Iterations:** 1 (green on first `test`, 100 % on first `verify`).
**Residue:** none.
**Scope:** only the new test class touched; `src/main` untouched.
Full coverage confirmed.

## Report — `FidelityReservation`

- **Branch coverage: 12/12 (100 %)** — JaCoCo `0 of 12` missed.
- **Instruction coverage: 100 %** — `0 of 101` missed.
- **Result:** new test class `FidelityReservationTest` created (no prior test existed); 13 tests, all green.

**Branches covered**
- `isExpiredAt`: `at != null` (both arms, incl. `at == null` reading a frozen `DateTimeProvider`); `expiresAt != null` (both); `!moment.isBefore(expiresAt)` tested at the three border positions (before / equal / after) with both the passed instant and the clock.
- `isHolding`: `&&` leg by leg — non-ACTIVE (leg1 false), ACTIVE+unexpired (both true), ACTIVE+expired (leg2 false).
- `findActiveForAccount`: found and null (finder mocked via `PanacheEntityBase`).
- `listExpired`: list returned verbatim.
- `getChecksum`: ternary `account != null` both arms — stable, changes-with-amount, null-account folds null card.

**Method notes**
- Time is fully frozen: `DateTimeProvider.setFixedDateTime` for the `at == null` arm, cleared in `@AfterEach`; expiry border tested by the two straddling instants, never the wall clock (§24.6).
- `BigDecimal` scale divergence exercised via the `99.99` amount case (§30.5).

**Files read:** `FidelityReservation.java`, `DateTimeProvider.java`, `ReservationState.java`, `FidelityMovementTest.java` (pattern).
**Iterations:** 1 (green on first `test`, 100 % on first `verify`).
**Residue:** none.
**Scope:** only the new test class touched; `src/main` untouched.
=== com.intermarche.fidelity.domain.FidelityRule ===
=== com.intermarche.fidelity.domain.FidelityRule ===
One residual branch on line 295 — the justified residue. Done.

## Report — `FidelityRule`

**Branches: 45/46 (97% JaCoCo branch), instructions 302/302 (100%)** — the single miss is justified below.

**Coverage by method (all branches/arms/legs):**
- `onCreate()` / `onUpdate()` → `rebuildTiersFromSpecification()`: spec `null` leg, blank leg, well-formed; malformed JSON → `IllegalStateException`(code); `tiers` absent, non-array, array; non-object element skipped; `readDecimal` all three legs (absent / JSON-null / non-numeric / numeric); `missionRequired` true / explicit-false / absent. Audit stamps asserted against the fixed instant.
- `communityCodeFromSpec()`: null spec, blank spec, textual-trimmed, textual-blank→null, non-textual node, absent field, malformed JSON→null.
- `isInForceAt(at)`: explicit-vs-`null` (clock) arms; `!active`, `validFrom==null`, before-window legs; **both borders straddled** — just-before/at `validFrom` (inclusive), just-before/at `validTo` (exclusive); open rule (`validTo==null`).
- `findByCode` (found + null), `listByType`, `listInForceAt`: Panache finders mocked via `PanacheEntityBase` in try-with-resources.
- `getChecksum()`: stable + one case per each of the 10 backbone fields; `BigDecimal` compared by `compareTo`.

**Justified residue (1 branch):** `FidelityRule.java:295` `value == null || value.isBlank() ? …` — the `value == null` *true* arm is unreachable: `JsonNode.asText()` never returns `null` for a node already proven `isTextual()`. It is defensive null-guarding on a parser (per CLAUDE.md "gardes de nullité sur tout parseur") with no input that can exercise it.

**Time:** frozen through `DateTimeProvider` (fixed `2026-06-15T12:00`), cleared per test; no real clock read.

**Files read:** `FidelityRule.java`, `FidelityRuleTier.java`, `BaseEntity.java`, `DateTimeProvider.java`, `FidelityCommunityTest.java`, `BaseEntityTest.java`.
**Iterations:** 1 test run (green first pass) + 1 verify. **Scope:** only the new test class; `src/main` untouched.
One residual branch on line 295 — the justified residue. Done.

## Report — `FidelityRule`

**Branches: 45/46 (97% JaCoCo branch), instructions 302/302 (100%)** — the single miss is justified below.

**Coverage by method (all branches/arms/legs):**
- `onCreate()` / `onUpdate()` → `rebuildTiersFromSpecification()`: spec `null` leg, blank leg, well-formed; malformed JSON → `IllegalStateException`(code); `tiers` absent, non-array, array; non-object element skipped; `readDecimal` all three legs (absent / JSON-null / non-numeric / numeric); `missionRequired` true / explicit-false / absent. Audit stamps asserted against the fixed instant.
- `communityCodeFromSpec()`: null spec, blank spec, textual-trimmed, textual-blank→null, non-textual node, absent field, malformed JSON→null.
- `isInForceAt(at)`: explicit-vs-`null` (clock) arms; `!active`, `validFrom==null`, before-window legs; **both borders straddled** — just-before/at `validFrom` (inclusive), just-before/at `validTo` (exclusive); open rule (`validTo==null`).
- `findByCode` (found + null), `listByType`, `listInForceAt`: Panache finders mocked via `PanacheEntityBase` in try-with-resources.
- `getChecksum()`: stable + one case per each of the 10 backbone fields; `BigDecimal` compared by `compareTo`.

**Justified residue (1 branch):** `FidelityRule.java:295` `value == null || value.isBlank() ? …` — the `value == null` *true* arm is unreachable: `JsonNode.asText()` never returns `null` for a node already proven `isTextual()`. It is defensive null-guarding on a parser (per CLAUDE.md "gardes de nullité sur tout parseur") with no input that can exercise it.

**Time:** frozen through `DateTimeProvider` (fixed `2026-06-15T12:00`), cleared per test; no real clock read.

**Files read:** `FidelityRule.java`, `FidelityRuleTier.java`, `BaseEntity.java`, `DateTimeProvider.java`, `FidelityCommunityTest.java`, `BaseEntityTest.java`.
**Iterations:** 1 test run (green first pass) + 1 verify. **Scope:** only the new test class; `src/main` untouched.
=== com.intermarche.fidelity.domain.FidelityRuleTier ===
=== com.intermarche.fidelity.domain.FidelityRuleTier ===
All green. Report:

**FidelityRuleTier — test campaign**

- **Branch coverage:** 0 of 0 branches (n/a) — the class has no guards or ternaries; JaCoCo confirms nothing to branch on.
- **Instruction coverage:** 100 % (0 of 34 missed). All methods covered (2 of 2 methods, 2 of 2 lines).
- **Class shape:** a Panache entity whose only own logic is `getChecksum()` = `Objects.hash(rank, threshold, rate, rewardAmount, missionRequired)`. No temporal logic (no `DateTimeProvider` needed), no static finders (no `mockStatic`), no JSON parsing.
- **Cases written (8):** stable checksum for equal fields; one isolated variation per business field proving each participates in the hash (rank, threshold, rate, rewardAmount, missionRequired); an all-null-decimals case proving `Objects.hash` tolerates the nullable columns; and the `rule` back-reference. `BigDecimal` fields set via `compareTo`-safe scaled values.
- **Files read (3):** `FidelityRuleTier.java` (target), `BaseEntity.java` (checksum lifecycle context), `FidelityRuleTest.java` (bench style).
- **Iterations:** 1 — compiled and passed `test` then `verify` first try.
- **Justified residue:** none. New test file only; `src/main` untouched.
All green. Report:

**FidelityRuleTier — test campaign**

- **Branch coverage:** 0 of 0 branches (n/a) — the class has no guards or ternaries; JaCoCo confirms nothing to branch on.
- **Instruction coverage:** 100 % (0 of 34 missed). All methods covered (2 of 2 methods, 2 of 2 lines).
- **Class shape:** a Panache entity whose only own logic is `getChecksum()` = `Objects.hash(rank, threshold, rate, rewardAmount, missionRequired)`. No temporal logic (no `DateTimeProvider` needed), no static finders (no `mockStatic`), no JSON parsing.
- **Cases written (8):** stable checksum for equal fields; one isolated variation per business field proving each participates in the hash (rank, threshold, rate, rewardAmount, missionRequired); an all-null-decimals case proving `Objects.hash` tolerates the nullable columns; and the `rule` back-reference. `BigDecimal` fields set via `compareTo`-safe scaled values.
- **Files read (3):** `FidelityRuleTier.java` (target), `BaseEntity.java` (checksum lifecycle context), `FidelityRuleTest.java` (bench style).
- **Iterations:** 1 — compiled and passed `test` then `verify` first try.
- **Justified residue:** none. New test file only; `src/main` untouched.
=== com.intermarche.fidelity.domain.MovementType ===
=== com.intermarche.fidelity.domain.MovementType ===
Green and fully covered.

## Report — `MovementType`

- **Result:** 7 tests, all pass. `mvn verify` clean.
- **Branch coverage:** n/a — the enum has **0 branches** (JaCoCo branch column: `n/a`); the synthetic `values()`/`valueOf()`/`static{}` carry no conditionals. Instruction coverage **57/57 = 100 %**; missed complexity 0.
- **What's covered:** closed ordered set of the 9 constants (`values()` + length), fresh defensive-array-per-call, `name()` spelling of each constant, `ordinal()` of each, `valueOf` round-trip over every constant, `valueOf` unknown-name → `IllegalArgumentException`, `valueOf(null)` → `NullPointerException`.
- **Files read:** `MovementType.java` (target); `AccountStatusTest.java` + `AccountStatus.java` (sibling enum test to match style).
- **Iterations:** 1 (green on first run).
- **Justified residue:** none — 0 uncovered branches/lines.
- **Scope:** no `src/main` touched; only the new test class added. No `DateTimeProvider`/clock, no Panache (branchless enum, nothing to mock).
Green and fully covered.

## Report — `MovementType`

- **Result:** 7 tests, all pass. `mvn verify` clean.
- **Branch coverage:** n/a — the enum has **0 branches** (JaCoCo branch column: `n/a`); the synthetic `values()`/`valueOf()`/`static{}` carry no conditionals. Instruction coverage **57/57 = 100 %**; missed complexity 0.
- **What's covered:** closed ordered set of the 9 constants (`values()` + length), fresh defensive-array-per-call, `name()` spelling of each constant, `ordinal()` of each, `valueOf` round-trip over every constant, `valueOf` unknown-name → `IllegalArgumentException`, `valueOf(null)` → `NullPointerException`.
- **Files read:** `MovementType.java` (target); `AccountStatusTest.java` + `AccountStatus.java` (sibling enum test to match style).
- **Iterations:** 1 (green on first run).
- **Justified residue:** none — 0 uncovered branches/lines.
- **Scope:** no `src/main` touched; only the new test class added. No `DateTimeProvider`/clock, no Panache (branchless enum, nothing to mock).
=== com.intermarche.fidelity.domain.package-info ===
=== com.intermarche.fidelity.domain.package-info ===
`package-info.java` for `com.intermarche.fidelity.domain` contains only package-level Javadoc and the `package` declaration — no class, no methods, no branches, nothing executable. There is no testable surface, so no unit test class can or should be generated for it (0 branches → nothing to cover). Skipping per the STRICT scope rule; recommend excluding `package-info` from the test campaign target list.
`package-info.java` for `com.intermarche.fidelity.domain` contains only package-level Javadoc and the `package` declaration — no class, no methods, no branches, nothing executable. There is no testable surface, so no unit test class can or should be generated for it (0 branches → nothing to cover). Skipping per the STRICT scope rule; recommend excluding `package-info` from the test campaign target list.
=== com.intermarche.fidelity.domain.PasswordResetToken ===
=== com.intermarche.fidelity.domain.PasswordResetToken ===
Full coverage — 100% instructions, 100% branches (10/10), all 5 methods covered.

## Report — `PasswordResetToken`

- **Branches:** 10/10 (100%), instructions 72/72 (100%), lines & methods 100% per JaCoCo. No residue.
- **Tests:** 9 cases, green on `test` and `verify`.
- **Coverage by member:**
  - `isUsableAt` — four-leg `&&` covered leg by leg: `usedAt` non-null; `expiresAt` null; `at` null; `at` at the expiry border (not before); all-true one second before the border. Expiry frontier tested by the two straddling instants, no wall clock (§24.6, §29.6).
  - `findByHash` — match + null first-result, via `mockStatic(PanacheEntityBase)` in try-with-resources.
  - `deletePendingFor` — static `delete(...)` returns the count.
  - `getChecksum` — both arms of the `user != null` ternary (attached vs. null user), plus stability and change-detection assertions.
- **Files read:** target `PasswordResetToken`, `BaseEntity`, sibling `FidelityReservationTest` (pattern), `EarnTraceTest` (static-delete idiom); grep for `AppUser.username`.
- **Iterations:** 1 (green + full coverage on first run).
- **Scope:** only the new test class added; `src/main` untouched. No testability obstacles found.
Full coverage — 100% instructions, 100% branches (10/10), all 5 methods covered.

## Report — `PasswordResetToken`

- **Branches:** 10/10 (100%), instructions 72/72 (100%), lines & methods 100% per JaCoCo. No residue.
- **Tests:** 9 cases, green on `test` and `verify`.
- **Coverage by member:**
  - `isUsableAt` — four-leg `&&` covered leg by leg: `usedAt` non-null; `expiresAt` null; `at` null; `at` at the expiry border (not before); all-true one second before the border. Expiry frontier tested by the two straddling instants, no wall clock (§24.6, §29.6).
  - `findByHash` — match + null first-result, via `mockStatic(PanacheEntityBase)` in try-with-resources.
  - `deletePendingFor` — static `delete(...)` returns the count.
  - `getChecksum` — both arms of the `user != null` ternary (attached vs. null user), plus stability and change-detection assertions.
- **Files read:** target `PasswordResetToken`, `BaseEntity`, sibling `FidelityReservationTest` (pattern), `EarnTraceTest` (static-delete idiom); grep for `AppUser.username`.
- **Iterations:** 1 (green + full coverage on first run).
- **Scope:** only the new test class added; `src/main` untouched. No testability obstacles found.
=== com.intermarche.fidelity.domain.PendingReturn ===
=== com.intermarche.fidelity.domain.PendingReturn ===
Done. `PendingReturnTest` is green and covers the class fully.

## Report

- **Branch count:** n/a — `PendingReturn` has no conditional logic (no guards, ternaries, or divisions); JaCoCo reports **0 missed branches** and marks the branch column `n/a`. Instruction/line/method coverage: **100%** (37/37 instructions, 4/4 lines, 4/4 methods).
- **Coverage:** 100 %.
- **Files read:** `PendingReturn.java` (target), `BaseEntity.java` (superclass — checksum lifecycle), `PasswordResetTokenTest.java` (bench pattern for the `PanacheEntityBase` static-mock idiom).
- **Iterations:** 1 (test green first pass, verify confirmed 100%).
- **Cases written (7):**
  - `findByReturnTicketRef`: found (`firstResult` → match) + absent (→ null), via `mockStatic(PanacheEntityBase.class)`.
  - `listAwaitingOrigin`: populated list + empty list (never-null contract).
  - `getChecksum`: stability for equal fields, divergence on `returnTicketRef`, divergence on `originTicketRef` (both `Objects.hash` components exercised).
- **Justified residue:** none — no branches to reason about; `getChecksum` folds both business references, both proven to affect the hash.
- **Scope:** only the new test class was added; `src/main` untouched.

No testability obstacles found.
Done. `PendingReturnTest` is green and covers the class fully.

## Report

- **Branch count:** n/a — `PendingReturn` has no conditional logic (no guards, ternaries, or divisions); JaCoCo reports **0 missed branches** and marks the branch column `n/a`. Instruction/line/method coverage: **100%** (37/37 instructions, 4/4 lines, 4/4 methods).
- **Coverage:** 100 %.
- **Files read:** `PendingReturn.java` (target), `BaseEntity.java` (superclass — checksum lifecycle), `PasswordResetTokenTest.java` (bench pattern for the `PanacheEntityBase` static-mock idiom).
- **Iterations:** 1 (test green first pass, verify confirmed 100%).
- **Cases written (7):**
  - `findByReturnTicketRef`: found (`firstResult` → match) + absent (→ null), via `mockStatic(PanacheEntityBase.class)`.
  - `listAwaitingOrigin`: populated list + empty list (never-null contract).
  - `getChecksum`: stability for equal fields, divergence on `returnTicketRef`, divergence on `originTicketRef` (both `Objects.hash` components exercised).
- **Justified residue:** none — no branches to reason about; `getChecksum` folds both business references, both proven to affect the hash.
- **Scope:** only the new test class was added; `src/main` untouched.

No testability obstacles found.
=== com.intermarche.fidelity.domain.Product ===
=== com.intermarche.fidelity.domain.Product ===
Done. `ProductTest` created and passing.

## Report

**Class under test:** `com.intermarche.fidelity.domain.Product` (new test class — none existed).

**Branch coverage:** **18/18 = 100%** (JaCoCo), instructions 184/184 = 100%, methods 7/7, lines 21/21. No residue.

**Tests:** 18 run, 0 failures.

**Branches enumerated & covered:**
- `standardQuantity` — UNIT arm; ternary VOLUME→`referenceVolume` / WEIGHT→`referenceWeight`; protected-division guard both legs: `reference==null` (leg 1) and `compareTo(ZERO)==0` (leg 2, zero denominator), plus the non-null/non-zero divide path (§31.2). All `BigDecimal` asserted by `compareTo` at scale 6.
- `findByEan` — found / null.
- `findActiveByEan` — active query path.
- `findByEans` — `eans==null` (leg 1), `isEmpty()` (leg 2), populated (both false).
- `search` — ternary `query==null` true (null) / false (blank, trimmed to empty); `isEmpty()` true / false; `allMatch(isDigit)` true (numeric→EAN prefix) / false (textual→name/brand). Verified the exact query strings/params (`"324%"`, `"%milk%"`, `"milk%"`).
- `getChecksum` — stable for equal fields; changes on a differing field.
- Field initializer — `active` defaults to `true`.

**Approach:** Plain JUnit 5 + Mockito, no `@QuarkusTest`/H2. Static Panache finders mocked via `mockStatic(PanacheEntityBase.class)` in try-with-resources; paging via `PanacheQuery` mocks. No clock reads exist in `Product`, so no `DateTimeProvider` injection was needed (noted in the class Javadoc). Javadoc on every method, `Assertions` only, no blank lines in method bodies.

**Files read:** `Product.java`, `ProductType.java`, `FidelityAccountTest.java` (template). **Iterations:** 1 (green on first `test`, 100% branches on first `verify`).

**Scope:** only the new test class was added; `src/main` untouched. No bugs or testability obstacles found.
Done. `ProductTest` created and passing.

## Report

**Class under test:** `com.intermarche.fidelity.domain.Product` (new test class — none existed).

**Branch coverage:** **18/18 = 100%** (JaCoCo), instructions 184/184 = 100%, methods 7/7, lines 21/21. No residue.

**Tests:** 18 run, 0 failures.

**Branches enumerated & covered:**
- `standardQuantity` — UNIT arm; ternary VOLUME→`referenceVolume` / WEIGHT→`referenceWeight`; protected-division guard both legs: `reference==null` (leg 1) and `compareTo(ZERO)==0` (leg 2, zero denominator), plus the non-null/non-zero divide path (§31.2). All `BigDecimal` asserted by `compareTo` at scale 6.
- `findByEan` — found / null.
- `findActiveByEan` — active query path.
- `findByEans` — `eans==null` (leg 1), `isEmpty()` (leg 2), populated (both false).
- `search` — ternary `query==null` true (null) / false (blank, trimmed to empty); `isEmpty()` true / false; `allMatch(isDigit)` true (numeric→EAN prefix) / false (textual→name/brand). Verified the exact query strings/params (`"324%"`, `"%milk%"`, `"milk%"`).
- `getChecksum` — stable for equal fields; changes on a differing field.
- Field initializer — `active` defaults to `true`.

**Approach:** Plain JUnit 5 + Mockito, no `@QuarkusTest`/H2. Static Panache finders mocked via `mockStatic(PanacheEntityBase.class)` in try-with-resources; paging via `PanacheQuery` mocks. No clock reads exist in `Product`, so no `DateTimeProvider` injection was needed (noted in the class Javadoc). Javadoc on every method, `Assertions` only, no blank lines in method bodies.

**Files read:** `Product.java`, `ProductType.java`, `FidelityAccountTest.java` (template). **Iterations:** 1 (green on first `test`, 100% branches on first `verify`).

**Scope:** only the new test class was added; `src/main` untouched. No bugs or testability obstacles found.
=== com.intermarche.fidelity.domain.ProductFamily ===
=== com.intermarche.fidelity.domain.ProductFamily ===
100% coverage confirmed. Report below.

## Report — `com.intermarche.fidelity.domain.ProductFamily`

**Coverage:** branches **58/58 (100%)**, instructions 318/318 (100%), lines 65/65, methods 13/13, cxty 42/42 — no residue.

**Tests:** 32, all green. New file `src/test/java/com/intermarche/fidelity/domain/ProductFamilyTest.java` (no prior test existed).

**Branch enumeration covered:**
- `findByCode` — found / null result.
- `findAllFamiliesForProduct` — guard leg `product==null`, leg `product.id==null`, both-false with a two-level graph walk (exercises the recursion loop body).
- `findAncestorsRecursive` — cycle guard `contains` true (skip, no query) and false (add + query parents, empty tail).
- `productHasFlag` — three guard legs (`product==null`, `flag==null`, `flag.isBlank()`) plus loop found / not-found.
- `searchFlags` — ternary `query==null` (both arms), `trimmed.isEmpty()` skip via `"FRUIT,,VEG"`, `term.isEmpty()` add, `contains` true (`FRUIT`) and false, and the `limit` truncation.
- `addFlag` — `token==null`, `token.isBlank()`, new-on-null-flags (drives `getFlagsSet()` null branch), already-present (no re-serialize).
- `removeFlag` — `token==null`, present-not-last (else update), last (nulls field), absent, blank-flags (drives `getFlagsSet()` blank branch).
- `hasFlag` — four guard legs (`token==null`, blank, `flags==null`, flags blank), present (empty-segment filter both legs via `"ORGANIC,,SEASONAL"`), absent.
- `getChecksum` — equal-fields stability, description divergence.

**Approach notes:** Pure logic and graph arithmetic asserted directly; Panache static finders (`find`/`list`) mocked via `mockStatic(PanacheEntityBase.class)` in try-with-resources per the imfid bench. No clock read exists in the class, so no `DateTimeProvider` injection was needed. Entity `equals/hashCode` is id-based, so families were given ids to make `HashSet` membership deterministic.

**Files read:** `ProductFamily.java`, `BaseEntity.java`, `ProductTest.java` (pattern), `FidelityCommunityTest.java` (list-mock pattern).

**Iterations:** 1 (green on first `test` run, 100% branches on first `verify`).

**Scope:** no `src/main` changes; no obstacles or bugs found.
100% coverage confirmed. Report below.

## Report — `com.intermarche.fidelity.domain.ProductFamily`

**Coverage:** branches **58/58 (100%)**, instructions 318/318 (100%), lines 65/65, methods 13/13, cxty 42/42 — no residue.

**Tests:** 32, all green. New file `src/test/java/com/intermarche/fidelity/domain/ProductFamilyTest.java` (no prior test existed).

**Branch enumeration covered:**
- `findByCode` — found / null result.
- `findAllFamiliesForProduct` — guard leg `product==null`, leg `product.id==null`, both-false with a two-level graph walk (exercises the recursion loop body).
- `findAncestorsRecursive` — cycle guard `contains` true (skip, no query) and false (add + query parents, empty tail).
- `productHasFlag` — three guard legs (`product==null`, `flag==null`, `flag.isBlank()`) plus loop found / not-found.
- `searchFlags` — ternary `query==null` (both arms), `trimmed.isEmpty()` skip via `"FRUIT,,VEG"`, `term.isEmpty()` add, `contains` true (`FRUIT`) and false, and the `limit` truncation.
- `addFlag` — `token==null`, `token.isBlank()`, new-on-null-flags (drives `getFlagsSet()` null branch), already-present (no re-serialize).
- `removeFlag` — `token==null`, present-not-last (else update), last (nulls field), absent, blank-flags (drives `getFlagsSet()` blank branch).
- `hasFlag` — four guard legs (`token==null`, blank, `flags==null`, flags blank), present (empty-segment filter both legs via `"ORGANIC,,SEASONAL"`), absent.
- `getChecksum` — equal-fields stability, description divergence.

**Approach notes:** Pure logic and graph arithmetic asserted directly; Panache static finders (`find`/`list`) mocked via `mockStatic(PanacheEntityBase.class)` in try-with-resources per the imfid bench. No clock read exists in the class, so no `DateTimeProvider` injection was needed. Entity `equals/hashCode` is id-based, so families were given ids to make `HashSet` membership deterministic.

**Files read:** `ProductFamily.java`, `BaseEntity.java`, `ProductTest.java` (pattern), `FidelityCommunityTest.java` (list-mock pattern).

**Iterations:** 1 (green on first `test` run, 100% branches on first `verify`).

**Scope:** no `src/main` changes; no obstacles or bugs found.
=== com.intermarche.fidelity.domain.ProductType ===
=== com.intermarche.fidelity.domain.ProductType ===
Green and fully covered.

## Report — `com.intermarche.fidelity.domain.ProductType`

**Target:** branchless enum (3 constants `UNIT`, `WEIGHT`, `VOLUME`; no methods, no fields).

**Branches:** 0/0 — the class has no conditional logic. JaCoCo: **instructions 21/21 (100%)**, **branches 0 of 0 (n/a)**, methods 4/4, lines 1/1. No residue.

**Tests (7, all green):** closed ordered set via `values()`; fresh defensive-array copy (mutation doesn't leak); per-constant `name()` spelling; per-constant `ordinal()`; `valueOf` round-trip over every constant; `valueOf` rejects unknown name (`IllegalArgumentException`); `valueOf(null)` throws `NullPointerException`. Pure unit — no `@QuarkusTest`, no H2, no clock/`DateTimeProvider`, no Panache. Mirrors the existing `AccountStatusTest` pattern.

**Files read:** `ProductType.java`, `AccountStatusTest.java` (style reference), test dir listing.

**Iterations:** 1 (compiled and passed first run; verify confirmed 100%).

**Scope:** only the new test class `ProductTypeTest.java` created; `src/main` untouched. No bugs or testability obstacles found.
Green and fully covered.

## Report — `com.intermarche.fidelity.domain.ProductType`

**Target:** branchless enum (3 constants `UNIT`, `WEIGHT`, `VOLUME`; no methods, no fields).

**Branches:** 0/0 — the class has no conditional logic. JaCoCo: **instructions 21/21 (100%)**, **branches 0 of 0 (n/a)**, methods 4/4, lines 1/1. No residue.

**Tests (7, all green):** closed ordered set via `values()`; fresh defensive-array copy (mutation doesn't leak); per-constant `name()` spelling; per-constant `ordinal()`; `valueOf` round-trip over every constant; `valueOf` rejects unknown name (`IllegalArgumentException`); `valueOf(null)` throws `NullPointerException`. Pure unit — no `@QuarkusTest`, no H2, no clock/`DateTimeProvider`, no Panache. Mirrors the existing `AccountStatusTest` pattern.

**Files read:** `ProductType.java`, `AccountStatusTest.java` (style reference), test dir listing.

**Iterations:** 1 (compiled and passed first run; verify confirmed 100%).

**Scope:** only the new test class `ProductTypeTest.java` created; `src/main` untouched. No bugs or testability obstacles found.
=== com.intermarche.fidelity.domain.ReservationState ===
=== com.intermarche.fidelity.domain.ReservationState ===
Green and fully covered.

## Report — `com.intermarche.fidelity.domain.ReservationState`

**Branch count: n/a (0 branches).** `ReservationState` is a branchless four-constant enum with no methods, so JaCoCo reports no branch counter for it (`Missed branches: n/a`). Instruction coverage **100 % (27/27)**, line coverage **100 %**, method coverage **1/1** (the synthetic `values`/`valueOf`/`<clinit>` are exercised).

**JaCoCo (target class):** instructions 27/27, complexity 1/1, lines covered, all green — no residue.

**Tests written (7):**
- `values()` — closed ordered set of the four states + length.
- `values()` — fresh defensive array, mutation doesn't leak.
- `name()` — spelling of each constant.
- `ordinal()` — declaration order pinned (0–3).
- `valueOf()` — round-trips every constant.
- `valueOf()` — unknown name → `IllegalArgumentException`.
- `valueOf()` — null name → `NullPointerException` (null arm of the synthetic guard).

**Files read:** `ReservationState.java` (target), `MovementTypeTest.java` (sibling-enum style reference).

**Iterations:** 1 (green on first `test`, confirmed on `verify`).

**Residue:** none. No `DateTimeProvider`, Panache, or `BigDecimal` involved — pure branchless enum, mirrors the established `MovementTypeTest` pattern.
Green and fully covered.

## Report — `com.intermarche.fidelity.domain.ReservationState`

**Branch count: n/a (0 branches).** `ReservationState` is a branchless four-constant enum with no methods, so JaCoCo reports no branch counter for it (`Missed branches: n/a`). Instruction coverage **100 % (27/27)**, line coverage **100 %**, method coverage **1/1** (the synthetic `values`/`valueOf`/`<clinit>` are exercised).

**JaCoCo (target class):** instructions 27/27, complexity 1/1, lines covered, all green — no residue.

**Tests written (7):**
- `values()` — closed ordered set of the four states + length.
- `values()` — fresh defensive array, mutation doesn't leak.
- `name()` — spelling of each constant.
- `ordinal()` — declaration order pinned (0–3).
- `valueOf()` — round-trips every constant.
- `valueOf()` — unknown name → `IllegalArgumentException`.
- `valueOf()` — null name → `NullPointerException` (null arm of the synthetic guard).

**Files read:** `ReservationState.java` (target), `MovementTypeTest.java` (sibling-enum style reference).

**Iterations:** 1 (green on first `test`, confirmed on `verify`).

**Residue:** none. No `DateTimeProvider`, Panache, or `BigDecimal` involved — pure branchless enum, mirrors the established `MovementTypeTest` pattern.
## Résultat : tout est vert ✅

`mvn -q verify -DskipITs` → **BUILD SUCCESS**, `Tests run: 899, Failures: 0, Errors: 0`. (Les stack traces dans les logs viennent de tests de chemins d'erreur qui journalisent volontairement — aucun échec.)

### Couverture de branches JaCoCo — package `com.intermarche.fidelity.domain`

| Classe | Branches |
|---|---|
| AppUser | 24/24 (100 %) |
| BaseEntity | 10/10 (100 %) |
| EarnTrace | 2/2 (100 %) |
| EarnTraceLine | 2/2 (100 %) |
| FidelityAccount | 18/18 (100 %) |
| FidelityActivation | 12/12 (100 %) |
| FidelityMembership | 14/14 (100 %) |
| FidelityMovement | 28/28 (100 %) |
| FidelityProgramSetting | 14/14 (100 %) |
| FidelityReservation | 12/12 (100 %) |
| **FidelityRule** | **45/46 (97,8 %)** |
| PasswordResetToken | 10/10 (100 %) |
| Product | 18/18 (100 %) |
| ProductFamily | 58/58 (100 %) |
| AccountStatus | 0/0 — enum, sans branche |
| BatchRunLog | 0/0 — sans branche |
| FidelityCommunity | 0/0 — sans branche |
| FidelityRuleTier | 0/0 — sans branche |
| MovementType | 0/0 — enum, sans branche |
| PendingReturn | 0/0 — sans branche |
| ProductType | 0/0 — enum, sans branche |
| ReservationState | 0/0 — enum, sans branche |

**Classes sans test :** aucune — les 22 classes du package ont une classe de test.

**Résidu justifié (1 branche) — `FidelityRule.communityCodeFromSpec()` (ligne 288, 45/46) :** le bras `value == null` du ternaire `value == null || value.isBlank()` est **inatteignable** : `value` provient de `node.asText()` sur un nœud déjà validé `node.isTextual()`, qui ne renvoie jamais `null`. C'est une garde de nullité défensive imposée par la convention imfid (« gardes de nullité sur tout parseur ») ; la jambe morte ne peut pas être exercée sans casser l'invariant du parseur.

### Commit
Staged uniquement les **22 classes de test** du package (CLAUDE.md et `.claude/` non modifiés, donc non ajoutés). Commit `e7df1b6` avec le message exact demandé. Pas de `git push`.
## Résultat : tout est vert ✅

`mvn -q verify -DskipITs` → **BUILD SUCCESS**, `Tests run: 899, Failures: 0, Errors: 0`. (Les stack traces dans les logs viennent de tests de chemins d'erreur qui journalisent volontairement — aucun échec.)

### Couverture de branches JaCoCo — package `com.intermarche.fidelity.domain`

| Classe | Branches |
|---|---|
| AppUser | 24/24 (100 %) |
| BaseEntity | 10/10 (100 %) |
| EarnTrace | 2/2 (100 %) |
| EarnTraceLine | 2/2 (100 %) |
| FidelityAccount | 18/18 (100 %) |
| FidelityActivation | 12/12 (100 %) |
| FidelityMembership | 14/14 (100 %) |
| FidelityMovement | 28/28 (100 %) |
| FidelityProgramSetting | 14/14 (100 %) |
| FidelityReservation | 12/12 (100 %) |
| **FidelityRule** | **45/46 (97,8 %)** |
| PasswordResetToken | 10/10 (100 %) |
| Product | 18/18 (100 %) |
| ProductFamily | 58/58 (100 %) |
| AccountStatus | 0/0 — enum, sans branche |
| BatchRunLog | 0/0 — sans branche |
| FidelityCommunity | 0/0 — sans branche |
| FidelityRuleTier | 0/0 — sans branche |
| MovementType | 0/0 — enum, sans branche |
| PendingReturn | 0/0 — sans branche |
| ProductType | 0/0 — enum, sans branche |
| ReservationState | 0/0 — enum, sans branche |

**Classes sans test :** aucune — les 22 classes du package ont une classe de test.

**Résidu justifié (1 branche) — `FidelityRule.communityCodeFromSpec()` (ligne 288, 45/46) :** le bras `value == null` du ternaire `value == null || value.isBlank()` est **inatteignable** : `value` provient de `node.asText()` sur un nœud déjà validé `node.isTextual()`, qui ne renvoie jamais `null`. C'est une garde de nullité défensive imposée par la convention imfid (« gardes de nullité sur tout parseur ») ; la jambe morte ne peut pas être exercée sans casser l'invariant du parseur.

### Commit
Staged uniquement les **22 classes de test** du package (CLAUDE.md et `.claude/` non modifiés, donc non ajoutés). Commit `e7df1b6` avec le message exact demandé. Pas de `git push`.
PASS: domain — expected commit is HEAD.
PASS: domain — expected commit is HEAD.
########## package com.intermarche.fidelity.domain.util ##########
########## package com.intermarche.fidelity.domain.util ##########
=== com.intermarche.fidelity.domain.util.CardNumberGenerator ===
=== com.intermarche.fidelity.domain.util.CardNumberGenerator ===
Done. The test class is complete and green, with JaCoCo confirming coverage.

## Report — `CardNumberGeneratorTest`

**Result:** 8 tests, all passing. `verify` clean.

**Branch coverage: 17/18 (94%)** · Instructions 152/157 (96%). One justified residue (below).

**Branches enumerated & covered**
- `digitsOnly` — `value == null` **true** (null setting value) and **false** arms; `digits.isEmpty()` **true** (all-letters `"ABC"` → default) and **false** (`"7A7"` → `"77"`) arms.
- `base12` — `body.length() > 12` **true** (16-digit prefix → last-12 truncation) and **false** (padding path); the `for (i < fill)` loop entered (fill > 0) and exited.
- `checkDigit` — `i % 2 == 0` ternary both arms (even/odd indices of every 12-digit base); outer `% 10` driven to **0** (sum multiple of ten → check digit `0`, card `2990000000040`) and to non-zero.
- `generate()` loop — `findByCardNumber(...) == null` **true** arm (free number returned) and **false** arm (collision → walk forward to the next sequence); loop-exit + `IllegalStateException` throw (every candidate taken → 1 000 000 iterations exhaust the bound).

All card numbers asserted as absolute 13-digit literals (EAN-13 check digits pre-computed and cross-checked).

**Justified residue — 1 branch, `CardNumberGenerator.java:69`**
`return padded.length() > 12 ? padded.substring(0, 12) : padded.toString();` — the **true arm is unreachable**. This ternary is only reached in the `else` of `body.length() > 12`, i.e. when `prefix.length() + seq.length() <= 12`; there `padded` is built as `prefix + (12 - prefix.length() - seq.length()) zeros + seq`, whose length is **exactly 12**, so `padded.length() > 12` is always false. It's dead defensive code that cannot be driven from `generate()` without altering `src/main` — left untouched per scope.

**Architecture:** plain unit — no `@QuarkusTest`, no H2, no clock (the class has no temporal logic, so no `DateTimeProvider`). Panache finders (`find`, `count`) and the setting reader are mocked through `PanacheEntityBase` in try-with-resources `mockStatic`; each `PanacheQuery` is built before the stub chain to avoid nested-stubbing.

**Files read:** `CardNumberGenerator.java` (target); `FidelityProgramSetting.java` and `FidelityAccount.java` (excerpts — static-finder signatures, `value` field); `AppUserTest.java` / `FidelityMembershipTest.java` (bench pattern).

**Iterations:** 3 — (1) ambiguous varargs `find` overload → disambiguated with `(Object) any()`; (2) `UnfinishedStubbing` from building mocked queries inside `thenReturn(...)` → hoisted query construction into helpers; (3) same on the throw test → hoisted → green.

No `src/main` change; only the test class was touched.
Done. The test class is complete and green, with JaCoCo confirming coverage.

## Report — `CardNumberGeneratorTest`

**Result:** 8 tests, all passing. `verify` clean.

**Branch coverage: 17/18 (94%)** · Instructions 152/157 (96%). One justified residue (below).

**Branches enumerated & covered**
- `digitsOnly` — `value == null` **true** (null setting value) and **false** arms; `digits.isEmpty()` **true** (all-letters `"ABC"` → default) and **false** (`"7A7"` → `"77"`) arms.
- `base12` — `body.length() > 12` **true** (16-digit prefix → last-12 truncation) and **false** (padding path); the `for (i < fill)` loop entered (fill > 0) and exited.
- `checkDigit` — `i % 2 == 0` ternary both arms (even/odd indices of every 12-digit base); outer `% 10` driven to **0** (sum multiple of ten → check digit `0`, card `2990000000040`) and to non-zero.
- `generate()` loop — `findByCardNumber(...) == null` **true** arm (free number returned) and **false** arm (collision → walk forward to the next sequence); loop-exit + `IllegalStateException` throw (every candidate taken → 1 000 000 iterations exhaust the bound).

All card numbers asserted as absolute 13-digit literals (EAN-13 check digits pre-computed and cross-checked).

**Justified residue — 1 branch, `CardNumberGenerator.java:69`**
`return padded.length() > 12 ? padded.substring(0, 12) : padded.toString();` — the **true arm is unreachable**. This ternary is only reached in the `else` of `body.length() > 12`, i.e. when `prefix.length() + seq.length() <= 12`; there `padded` is built as `prefix + (12 - prefix.length() - seq.length()) zeros + seq`, whose length is **exactly 12**, so `padded.length() > 12` is always false. It's dead defensive code that cannot be driven from `generate()` without altering `src/main` — left untouched per scope.

**Architecture:** plain unit — no `@QuarkusTest`, no H2, no clock (the class has no temporal logic, so no `DateTimeProvider`). Panache finders (`find`, `count`) and the setting reader are mocked through `PanacheEntityBase` in try-with-resources `mockStatic`; each `PanacheQuery` is built before the stub chain to avoid nested-stubbing.

**Files read:** `CardNumberGenerator.java` (target); `FidelityProgramSetting.java` and `FidelityAccount.java` (excerpts — static-finder signatures, `value` field); `AppUserTest.java` / `FidelityMembershipTest.java` (bench pattern).

**Iterations:** 3 — (1) ambiguous varargs `find` overload → disambiguated with `(Object) any()`; (2) `UnfinishedStubbing` from building mocked queries inside `thenReturn(...)` → hoisted query construction into helpers; (3) same on the throw test → hoisted → green.

No `src/main` change; only the test class was touched.
=== com.intermarche.fidelity.domain.util.DateTimeProvider ===
=== com.intermarche.fidelity.domain.util.DateTimeProvider ===
Full coverage confirmed.

## Report — `com.intermarche.fidelity.domain.util.DateTimeProvider`

- **Branches: 2/2 (100%)** — instructions 23/23, lines 8/8, methods 5/5, all 100%.
- **Tests: 7, all green** (`test` + `verify`).

**Branches covered**
- `now()` ternary `fixedTime != null ? … : …` — both arms: fixed-instant echo (with the two straddling fiscal-border instants 31 Dec 23:59:59 / 1 Jan 00:00:01) **and** system-clock fallback when unset.
- `setFixedDateTime` `Objects.requireNonNull` — non-null arm (stores) **and** null arm (NPE with documented message).
- `clear()` — reverts `now()` from fixed to system clock.
- Private utility constructor — reflective invocation, asserts wrapped `UnsupportedOperationException`.

**Notes**
- Static state reset in `@BeforeEach`/`@AfterEach` → isolated, order-free.
- The single real-clock read is the fallback that *is* the behaviour under test; asserted only as non-null and bracketed between two `LocalDateTime.now()` reads — no flakiness, no wall-clock-dependent assertion.

**Files read:** `DateTimeProvider.java` (target), `CardNumberGeneratorTest.java` + `ProductTypeTest.java` (style/idiom). **Iterations:** 1 (green first run, 100% on first JaCoCo read). **Residue:** none. **Scope:** only the new test class was created; `src/main` untouched.
Full coverage confirmed.

## Report — `com.intermarche.fidelity.domain.util.DateTimeProvider`

- **Branches: 2/2 (100%)** — instructions 23/23, lines 8/8, methods 5/5, all 100%.
- **Tests: 7, all green** (`test` + `verify`).

**Branches covered**
- `now()` ternary `fixedTime != null ? … : …` — both arms: fixed-instant echo (with the two straddling fiscal-border instants 31 Dec 23:59:59 / 1 Jan 00:00:01) **and** system-clock fallback when unset.
- `setFixedDateTime` `Objects.requireNonNull` — non-null arm (stores) **and** null arm (NPE with documented message).
- `clear()` — reverts `now()` from fixed to system clock.
- Private utility constructor — reflective invocation, asserts wrapped `UnsupportedOperationException`.

**Notes**
- Static state reset in `@BeforeEach`/`@AfterEach` → isolated, order-free.
- The single real-clock read is the fallback that *is* the behaviour under test; asserted only as non-null and bracketed between two `LocalDateTime.now()` reads — no flakiness, no wall-clock-dependent assertion.

**Files read:** `DateTimeProvider.java` (target), `CardNumberGeneratorTest.java` + `ProductTypeTest.java` (style/idiom). **Iterations:** 1 (green first run, 100% on first JaCoCo read). **Residue:** none. **Scope:** only the new test class was created; `src/main` untouched.
=== com.intermarche.fidelity.domain.util.package-info ===
=== com.intermarche.fidelity.domain.util.package-info ===
`com.intermarche.fidelity.domain.util.package-info` is a `package-info.java` — package declaration plus Javadoc only, zero executable code, zero methods, zero branches. There is nothing to test and JaCoCo reports no coverable instructions or branches for it, so no test class can or should be written.

**Report**
- Branch count: 0/0 (no executable code)
- Coverage: n/a — package-info has no instructions to cover
- Files read: `src/main/java/com/intermarche/fidelity/domain/util/package-info.java`
- Iterations: 0 — stopped at step 1
- Residue: entire "class" is a documentation-only compilation unit; untestable by construction, no test file created.
`com.intermarche.fidelity.domain.util.package-info` is a `package-info.java` — package declaration plus Javadoc only, zero executable code, zero methods, zero branches. There is nothing to test and JaCoCo reports no coverable instructions or branches for it, so no test class can or should be written.

**Report**
- Branch count: 0/0 (no executable code)
- Coverage: n/a — package-info has no instructions to cover
- Files read: `src/main/java/com/intermarche/fidelity/domain/util/package-info.java`
- Iterations: 0 — stopped at step 1
- Residue: entire "class" is a documentation-only compilation unit; untestable by construction, no test file created.
=== com.intermarche.fidelity.domain.util.ProgramClock ===
=== com.intermarche.fidelity.domain.util.ProgramClock ===
Green and fully covered.

## Report — `com.intermarche.fidelity.domain.util.ProgramClock`

**Branch coverage: 8/8 (100 %)** · Instructions 53/53 (100 %) · Lines 14/14 · Methods 7/7 · Complexity 11/11 — no residue.

**Test class:** `src/test/java/com/intermarche/fidelity/domain/util/ProgramClockTest.java` (new — no prior test existed), 15 cases.

**Branches covered**
- `zone()` `||` guard — all 4 legs: absent (`configured==null` true), blank (`isBlank()` true), valid (both false → `ZoneId.of` success, whitespace-padded to also exercise `.trim()`), malformed (`catch` arm) → each asserts against `Europe/Paris` fallback or the configured zone.
- `now()` — echoes the pinned instant via `DateTimeProvider` (no system clock).
- `today()` — both instants straddling the fiscal-year border (2026-12-31T23:59 → 2026-12-31 and 2027-01-01T00:00:01 → 2027-01-01), §30.3.
- `monthStart(date)` / `monthEnd(date)` — both arms of the `date != null` ternary: explicit date vs. null falling back to fiscal `today()`. Calendar arithmetic pinned on a 31-day month, non-leap Feb (28), and leap Feb 2024 (29).

**Approach:** plain unit — `new ProgramClock()`, no `@QuarkusTest`/H2. The zone setting (`FidelityProgramSetting.getString`, a Panache static read) is stubbed with `mockStatic` in try-with-resources; wall time is fixed through `DateTimeProvider.setFixedDateTime`/`clear` (reset in `@BeforeEach`/`@AfterEach`).

**Files read:** `ProgramClock.java`, `DateTimeProvider.java`, `FidelityProgramSetting.java`, `DateTimeProviderTest.java` (style), `AccountServiceTest.java` (mockStatic pattern).

**Iterations:** 1 (green on first run; verify confirmed 8/8 branches).

`src/main` untouched; no bugs or testability obstacles found.
Green and fully covered.

## Report — `com.intermarche.fidelity.domain.util.ProgramClock`

**Branch coverage: 8/8 (100 %)** · Instructions 53/53 (100 %) · Lines 14/14 · Methods 7/7 · Complexity 11/11 — no residue.

**Test class:** `src/test/java/com/intermarche/fidelity/domain/util/ProgramClockTest.java` (new — no prior test existed), 15 cases.

**Branches covered**
- `zone()` `||` guard — all 4 legs: absent (`configured==null` true), blank (`isBlank()` true), valid (both false → `ZoneId.of` success, whitespace-padded to also exercise `.trim()`), malformed (`catch` arm) → each asserts against `Europe/Paris` fallback or the configured zone.
- `now()` — echoes the pinned instant via `DateTimeProvider` (no system clock).
- `today()` — both instants straddling the fiscal-year border (2026-12-31T23:59 → 2026-12-31 and 2027-01-01T00:00:01 → 2027-01-01), §30.3.
- `monthStart(date)` / `monthEnd(date)` — both arms of the `date != null` ternary: explicit date vs. null falling back to fiscal `today()`. Calendar arithmetic pinned on a 31-day month, non-leap Feb (28), and leap Feb 2024 (29).

**Approach:** plain unit — `new ProgramClock()`, no `@QuarkusTest`/H2. The zone setting (`FidelityProgramSetting.getString`, a Panache static read) is stubbed with `mockStatic` in try-with-resources; wall time is fixed through `DateTimeProvider.setFixedDateTime`/`clear` (reset in `@BeforeEach`/`@AfterEach`).

**Files read:** `ProgramClock.java`, `DateTimeProvider.java`, `FidelityProgramSetting.java`, `DateTimeProviderTest.java` (style), `AccountServiceTest.java` (mockStatic pattern).

**Iterations:** 1 (green on first run; verify confirmed 8/8 branches).

`src/main` untouched; no bugs or testability obstacles found.
Done. Tout est vert et le commit est en place.

## Build
`mvn -q verify -DskipITs` → **BUILD SUCCESS**, 927 tests, 0 failures / 0 errors. (Les stack traces vues en cours de run sont des logs d'erreurs *attendus*, émis par des tests négatifs comme `IngestionServiceTest` et `EarnRuleRegistryTest` — pas des échecs.)

## Couverture de branches JaCoCo — `com.intermarche.fidelity.domain.util`
- **DateTimeProvider : 2/2 (100%)**
- **ProgramClock : 8/8 (100%)**
- **CardNumberGenerator : 17/18 (94%)**

Aucune classe du package sans test (les trois ont respectivement `DateTimeProviderTest`, `ProgramClockTest`, `CardNumberGeneratorTest`).

**Résidu justifié — CardNumberGenerator, ligne 69**, méthode `base12` :
`return padded.length() > 12 ? padded.substring(0, 12) : padded.toString();`
Le bras vrai (`padded.length() > 12`) est **non atteignable** : le cas `body.length() > 12` est déjà court-circuité en amont (ligne 59), et le chemin de padding construit toujours exactement 12 caractères (`prefix + fill zéros + seq` avec `fill = 12 - prefix.length() - seq.length()`). C'est un ternaire défensif dont seul le bras faux est exécutable. Non corrigeable sans toucher `src/main`, hors périmètre.

## Commit
Stagé uniquement les 3 classes de test du package (CLAUDE.md et `.claude/` inchangés, donc non inclus). Commit `4a789d8` :

```
test: full branch coverage for com.intermarche.fidelity.domain.util
 3 files changed, 598 insertions(+)
```

Aucun `git push` effectué.
Done. Tout est vert et le commit est en place.

## Build
`mvn -q verify -DskipITs` → **BUILD SUCCESS**, 927 tests, 0 failures / 0 errors. (Les stack traces vues en cours de run sont des logs d'erreurs *attendus*, émis par des tests négatifs comme `IngestionServiceTest` et `EarnRuleRegistryTest` — pas des échecs.)

## Couverture de branches JaCoCo — `com.intermarche.fidelity.domain.util`
- **DateTimeProvider : 2/2 (100%)**
- **ProgramClock : 8/8 (100%)**
- **CardNumberGenerator : 17/18 (94%)**

Aucune classe du package sans test (les trois ont respectivement `DateTimeProviderTest`, `ProgramClockTest`, `CardNumberGeneratorTest`).

**Résidu justifié — CardNumberGenerator, ligne 69**, méthode `base12` :
`return padded.length() > 12 ? padded.substring(0, 12) : padded.toString();`
Le bras vrai (`padded.length() > 12`) est **non atteignable** : le cas `body.length() > 12` est déjà court-circuité en amont (ligne 59), et le chemin de padding construit toujours exactement 12 caractères (`prefix + fill zéros + seq` avec `fill = 12 - prefix.length() - seq.length()`). C'est un ternaire défensif dont seul le bras faux est exécutable. Non corrigeable sans toucher `src/main`, hors périmètre.

## Commit
Stagé uniquement les 3 classes de test du package (CLAUDE.md et `.claude/` inchangés, donc non inclus). Commit `4a789d8` :

```
test: full branch coverage for com.intermarche.fidelity.domain.util
 3 files changed, 598 insertions(+)
```

Aucun `git push` effectué.
PASS: domain.util — expected commit is HEAD.
PASS: domain.util — expected commit is HEAD.
########## package com.intermarche.fidelity.imports ##########
########## package com.intermarche.fidelity.imports ##########
=== com.intermarche.fidelity.imports.FidelityAccountCsvResource ===
=== com.intermarche.fidelity.imports.FidelityAccountCsvResource ===
All the `src/main` modifications are pre-existing from the session's starting state (visible in the initial git status) — I did not touch any of them. My only addition is the test file.

## Report

**Target:** `com.intermarche.fidelity.imports.FidelityAccountCsvResource`
**Test class (new):** `src/test/java/com/intermarche/fidelity/imports/FidelityAccountCsvResourceTest.java` — 23 tests.

**Branch coverage:** **38/38 branches (100%)**, 315/315 instructions (100%), 0 missed lines — per `target/site/jacoco/com.intermarche.fidelity.imports/FidelityAccountCsvResource.html`.

**Result:** `Tests run: 23, Failures: 0, Errors: 0` on both `test` and `verify`.

**Branches covered per method:**
- `importAccounts` — delegation via a header-only stream (no chunk, no tx machinery touched).
- `processChunkWithFallback` — the `&&` guard: both-true (bulk `list` + map fill), first-leg-false (empty lines), second-leg-false (no target key).
- `findEntityForLine` — ternary: blank-key→null, provided-key→`findByCardNumber`.
- `processLineLogic` — ternary1 (blank/provided/map-hit), `account==null` both arms, ternary2 (generate/provided card), `else if hasChanged` both arms; `persist` neutralized via mocked `Panache.getEntityManager()`.
- `feedAccount` — status ternary both arms (blank→ACTIVE, parsed RESILIATED).
- `hasChanged` — each of the 4 OR legs as the deciding-true, all-false, and the null-arm of the status ternary (blank→ACTIVE).
- `generateCardNumber` — free first candidate, and taken→loop-back (`thenReturn(taken, null)`).
- `buildBody` — nominal, sequence-overflow-true/body-overflow-false, body-overflow-true/sequence-overflow-false.
- `ean13CheckDigit` — known body (both even/odd weight arms) and zero-check-digit case.

**Approach notes:**
- Plain unit — no `@QuarkusTest`, no H2. Static finders mocked in try-with-resources: `PanacheEntityBase` (`list`/`count`/`findById`), `FidelityAccount` (`findByCardNumber`), `FidelityProgramSetting` (`getString`), `Panache` (`getEntityManager`).
- `persist()` goes through a mocked `EntityManager` (the class calls `Panache.getEntityManager().persist(...)`, not `entity.persist()`), so no `mockConstruction` was needed.
- **No `DateTimeProvider`**: this class reads no clock, holds no `BigDecimal` arithmetic and no protected division — dates come only from CSV columns via the inherited null-guarded parsers — so a fixed-instant provider is not applicable here.

**Files read:** `FidelityAccountCsvResource.java`, `ImporterCsvResource.java`, `FidelityAccount.java`, `AccountStatus.java`, `FidelityProgramSetting.java`, plus `IngestionServiceTest.java`/`AccountServiceTest.java` (pattern reference) and `pom.xml`.

**Iterations:** 1 (green on first compile/run; verify confirmed 38/38).

**Justified residue:** none.
All the `src/main` modifications are pre-existing from the session's starting state (visible in the initial git status) — I did not touch any of them. My only addition is the test file.

## Report

**Target:** `com.intermarche.fidelity.imports.FidelityAccountCsvResource`
**Test class (new):** `src/test/java/com/intermarche/fidelity/imports/FidelityAccountCsvResourceTest.java` — 23 tests.

**Branch coverage:** **38/38 branches (100%)**, 315/315 instructions (100%), 0 missed lines — per `target/site/jacoco/com.intermarche.fidelity.imports/FidelityAccountCsvResource.html`.

**Result:** `Tests run: 23, Failures: 0, Errors: 0` on both `test` and `verify`.

**Branches covered per method:**
- `importAccounts` — delegation via a header-only stream (no chunk, no tx machinery touched).
- `processChunkWithFallback` — the `&&` guard: both-true (bulk `list` + map fill), first-leg-false (empty lines), second-leg-false (no target key).
- `findEntityForLine` — ternary: blank-key→null, provided-key→`findByCardNumber`.
- `processLineLogic` — ternary1 (blank/provided/map-hit), `account==null` both arms, ternary2 (generate/provided card), `else if hasChanged` both arms; `persist` neutralized via mocked `Panache.getEntityManager()`.
- `feedAccount` — status ternary both arms (blank→ACTIVE, parsed RESILIATED).
- `hasChanged` — each of the 4 OR legs as the deciding-true, all-false, and the null-arm of the status ternary (blank→ACTIVE).
- `generateCardNumber` — free first candidate, and taken→loop-back (`thenReturn(taken, null)`).
- `buildBody` — nominal, sequence-overflow-true/body-overflow-false, body-overflow-true/sequence-overflow-false.
- `ean13CheckDigit` — known body (both even/odd weight arms) and zero-check-digit case.

**Approach notes:**
- Plain unit — no `@QuarkusTest`, no H2. Static finders mocked in try-with-resources: `PanacheEntityBase` (`list`/`count`/`findById`), `FidelityAccount` (`findByCardNumber`), `FidelityProgramSetting` (`getString`), `Panache` (`getEntityManager`).
- `persist()` goes through a mocked `EntityManager` (the class calls `Panache.getEntityManager().persist(...)`, not `entity.persist()`), so no `mockConstruction` was needed.
- **No `DateTimeProvider`**: this class reads no clock, holds no `BigDecimal` arithmetic and no protected division — dates come only from CSV columns via the inherited null-guarded parsers — so a fixed-instant provider is not applicable here.

**Files read:** `FidelityAccountCsvResource.java`, `ImporterCsvResource.java`, `FidelityAccount.java`, `AccountStatus.java`, `FidelityProgramSetting.java`, plus `IngestionServiceTest.java`/`AccountServiceTest.java` (pattern reference) and `pom.xml`.

**Iterations:** 1 (green on first compile/run; verify confirmed 38/38).

**Justified residue:** none.
=== com.intermarche.fidelity.imports.FidelityActivationCsvResource ===
=== com.intermarche.fidelity.imports.FidelityActivationCsvResource ===
Done. Full branch coverage reached.

## Report — `FidelityActivationCsvResource`

**Coverage:** 100 % instructions (198/198), **100 % branches — 20/20**, 44/44 lines, 16/16 methods. Zero justified residue.

**Branches covered (13 tests):**
- `importActivations()` — header-only stream → empty report (delegation).
- `processChunkWithFallback()` — three cases: `parsedLines` empty (guard 1 true); non-empty + no targets (guard 2 false → empty accounts map under `CTX_ACCOUNTS`); non-empty + targets present (bulk `list` query + populate loop).
- `findEntityForLine()` — always-null path.
- `processLineLogic()` mandatory guards — account null via **fallback lookup** (`findByCardNumber`, context absent) and via **context map** (card absent) → both arms of private `resolveAccount`; blank `ruleCode`; unparseable `periodStart`.
- `processLineLogic()` dispatch — create + persist (activation absent, open period); update leg 1 true (`periodEnd` differs); update leg 1 false / leg 2 true (`missionDone` differs); both legs false (no-op). Each `[created, updated]` counter asserted on absolute values.

**Testability notes (§29):** class holds no clock, no `BigDecimal`, no protected division — so no `DateTimeProvider`, `compareTo` fixture or zero-denominator case applies. The two-leg `||` diff guard and both `resolveAccount` arms are each exercised per leg with nullities included (§29.6).

**Files read:** `FidelityActivationCsvResource.java`, `ImporterCsvResource.java` (parent — `LineData`, parsers, staged framework), `FidelityActivation.java` (fields), sibling `FidelityAccountCsvResourceTest.java` and `FidelityActivationTest.java` (mock idioms).

**Iterations:** 1 (green on first compile/run; `verify` confirmed 20/20 branches without gap-filling).

**Scope:** only the new test class was created; `src/main` untouched. No bugs or testability obstacles found.
Done. Full branch coverage reached.

## Report — `FidelityActivationCsvResource`

**Coverage:** 100 % instructions (198/198), **100 % branches — 20/20**, 44/44 lines, 16/16 methods. Zero justified residue.

**Branches covered (13 tests):**
- `importActivations()` — header-only stream → empty report (delegation).
- `processChunkWithFallback()` — three cases: `parsedLines` empty (guard 1 true); non-empty + no targets (guard 2 false → empty accounts map under `CTX_ACCOUNTS`); non-empty + targets present (bulk `list` query + populate loop).
- `findEntityForLine()` — always-null path.
- `processLineLogic()` mandatory guards — account null via **fallback lookup** (`findByCardNumber`, context absent) and via **context map** (card absent) → both arms of private `resolveAccount`; blank `ruleCode`; unparseable `periodStart`.
- `processLineLogic()` dispatch — create + persist (activation absent, open period); update leg 1 true (`periodEnd` differs); update leg 1 false / leg 2 true (`missionDone` differs); both legs false (no-op). Each `[created, updated]` counter asserted on absolute values.

**Testability notes (§29):** class holds no clock, no `BigDecimal`, no protected division — so no `DateTimeProvider`, `compareTo` fixture or zero-denominator case applies. The two-leg `||` diff guard and both `resolveAccount` arms are each exercised per leg with nullities included (§29.6).

**Files read:** `FidelityActivationCsvResource.java`, `ImporterCsvResource.java` (parent — `LineData`, parsers, staged framework), `FidelityActivation.java` (fields), sibling `FidelityAccountCsvResourceTest.java` and `FidelityActivationTest.java` (mock idioms).

**Iterations:** 1 (green on first compile/run; `verify` confirmed 20/20 branches without gap-filling).

**Scope:** only the new test class was created; `src/main` untouched. No bugs or testability obstacles found.
=== com.intermarche.fidelity.imports.FidelityAdjustmentCsvResource ===
=== com.intermarche.fidelity.imports.FidelityAdjustmentCsvResource ===
100% instruction and branch coverage across the target class.

## Report — `FidelityAdjustmentCsvResource`

**Coverage:** instructions **189/189 (100%)**, **branches 18/18 (100%)**, all 6 methods 100%. No residue.

Per-method branch tally: `processLineLogic` (idempotency short-circuit + 4 mandatory-field guards + unknown-card guard), `processChunkWithFallback` (the `&&` pre-fetch guard), and `lockAccount` (`cardNumber == null`) — every arm and leg green; `importAdjustments`, `findEntityForLine`, ctor are branchless.

**Test cases (13):**
- `importAdjustments`: header-only stream → empty report.
- `processChunkWithFallback`: both legs true (keys by ref), leg-1 false (empty lines), leg-2 false (empty targets).
- `findEntityForLine`: natural-key lookup `(ref, ADJUSTMENT, null)`.
- `processLineLogic`: already-imported no-op; full create (persist + balance bump + earnYear); negative-amount debit; earnYear across the 31 Dec / 1 Jan civil border; blank amount / malformed date / blank reason rejections; unknown provided card (`lockAccount` non-null arm → `firstResult` null); blank card (`lockAccount` null arm).

**Conventions honored:** plain unit — no `@QuarkusTest`/H2; static finders mocked via `mockStatic(PanacheEntityBase.class)` / `mockStatic(FidelityMovement.class)` in try-with-resources; `Panache.getEntityManager` mocked so no `persist()` hits a DB. No clock read (earnYear derived from the parsed `movementDate`), so no `DateTimeProvider` needed; fiscal boundary tested on the two straddling dates. All `BigDecimal` asserted by `compareTo` at scale 2 / HALF_UP, both credit and debit directions.

**Files read:** target class, `ImporterCsvResource` (parent), `FidelityMovement`, `FidelityAccount`, and `FidelityAccountCsvResourceTest` (sibling pattern).

**Iterations:** 1 (green on first `test` and `verify`).

**Scope:** only the new test class created; `src/main` untouched. No bug or testability obstacle found.
100% instruction and branch coverage across the target class.

## Report — `FidelityAdjustmentCsvResource`

**Coverage:** instructions **189/189 (100%)**, **branches 18/18 (100%)**, all 6 methods 100%. No residue.

Per-method branch tally: `processLineLogic` (idempotency short-circuit + 4 mandatory-field guards + unknown-card guard), `processChunkWithFallback` (the `&&` pre-fetch guard), and `lockAccount` (`cardNumber == null`) — every arm and leg green; `importAdjustments`, `findEntityForLine`, ctor are branchless.

**Test cases (13):**
- `importAdjustments`: header-only stream → empty report.
- `processChunkWithFallback`: both legs true (keys by ref), leg-1 false (empty lines), leg-2 false (empty targets).
- `findEntityForLine`: natural-key lookup `(ref, ADJUSTMENT, null)`.
- `processLineLogic`: already-imported no-op; full create (persist + balance bump + earnYear); negative-amount debit; earnYear across the 31 Dec / 1 Jan civil border; blank amount / malformed date / blank reason rejections; unknown provided card (`lockAccount` non-null arm → `firstResult` null); blank card (`lockAccount` null arm).

**Conventions honored:** plain unit — no `@QuarkusTest`/H2; static finders mocked via `mockStatic(PanacheEntityBase.class)` / `mockStatic(FidelityMovement.class)` in try-with-resources; `Panache.getEntityManager` mocked so no `persist()` hits a DB. No clock read (earnYear derived from the parsed `movementDate`), so no `DateTimeProvider` needed; fiscal boundary tested on the two straddling dates. All `BigDecimal` asserted by `compareTo` at scale 2 / HALF_UP, both credit and debit directions.

**Files read:** target class, `ImporterCsvResource` (parent), `FidelityMovement`, `FidelityAccount`, and `FidelityAccountCsvResourceTest` (sibling pattern).

**Iterations:** 1 (green on first `test` and `verify`).

**Scope:** only the new test class created; `src/main` untouched. No bug or testability obstacle found.
=== com.intermarche.fidelity.imports.FidelityCommunityCsvResource ===
=== com.intermarche.fidelity.imports.FidelityCommunityCsvResource ===
100% branch coverage confirmed. Report below.

## Report — `FidelityCommunityCsvResource`

**Branches: 12/12 (100%)** · Instructions 200/200 (100%) · Lines 37/37 · Methods 7/7 (JaCoCo tfoot: `0 of 12` branches missed).

**Tests: 10, all green.** New file: `src/test/java/com/intermarche/fidelity/imports/FidelityCommunityCsvResourceTest.java`.

**Branches covered**
- `importCommunities` — header-only stream → empty report (delegation to staged importer).
- `processChunkWithFallback` — compound `&&`: both legs true (query + map by code); leg 1 false (empty lines); leg 2 false (empty targets).
- `findEntityForLine` — `findByCode` returning a hit and returning null.
- `processLineLogic` — create arm (absent code → persist); update arm compound `||`: leg 1 true (`checksum == null`), leg 1 false + leg 2 true (differing checksum), both false (matching checksum → no-op).
- Private `feedCommunity` / `computeIncomingChecksum` exercised through the create/update paths; `monthlyCap` asserted by `compareTo` (§29.6).

**Files read:** target class, `ImporterCsvResource`, `FidelityCommunity`, `BaseEntity` (checksum type), sibling `FidelityAccountCsvResourceTest` (style).

**Iterations:** 1 (green on first run, 100% branches on first verify).

**Residue:** none. No clock, no protected division in the class, so no `DateTimeProvider`/zero-denominator fixtures required. No `src/main` change; scope respected.
100% branch coverage confirmed. Report below.

## Report — `FidelityCommunityCsvResource`

**Branches: 12/12 (100%)** · Instructions 200/200 (100%) · Lines 37/37 · Methods 7/7 (JaCoCo tfoot: `0 of 12` branches missed).

**Tests: 10, all green.** New file: `src/test/java/com/intermarche/fidelity/imports/FidelityCommunityCsvResourceTest.java`.

**Branches covered**
- `importCommunities` — header-only stream → empty report (delegation to staged importer).
- `processChunkWithFallback` — compound `&&`: both legs true (query + map by code); leg 1 false (empty lines); leg 2 false (empty targets).
- `findEntityForLine` — `findByCode` returning a hit and returning null.
- `processLineLogic` — create arm (absent code → persist); update arm compound `||`: leg 1 true (`checksum == null`), leg 1 false + leg 2 true (differing checksum), both false (matching checksum → no-op).
- Private `feedCommunity` / `computeIncomingChecksum` exercised through the create/update paths; `monthlyCap` asserted by `compareTo` (§29.6).

**Files read:** target class, `ImporterCsvResource`, `FidelityCommunity`, `BaseEntity` (checksum type), sibling `FidelityAccountCsvResourceTest` (style).

**Iterations:** 1 (green on first run, 100% branches on first verify).

**Residue:** none. No clock, no protected division in the class, so no `DateTimeProvider`/zero-denominator fixtures required. No `src/main` change; scope respected.
=== com.intermarche.fidelity.imports.FidelityMembershipCsvResource ===
=== com.intermarche.fidelity.imports.FidelityMembershipCsvResource ===
Done. `FidelityMembershipCsvResourceTest` is complete, green, and fully covered.

## Report

**Target:** `com.intermarche.fidelity.imports.FidelityMembershipCsvResource`

**Branch coverage:** **30/30 branches (100%)**, 275/275 instructions (100%), 24/24 lines, 9/9 methods — JaCoCo, no residue.

**Tests:** 14, all passing (`Tests run: 14, Failures: 0, Errors: 0`).

**Branches enumerated & covered (both arms / each leg, §29/§29.6):**
- `importMemberships` → `importCsvStream` delegation (header-only stream, empty report).
- `processChunkWithFallback`: `parsedLines.isEmpty()` true/false; per-row `code != null` true/false; `fetchAccounts` `!cardNumbers.isEmpty()` true/false; `fetchCommunities` `!codes.isEmpty()` true/false.
- `processLineLogic`: `account == null` true (context-miss **and** fallback-miss) / false; `community == null` true (blank code **and** fallback-miss) / false; `validFrom == null` true/false; `membership == null` create / else-if; `!Objects.equals(validTo)` changed / unchanged.
- `resolveAccount`: `accounts != null` (context path) / `accounts == null` (fallback `findByCardNumber`).
- `resolveCommunity`: `communityCode == null` true/false; `communities != null` (context) / `communities == null` (fallback `findByCode`).
- `findEntityForLine`: always null.

**Notes on CLAUDE.md rules:** No clock in this class (window dates come from CSV columns, not `DateTimeProvider`), no protected division, no `BigDecimal` — so no fixed-instant/zero-denominator/`compareTo` fixtures apply here. Plain unit only: bare resource, static finders (`PanacheEntityBase.list/find`, `FidelityAccount.findByCardNumber`, `FidelityCommunity.findByCode`) and `Panache.getEntityManager` mocked via `mockStatic` in try-with-resources; `persist()` verified against a mocked `EntityManager`.

**Files read:** `FidelityMembershipCsvResource.java`, `ImporterCsvResource.java`, domain `FidelityMembership`/`FidelityAccount`/`FidelityCommunity` headers, sibling tests `FidelityCommunityCsvResourceTest` & `FidelityActivationCsvResourceTest` (style reference).

**Iterations:** 1 (green on first run; verify confirmed full coverage).

**Scope:** Only the test class was created; `src/main` untouched. No bugs or testability obstacles found.
Done. `FidelityMembershipCsvResourceTest` is complete, green, and fully covered.

## Report

**Target:** `com.intermarche.fidelity.imports.FidelityMembershipCsvResource`

**Branch coverage:** **30/30 branches (100%)**, 275/275 instructions (100%), 24/24 lines, 9/9 methods — JaCoCo, no residue.

**Tests:** 14, all passing (`Tests run: 14, Failures: 0, Errors: 0`).

**Branches enumerated & covered (both arms / each leg, §29/§29.6):**
- `importMemberships` → `importCsvStream` delegation (header-only stream, empty report).
- `processChunkWithFallback`: `parsedLines.isEmpty()` true/false; per-row `code != null` true/false; `fetchAccounts` `!cardNumbers.isEmpty()` true/false; `fetchCommunities` `!codes.isEmpty()` true/false.
- `processLineLogic`: `account == null` true (context-miss **and** fallback-miss) / false; `community == null` true (blank code **and** fallback-miss) / false; `validFrom == null` true/false; `membership == null` create / else-if; `!Objects.equals(validTo)` changed / unchanged.
- `resolveAccount`: `accounts != null` (context path) / `accounts == null` (fallback `findByCardNumber`).
- `resolveCommunity`: `communityCode == null` true/false; `communities != null` (context) / `communities == null` (fallback `findByCode`).
- `findEntityForLine`: always null.

**Notes on CLAUDE.md rules:** No clock in this class (window dates come from CSV columns, not `DateTimeProvider`), no protected division, no `BigDecimal` — so no fixed-instant/zero-denominator/`compareTo` fixtures apply here. Plain unit only: bare resource, static finders (`PanacheEntityBase.list/find`, `FidelityAccount.findByCardNumber`, `FidelityCommunity.findByCode`) and `Panache.getEntityManager` mocked via `mockStatic` in try-with-resources; `persist()` verified against a mocked `EntityManager`.

**Files read:** `FidelityMembershipCsvResource.java`, `ImporterCsvResource.java`, domain `FidelityMembership`/`FidelityAccount`/`FidelityCommunity` headers, sibling tests `FidelityCommunityCsvResourceTest` & `FidelityActivationCsvResourceTest` (style reference).

**Iterations:** 1 (green on first run; verify confirmed full coverage).

**Scope:** Only the test class was created; `src/main` untouched. No bugs or testability obstacles found.
=== com.intermarche.fidelity.imports.FidelityRuleCsvResource ===
=== com.intermarche.fidelity.imports.FidelityRuleCsvResource ===
100% branch coverage confirmed. Done.

## Report — `com.intermarche.fidelity.imports.FidelityRuleCsvResource`

**Result:** test class **created** (none existed), 23 tests, all green.

**Coverage (JaCoCo, target class):**
- **Branches: 40/40 — 100%** (0 of 40 missed)
- Instructions: 392/392 — 100%
- Lines/methods: 100%
- **No residue.**

**Branches covered (both arms / every leg, §29, §29.6):**
- `processChunkWithFallback` compound `&&`: both-true, empty-lines (leg 1 false), empty-targets (leg 2 false).
- `validateRule`: `type == null` throw; unknown-factory throw; non-empty-violations throw; and the valid pass-through.
- `processLineLogic` create/update `||` guard: create (map miss + persist), `checksum == null` (leg 1), differing checksum (leg 2), matching checksum no-op (both false).
- `feedRule`: `validFrom == null` throw vs set; `priority != null ? … : 0` both arms; `active` default via nominal + blank.
- `specificationOf`: short row (null), single-column non-null (trim) and null ternary, joined delimiter-bearing tail (in-loop null ternary both legs + `i > SPEC_INDEX` both arms).
- `parseActive` `||`: blank→true (leg 1), explicit `true` (leg 2 true), explicit `false` (both false).
- `priorityOf`: blank (null branch) hashes identically to explicit `0` (non-null branch).
- `findEntityForLine`: found / null. `importRules`: header-only delegation.

**Technique:** plain unit only — bare resource, mocked `EarnRuleRegistry`, static mocks (`PanacheEntityBase.list/findById`, `FidelityRule.findByCode`, `Panache.getEntityManager`) in try-with-resources; `persist()` verified against a mocked `EntityManager`, never a DB. `BigDecimal monthlyCapPerCard` asserted by `compareTo`. No clock involved, so no `DateTimeProvider` needed. Private helpers reached via `processLineLogic` and targeted reflection.

**Files read:** `FidelityRuleCsvResource.java`, `ImporterCsvResource.java`, `FidelityRule.java`, `EarnRuleRegistry.java`, `BaseEntity.java` (checksum/id types), sibling `FidelityCommunityCsvResourceTest.java` (pattern).

**Iterations:** 1 (green on first run; verify confirmed 40/40).

**Scope:** `src/main` untouched; only the new test class added. No bugs or testability obstacles found.
100% branch coverage confirmed. Done.

## Report — `com.intermarche.fidelity.imports.FidelityRuleCsvResource`

**Result:** test class **created** (none existed), 23 tests, all green.

**Coverage (JaCoCo, target class):**
- **Branches: 40/40 — 100%** (0 of 40 missed)
- Instructions: 392/392 — 100%
- Lines/methods: 100%
- **No residue.**

**Branches covered (both arms / every leg, §29, §29.6):**
- `processChunkWithFallback` compound `&&`: both-true, empty-lines (leg 1 false), empty-targets (leg 2 false).
- `validateRule`: `type == null` throw; unknown-factory throw; non-empty-violations throw; and the valid pass-through.
- `processLineLogic` create/update `||` guard: create (map miss + persist), `checksum == null` (leg 1), differing checksum (leg 2), matching checksum no-op (both false).
- `feedRule`: `validFrom == null` throw vs set; `priority != null ? … : 0` both arms; `active` default via nominal + blank.
- `specificationOf`: short row (null), single-column non-null (trim) and null ternary, joined delimiter-bearing tail (in-loop null ternary both legs + `i > SPEC_INDEX` both arms).
- `parseActive` `||`: blank→true (leg 1), explicit `true` (leg 2 true), explicit `false` (both false).
- `priorityOf`: blank (null branch) hashes identically to explicit `0` (non-null branch).
- `findEntityForLine`: found / null. `importRules`: header-only delegation.

**Technique:** plain unit only — bare resource, mocked `EarnRuleRegistry`, static mocks (`PanacheEntityBase.list/findById`, `FidelityRule.findByCode`, `Panache.getEntityManager`) in try-with-resources; `persist()` verified against a mocked `EntityManager`, never a DB. `BigDecimal monthlyCapPerCard` asserted by `compareTo`. No clock involved, so no `DateTimeProvider` needed. Private helpers reached via `processLineLogic` and targeted reflection.

**Files read:** `FidelityRuleCsvResource.java`, `ImporterCsvResource.java`, `FidelityRule.java`, `EarnRuleRegistry.java`, `BaseEntity.java` (checksum/id types), sibling `FidelityCommunityCsvResourceTest.java` (pattern).

**Iterations:** 1 (green on first run; verify confirmed 40/40).

**Scope:** `src/main` untouched; only the new test class added. No bugs or testability obstacles found.
=== com.intermarche.fidelity.imports.FidelityVisitCsvResource ===
=== com.intermarche.fidelity.imports.FidelityVisitCsvResource ===
100% coverage confirmed. All green.

## Report

**Class:** `com.intermarche.fidelity.imports.FidelityVisitCsvResource`
**Test:** `FidelityVisitCsvResourceTest` (new — no prior test existed)

**Coverage (JaCoCo, target class):**
- Instructions: **115/115 (100%)**
- **Branches: 12/12 (100%)** — 0 missed
- Methods: 5/5, Lines: 26/26

**Branches covered (per leg):**
- `processChunkWithFallback` `&&` guard: both legs true (query+key by ref); leg 1 false (empty lines); leg 2 false (empty targets).
- `processLineLogic`: `entityMap.get != null` (already-recorded no-op) **and** `== null`; `cardNumber == null` throw **and** non-null; `fiscalDate == null` throw **and** non-null; full create path writing the `NO_MOVEMENT` header.
- `findEntityForLine`: lookup by ticketRef.
- `importVisits`: header-only delegation → empty report.

**Fiscal border (§30.3):** exercised on the two dates straddling the civil year (2025-12-31 / 2026-01-01), each stored verbatim. The class reads no clock, so no `DateTimeProvider` is injected (fiscalDate comes from the parsed row).

**Isolation:** plain JUnit 5 + Mockito, no `@QuarkusTest`/H2. Static finders (`PanacheEntityBase.list`, `EarnTrace.findByTicketRef`) and the session (`Panache.getEntityManager`) mocked in try-with-resources; `persist()` neutralized via the mocked `EntityManager` and captured with `ArgumentCaptor`.

**Files read:** `FidelityVisitCsvResource.java`, `ImporterCsvResource.java`, `EarnTrace.java`, sibling `FidelityAdjustmentCsvResourceTest.java`.
**Iterations:** 1 (test green first run; verify confirmed 12/12).
**Residue:** none.
**Scope:** only the test file was created; `src/main` untouched.
100% coverage confirmed. All green.

## Report

**Class:** `com.intermarche.fidelity.imports.FidelityVisitCsvResource`
**Test:** `FidelityVisitCsvResourceTest` (new — no prior test existed)

**Coverage (JaCoCo, target class):**
- Instructions: **115/115 (100%)**
- **Branches: 12/12 (100%)** — 0 missed
- Methods: 5/5, Lines: 26/26

**Branches covered (per leg):**
- `processChunkWithFallback` `&&` guard: both legs true (query+key by ref); leg 1 false (empty lines); leg 2 false (empty targets).
- `processLineLogic`: `entityMap.get != null` (already-recorded no-op) **and** `== null`; `cardNumber == null` throw **and** non-null; `fiscalDate == null` throw **and** non-null; full create path writing the `NO_MOVEMENT` header.
- `findEntityForLine`: lookup by ticketRef.
- `importVisits`: header-only delegation → empty report.

**Fiscal border (§30.3):** exercised on the two dates straddling the civil year (2025-12-31 / 2026-01-01), each stored verbatim. The class reads no clock, so no `DateTimeProvider` is injected (fiscalDate comes from the parsed row).

**Isolation:** plain JUnit 5 + Mockito, no `@QuarkusTest`/H2. Static finders (`PanacheEntityBase.list`, `EarnTrace.findByTicketRef`) and the session (`Panache.getEntityManager`) mocked in try-with-resources; `persist()` neutralized via the mocked `EntityManager` and captured with `ArgumentCaptor`.

**Files read:** `FidelityVisitCsvResource.java`, `ImporterCsvResource.java`, `EarnTrace.java`, sibling `FidelityAdjustmentCsvResourceTest.java`.
**Iterations:** 1 (test green first run; verify confirmed 12/12).
**Residue:** none.
**Scope:** only the test file was created; `src/main` untouched.
=== com.intermarche.fidelity.imports.ImporterCsvResource ===
=== com.intermarche.fidelity.imports.ImporterCsvResource ===
Branch coverage is complete. Here's the report.

## Report — `com.intermarche.fidelity.imports.ImporterCsvResource`

**Result:** new test class `ImporterCsvResourceTest` created (no prior test existed), **34 tests, all green.**

**JaCoCo (target class):**
- **Branches: 74/74 = 100 %** (0 of 74 missed)
- Instructions: 729/729 = 100 %
- Methods: 27/27, Lines: 162/162 — **no residue.**

**How the class was driven:** it's abstract, so a private `TestImporter` supplies the three hooks (`processChunkWithFallback`, `processLineLogic`, `findEntityForLine`) with per-test-configurable behavior. Plain unit only — no `@QuarkusTest`/H2. `tm` is a Mockito `TransactionManager`; the session (`Panache.getEntityManager().clear()`) is a `mockStatic(Panache.class)` opened in `@BeforeEach` and closed in `@AfterEach` (try-with-resources equivalent), so no `persist`/`clear` ever hits a DB. No `DateTimeProvider` needed — **the class reads no clock**; the date parsers are pure string parsing, asserted on fixed literals.

**Branch coverage highlights (both arms / each leg, §29.6):**
- `importCsvStream`: header skip, empty-line skip, `< colNumber` short row, mid-loop flush at exactly `STAGE_1_SIZE=1000` (true) vs small stream (false), final non-empty vs empty, `IOException` catch (failing stream) and `Throwable` catch (armed chunk exception), Response.ok vs serverError.
- Staged fallback: clean-chunk commit (success arm) and a poisoned chunk cascading 1000→100→10→1 into the 1-by-1 fallback, isolating the bad row (failure arm) while committing the good one — covering both `processLineByLine` arms, both `prepareContextForLine` arms, and `getNextSize`'s full ladder (plus mid-range 50→10, 5→1).
- `withTransaction`: commit; rollback when active; rollback skipped when `STATUS_NO_TRANSACTION`; rollback-throws swallowed.
- `Executor.onSuccess`/`onFailure`: result present/absent; `failure!=null && ex!=null` with each leg falsified (null consumer short-circuit, null exception).
- `escapeJson`: null arm (via reflection, since the public path never feeds null) and every replace (`\`, `"`, `\n`, `\r`, `\t`).
- All null-guarded parsers (`safeGet`, `safeGetNonBlank`, `safeParseBoolean/BigDecimal/Int/DateTime/LocalDate/Enum`, `parseCodes`): out-of-bounds, empty, malformed and valid legs; `BigDecimal` asserted by `compareTo`.

**Files read:** `ImporterCsvResource.java` (target); `FidelityCommunityCsvResourceTest.java` (sibling, for style/mocking conventions).

**Iterations:** 1 (tests passed on first `mvn test`; the console stack traces were the class's own `LOGGER.error` calls on the rollback/IO/unexpected paths, not failures — surefire reported 0 failures), confirmed by `verify` + JaCoCo.

**Scope:** no `src/main` change; only the test class was added. No bug or testability obstacle found.
Branch coverage is complete. Here's the report.

## Report — `com.intermarche.fidelity.imports.ImporterCsvResource`

**Result:** new test class `ImporterCsvResourceTest` created (no prior test existed), **34 tests, all green.**

**JaCoCo (target class):**
- **Branches: 74/74 = 100 %** (0 of 74 missed)
- Instructions: 729/729 = 100 %
- Methods: 27/27, Lines: 162/162 — **no residue.**

**How the class was driven:** it's abstract, so a private `TestImporter` supplies the three hooks (`processChunkWithFallback`, `processLineLogic`, `findEntityForLine`) with per-test-configurable behavior. Plain unit only — no `@QuarkusTest`/H2. `tm` is a Mockito `TransactionManager`; the session (`Panache.getEntityManager().clear()`) is a `mockStatic(Panache.class)` opened in `@BeforeEach` and closed in `@AfterEach` (try-with-resources equivalent), so no `persist`/`clear` ever hits a DB. No `DateTimeProvider` needed — **the class reads no clock**; the date parsers are pure string parsing, asserted on fixed literals.

**Branch coverage highlights (both arms / each leg, §29.6):**
- `importCsvStream`: header skip, empty-line skip, `< colNumber` short row, mid-loop flush at exactly `STAGE_1_SIZE=1000` (true) vs small stream (false), final non-empty vs empty, `IOException` catch (failing stream) and `Throwable` catch (armed chunk exception), Response.ok vs serverError.
- Staged fallback: clean-chunk commit (success arm) and a poisoned chunk cascading 1000→100→10→1 into the 1-by-1 fallback, isolating the bad row (failure arm) while committing the good one — covering both `processLineByLine` arms, both `prepareContextForLine` arms, and `getNextSize`'s full ladder (plus mid-range 50→10, 5→1).
- `withTransaction`: commit; rollback when active; rollback skipped when `STATUS_NO_TRANSACTION`; rollback-throws swallowed.
- `Executor.onSuccess`/`onFailure`: result present/absent; `failure!=null && ex!=null` with each leg falsified (null consumer short-circuit, null exception).
- `escapeJson`: null arm (via reflection, since the public path never feeds null) and every replace (`\`, `"`, `\n`, `\r`, `\t`).
- All null-guarded parsers (`safeGet`, `safeGetNonBlank`, `safeParseBoolean/BigDecimal/Int/DateTime/LocalDate/Enum`, `parseCodes`): out-of-bounds, empty, malformed and valid legs; `BigDecimal` asserted by `compareTo`.

**Files read:** `ImporterCsvResource.java` (target); `FidelityCommunityCsvResourceTest.java` (sibling, for style/mocking conventions).

**Iterations:** 1 (tests passed on first `mvn test`; the console stack traces were the class's own `LOGGER.error` calls on the rollback/IO/unexpected paths, not failures — surefire reported 0 failures), confirmed by `verify` + JaCoCo.

**Scope:** no `src/main` change; only the test class was added. No bug or testability obstacle found.
=== com.intermarche.fidelity.imports.package-info ===
=== com.intermarche.fidelity.imports.package-info ===
`com.intermarche.fidelity.imports.package-info` is a documentation-only `package-info.java` (Javadoc + package declaration, lines 1–29) — it has **no executable bytecode**: no methods, no fields, no branches. There is nothing for a plain unit test to exercise and nothing for JaCoCo to cover, so no test class can be written for it. No `package-info` test exists anywhere in the repo, confirming this isn't the intended target type.

**Stop — testability obstacle:** `package-info.java` has zero executable code (0/0 branches); no unit test is possible or meaningful. No files changed.
`com.intermarche.fidelity.imports.package-info` is a documentation-only `package-info.java` (Javadoc + package declaration, lines 1–29) — it has **no executable bytecode**: no methods, no fields, no branches. There is nothing for a plain unit test to exercise and nothing for JaCoCo to cover, so no test class can be written for it. No `package-info` test exists anywhere in the repo, confirming this isn't the intended target type.

**Stop — testability obstacle:** `package-info.java` has zero executable code (0/0 branches); no unit test is possible or meaningful. No files changed.
=== com.intermarche.fidelity.imports.ProductCsvResource ===
=== com.intermarche.fidelity.imports.ProductCsvResource ===
Full coverage achieved.

## Report — `com.intermarche.fidelity.imports.ProductCsvResource`

**Branch coverage: 12/12 (100%)** · Instructions 230/230 (100%) · Methods 7/7 · Lines 41/41

**Test class created:** `src/test/java/com/intermarche/fidelity/imports/ProductCsvResourceTest.java` (no prior test existed — new class, nothing replaced).

**Branches covered (both arms / each leg):**
- `importProducts()` — delegation via header-only stream (empty report).
- `processChunkWithFallback()` compound `&&` (§29.6): both legs true (query + key by EAN); leg 1 false (empty lines); leg 2 false (empty targets).
- `findEntityForLine()` — found (`findByEan` hit) and absent (null).
- `processLineLogic()` create/update dispatch, compound `||`: create arm (EAN absent); update leg 1 true (null checksum); update leg 1 false + leg 2 true (differing checksum); both false (matching checksum → no-op).

**Conventions honored:** plain unit only — no `@QuarkusTest`/H2; Panache finders (`PanacheEntityBase.list/findById`, `Product.findByEan`) and the session (`Panache.getEntityManager`) mocked as statics in try-with-resources; `persist()` verified against a mocked `EntityManager`. Both `BigDecimal` fields (`referenceWeight`, `referenceVolume`) asserted by `compareTo`. English + full Javadoc, JUnit 5 assertions only, no blank lines in method bodies. No clock/division in the class → no `DateTimeProvider` or zero-denominator fixture needed.

**Files read:** `ProductCsvResource`, `ImporterCsvResource` (parent), `Product`, `ProductType`, `BaseEntity` (checksum type), sibling `FidelityCommunityCsvResourceTest` (pattern).

**Iterations:** 1 (green on first run; verify confirmed 12/12 branches).

**Residue:** none. **Scope:** `src/main` untouched.
Full coverage achieved.

## Report — `com.intermarche.fidelity.imports.ProductCsvResource`

**Branch coverage: 12/12 (100%)** · Instructions 230/230 (100%) · Methods 7/7 · Lines 41/41

**Test class created:** `src/test/java/com/intermarche/fidelity/imports/ProductCsvResourceTest.java` (no prior test existed — new class, nothing replaced).

**Branches covered (both arms / each leg):**
- `importProducts()` — delegation via header-only stream (empty report).
- `processChunkWithFallback()` compound `&&` (§29.6): both legs true (query + key by EAN); leg 1 false (empty lines); leg 2 false (empty targets).
- `findEntityForLine()` — found (`findByEan` hit) and absent (null).
- `processLineLogic()` create/update dispatch, compound `||`: create arm (EAN absent); update leg 1 true (null checksum); update leg 1 false + leg 2 true (differing checksum); both false (matching checksum → no-op).

**Conventions honored:** plain unit only — no `@QuarkusTest`/H2; Panache finders (`PanacheEntityBase.list/findById`, `Product.findByEan`) and the session (`Panache.getEntityManager`) mocked as statics in try-with-resources; `persist()` verified against a mocked `EntityManager`. Both `BigDecimal` fields (`referenceWeight`, `referenceVolume`) asserted by `compareTo`. English + full Javadoc, JUnit 5 assertions only, no blank lines in method bodies. No clock/division in the class → no `DateTimeProvider` or zero-denominator fixture needed.

**Files read:** `ProductCsvResource`, `ImporterCsvResource` (parent), `Product`, `ProductType`, `BaseEntity` (checksum type), sibling `FidelityCommunityCsvResourceTest` (pattern).

**Iterations:** 1 (green on first run; verify confirmed 12/12 branches).

**Residue:** none. **Scope:** `src/main` untouched.
=== com.intermarche.fidelity.imports.ProductFamilyCsvResource ===
=== com.intermarche.fidelity.imports.ProductFamilyCsvResource ===
No `nc` (not covered) or `pc` (partially covered) markers. Full coverage confirmed.

## Report

**Target:** `com.intermarche.fidelity.imports.ProductFamilyCsvResource` (second product-file importer — families with two reconciled relations: member products by EAN, sub-families by code, §13/§15/§18).

**Test class:** `src/test/java/.../imports/ProductFamilyCsvResourceTest.java` — created (none existed), 14 tests, plain unit (no `@QuarkusTest`, no H2). Static finders mocked via `mockStatic(PanacheEntityBase.class)` / `mockStatic(ProductFamily.class)`; `persist()` reached through a mocked `Panache.getEntityManager()` — all in try-with-resources.

**Branch coverage:** **38/38 branches (100%)**, instructions 434/434 (100%), 0 missed. No partial lines.

**Branches exercised (both arms / every leg, §29.6):**
- `processChunkWithFallback` — `parsedLines.isEmpty()` true (short-circuit) / false; both non-empty-set fetch guards in `fetchProducts`/`fetchSubFamilies` true (query+loop) and false (skipped).
- `processLineLogic` — create arm (code absent) / update arm (present); checksum-change compound guard `checksum == null || checksum != incoming` across all three legs (null → true; non-null differing → leg2 true; non-null matching → both false); `if (changed)` both arms.
- `retrieveProducts` / `retrieveSubFamilies` — context-present (non-null) and absent (null → fallback fetch).
- `linkProducts` unknown-EAN throw; `linkSubFamilies` self-reference throw and unknown-sub throw — each with its non-throwing counterpart.
- `findEntityForLine` found / absent.

**No `DateTimeProvider`, no `BigDecimal`, no protected division** in this class — noted in the class Javadoc; none applicable.

**Files read:** target class, `ImporterCsvResource` (parent machinery/helpers), `ProductCsvResource` sibling test (template), `ProductFamily`/`Product`/`BaseEntity` domain (field types, collection init).

**Iterations:** 1 (green on first `test`; `verify` confirmed 100% with no follow-up needed).

**Residue:** none.

**Out-of-scope note (one line, not applied):** `src/main` untouched, as required.
No `nc` (not covered) or `pc` (partially covered) markers. Full coverage confirmed.

## Report

**Target:** `com.intermarche.fidelity.imports.ProductFamilyCsvResource` (second product-file importer — families with two reconciled relations: member products by EAN, sub-families by code, §13/§15/§18).

**Test class:** `src/test/java/.../imports/ProductFamilyCsvResourceTest.java` — created (none existed), 14 tests, plain unit (no `@QuarkusTest`, no H2). Static finders mocked via `mockStatic(PanacheEntityBase.class)` / `mockStatic(ProductFamily.class)`; `persist()` reached through a mocked `Panache.getEntityManager()` — all in try-with-resources.

**Branch coverage:** **38/38 branches (100%)**, instructions 434/434 (100%), 0 missed. No partial lines.

**Branches exercised (both arms / every leg, §29.6):**
- `processChunkWithFallback` — `parsedLines.isEmpty()` true (short-circuit) / false; both non-empty-set fetch guards in `fetchProducts`/`fetchSubFamilies` true (query+loop) and false (skipped).
- `processLineLogic` — create arm (code absent) / update arm (present); checksum-change compound guard `checksum == null || checksum != incoming` across all three legs (null → true; non-null differing → leg2 true; non-null matching → both false); `if (changed)` both arms.
- `retrieveProducts` / `retrieveSubFamilies` — context-present (non-null) and absent (null → fallback fetch).
- `linkProducts` unknown-EAN throw; `linkSubFamilies` self-reference throw and unknown-sub throw — each with its non-throwing counterpart.
- `findEntityForLine` found / absent.

**No `DateTimeProvider`, no `BigDecimal`, no protected division** in this class — noted in the class Javadoc; none applicable.

**Files read:** target class, `ImporterCsvResource` (parent machinery/helpers), `ProductCsvResource` sibling test (template), `ProductFamily`/`Product`/`BaseEntity` domain (field types, collection init).

**Iterations:** 1 (green on first `test`; `verify` confirmed 100% with no follow-up needed).

**Residue:** none.

**Out-of-scope note (one line, not applied):** `src/main` untouched, as required.
Done. Full summary:

## Build
`mvn -q verify -DskipITs` → **BUILD SUCCESS**, **1094 tests, 0 failures / 0 errors / 0 skipped**. (The stack traces in the log are expected error-path logging from tests exercising rollback/IO/replay failures — all assertions pass.)

## Branch coverage — `com.intermarche.fidelity.imports`
| Classe | Branches | % |
|---|---|---|
| FidelityAccountCsvResource | 38/38 | 100% |
| FidelityActivationCsvResource | 20/20 | 100% |
| FidelityAdjustmentCsvResource | 18/18 | 100% |
| FidelityCommunityCsvResource | 12/12 | 100% |
| FidelityMembershipCsvResource | 30/30 | 100% |
| FidelityRuleCsvResource | 40/40 | 100% |
| FidelityVisitCsvResource | 12/12 | 100% |
| ImporterCsvResource | 74/74 | 100% |
| ImporterCsvResource$Executor | 6/6 | 100% |
| ProductCsvResource | 12/12 | 100% |
| ProductFamilyCsvResource | 38/38 | 100% |

**Every class at 100% branch coverage.** No class without test: all 10 production CSV resources have a matching `*Test`. `ImporterCsvResource$LineData` has no branches (n/a); `package-info.java` has no code.

## Commit
Staged only the 10 imports test classes (CLAUDE.md and `.claude/` were unchanged, so nothing else added). Committed as `ad461ad` with exactly:

```
test: full branch coverage for com.intermarche.fidelity.imports
```

No push. Note: I dropped the default `Co-Authored-By` trailer because you asked for EXACTLY that message.
Done. Full summary:

## Build
`mvn -q verify -DskipITs` → **BUILD SUCCESS**, **1094 tests, 0 failures / 0 errors / 0 skipped**. (The stack traces in the log are expected error-path logging from tests exercising rollback/IO/replay failures — all assertions pass.)

## Branch coverage — `com.intermarche.fidelity.imports`
| Classe | Branches | % |
|---|---|---|
| FidelityAccountCsvResource | 38/38 | 100% |
| FidelityActivationCsvResource | 20/20 | 100% |
| FidelityAdjustmentCsvResource | 18/18 | 100% |
| FidelityCommunityCsvResource | 12/12 | 100% |
| FidelityMembershipCsvResource | 30/30 | 100% |
| FidelityRuleCsvResource | 40/40 | 100% |
| FidelityVisitCsvResource | 12/12 | 100% |
| ImporterCsvResource | 74/74 | 100% |
| ImporterCsvResource$Executor | 6/6 | 100% |
| ProductCsvResource | 12/12 | 100% |
| ProductFamilyCsvResource | 38/38 | 100% |

**Every class at 100% branch coverage.** No class without test: all 10 production CSV resources have a matching `*Test`. `ImporterCsvResource$LineData` has no branches (n/a); `package-info.java` has no code.

## Commit
Staged only the 10 imports test classes (CLAUDE.md and `.claude/` were unchanged, so nothing else added). Committed as `ad461ad` with exactly:

```
test: full branch coverage for com.intermarche.fidelity.imports
```

No push. Note: I dropped the default `Co-Authored-By` trailer because you asked for EXACTLY that message.
PASS: imports — expected commit is HEAD.
PASS: imports — expected commit is HEAD.
########## package com.intermarche.fidelity.seed ##########
########## package com.intermarche.fidelity.seed ##########
=== com.intermarche.fidelity.seed.DataInitializer ===
=== com.intermarche.fidelity.seed.DataInitializer ===
Full coverage confirmed. Report below.

## Report — `com.intermarche.fidelity.seed.DataInitializer`

**Coverage:** instructions **1958/1958 (100%)**, branches **8/8 (100%)**, lines **323/323**. No residue.

**Test class created:** `src/test/java/com/intermarche/fidelity/seed/DataInitializerTest.java` (3 tests, all green).

**Branch inventory (4 decision points → 8 branches):**
- `createProduct` `if (family != null)` — both arms hit by `onStart` (null and family-linked products).
- `createRule` `monthlyCapPerCard != null ?` — both arms hit by `onStart` (capped COMMUNITY_* rules vs. uncapped socle/CGU/demo rules).
- `loadAccounts` `for` over `listAll()` — both arms hit (non-empty list enters and exits the loop).
- `createCommunity` `monthlyCap != null ?` — **only the then-arm is reachable via `onStart`** (all four seeded communities are capped); the else-arm is covered by a dedicated reflection test.

**Approach (per CLAUDE.md, plain unit — no @QuarkusTest/H2):**
- Every `new <Entity>()` neutralized with `mockConstruction` (14 types) so no `persist()` reaches an absent session; the `ProductFamily` mock initializer seeds a live `products` set because the seeder writes through it.
- Inherited static finders (`count`/`deleteAll`/`listAll`) intercepted on `PanacheEntityBase`; the four native wipe queries through a mocked `Panache.getEntityManager()`; the two custom statics (`FidelityCommunity.findByCode`, `FidelityMovement.computeBalance`) on their own classes.
- Clock frozen via `DateTimeProvider.setFixedDateTime` at a fixed 2026-08-08 instant (never the campaign day), cleared in `@AfterEach`.
- `onStart` asserts the exact seeded cardinality (settings 4, communities 4, families 6, products 46, rules 11, accounts 9, movements 22, memberships 3, activations 2, reservations 2, traces 9, lines 2, held return 1, batch runs 2), the 4 native wipe queries, and the §14 balance loop recomputing the listed account (`compareTo`, scale-2).
- Both `createCommunity` cap arms exercised by reflection, the `BigDecimal` cap asserted by `compareTo`.

**Iterations:** 1 (green on first run; verify confirmed 8/8 branches).

**Files read:** `DataInitializer.java`, `DateTimeProvider.java`, `ProductFamily.java` (products field), `EarnTrace.java` (addLine), `FidelityAccount.java` (balance field), and existing patterns in `IngestionServiceTest`, `ProductCsvResourceTest`, `BatchServiceTest`.

**Scope:** no `src/main` touched; only the new test class. No bugs or testability obstacles found.
Full coverage confirmed. Report below.

## Report — `com.intermarche.fidelity.seed.DataInitializer`

**Coverage:** instructions **1958/1958 (100%)**, branches **8/8 (100%)**, lines **323/323**. No residue.

**Test class created:** `src/test/java/com/intermarche/fidelity/seed/DataInitializerTest.java` (3 tests, all green).

**Branch inventory (4 decision points → 8 branches):**
- `createProduct` `if (family != null)` — both arms hit by `onStart` (null and family-linked products).
- `createRule` `monthlyCapPerCard != null ?` — both arms hit by `onStart` (capped COMMUNITY_* rules vs. uncapped socle/CGU/demo rules).
- `loadAccounts` `for` over `listAll()` — both arms hit (non-empty list enters and exits the loop).
- `createCommunity` `monthlyCap != null ?` — **only the then-arm is reachable via `onStart`** (all four seeded communities are capped); the else-arm is covered by a dedicated reflection test.

**Approach (per CLAUDE.md, plain unit — no @QuarkusTest/H2):**
- Every `new <Entity>()` neutralized with `mockConstruction` (14 types) so no `persist()` reaches an absent session; the `ProductFamily` mock initializer seeds a live `products` set because the seeder writes through it.
- Inherited static finders (`count`/`deleteAll`/`listAll`) intercepted on `PanacheEntityBase`; the four native wipe queries through a mocked `Panache.getEntityManager()`; the two custom statics (`FidelityCommunity.findByCode`, `FidelityMovement.computeBalance`) on their own classes.
- Clock frozen via `DateTimeProvider.setFixedDateTime` at a fixed 2026-08-08 instant (never the campaign day), cleared in `@AfterEach`.
- `onStart` asserts the exact seeded cardinality (settings 4, communities 4, families 6, products 46, rules 11, accounts 9, movements 22, memberships 3, activations 2, reservations 2, traces 9, lines 2, held return 1, batch runs 2), the 4 native wipe queries, and the §14 balance loop recomputing the listed account (`compareTo`, scale-2).
- Both `createCommunity` cap arms exercised by reflection, the `BigDecimal` cap asserted by `compareTo`.

**Iterations:** 1 (green on first run; verify confirmed 8/8 branches).

**Files read:** `DataInitializer.java`, `DateTimeProvider.java`, `ProductFamily.java` (products field), `EarnTrace.java` (addLine), `FidelityAccount.java` (balance field), and existing patterns in `IngestionServiceTest`, `ProductCsvResourceTest`, `BatchServiceTest`.

**Scope:** no `src/main` touched; only the new test class. No bugs or testability obstacles found.
=== com.intermarche.fidelity.seed.SeedLoader ===
=== com.intermarche.fidelity.seed.SeedLoader ===
All 5 tests pass and the build is green. The JaCoCo report shows **5/6 branches (83%)** with a single uncovered branch on the `} catch (Exception e) {` line.

I investigated that residue: it is the well-known **try-with-resources synthetic branch** — javac desugars `try (InputStream in = …)` into a close handler containing `if (primaryExc != null) { try { in.close(); } catch (Throwable t) { primaryExc.addSuppressed(t); } }`. The uncovered leg requires `in.close()` to itself throw *while the body is already unwinding*. Since `in` comes from `getClass().getResourceAsStream(...)` (a real classpath stream that cannot be substituted without touching `src/main`, which is out of scope), that leg is unreachable. The two *reachable* legs — normal completion and body-throws-then-close-succeeds — are both covered by `loadAppliesImporterForExistingResource` and `loadSwallowsImporterException`.

## Report — `com.intermarche.fidelity.seed.SeedLoader`

**Branch count: 5/6 covered — 83% (JaCoCo), instructions 98% (133/135).**

Enumerated branches, all logical branches covered:
- `Product.count() > 0` → **true** (early return, no importer touched) / **false** (all 9 loads run) — 2/2 ✓
- `in == null` → **true** (missing resource, importer never applied) / **false** (importer applied once) — 2/2 ✓
- `load` `catch` → **exception swallowed** (importer throws) / **no exception** (normal completion) — reachable legs ✓; the 6th branch is the try-with-resources `addSuppressed` synthetic (unreachable).

**5 tests, all green:**
- `onStartReturnsEarlyWhenProductsExist` — count>0 true arm, `verifyNoInteractions` on all 9 importers.
- `onStartLoadsEveryResourceWhenEmpty` — count=0 false arm, each of the 9 importers applied once with a non-null stream.
- `loadSkipsMissingResource` — `in == null` true arm via reflection, importer never applied.
- `loadAppliesImporterForExistingResource` — `in != null` arm, importer applied once with a live stream.
- `loadSwallowsImporterException` — `catch` arm, exception swallowed (no propagation).

**Approach:** plain unit — no `@QuarkusTest`, no H2. Static `Product.count()` intercepted via `mockStatic(PanacheEntityBase.class)` (in try-with-resources); nine importers wired as mocks through the package-private fields; private `load` driven by reflection. No `DateTimeProvider` injected — **`SeedLoader` reads no clock**, so there is no temporal logic to freeze.

**Files read:** `SeedLoader.java`, `DataInitializerTest.java` (sibling model), `Product.java`, importer signatures, seed resource listing. **Iterations:** 1 test run (green first pass) + 1 verify/JaCoCo pass.

**Justified residue (1 branch):** the try-with-resources close-suppression leg on `} catch (Exception e) {` — needs the classpath `InputStream.close()` to throw mid-unwind; unreachable without altering `src/main` (out of scope).

Scope respected: only the new test class `src/test/java/com/intermarche/fidelity/seed/SeedLoaderTest.java` was added; no `src/main` change.
All 5 tests pass and the build is green. The JaCoCo report shows **5/6 branches (83%)** with a single uncovered branch on the `} catch (Exception e) {` line.

I investigated that residue: it is the well-known **try-with-resources synthetic branch** — javac desugars `try (InputStream in = …)` into a close handler containing `if (primaryExc != null) { try { in.close(); } catch (Throwable t) { primaryExc.addSuppressed(t); } }`. The uncovered leg requires `in.close()` to itself throw *while the body is already unwinding*. Since `in` comes from `getClass().getResourceAsStream(...)` (a real classpath stream that cannot be substituted without touching `src/main`, which is out of scope), that leg is unreachable. The two *reachable* legs — normal completion and body-throws-then-close-succeeds — are both covered by `loadAppliesImporterForExistingResource` and `loadSwallowsImporterException`.

## Report — `com.intermarche.fidelity.seed.SeedLoader`

**Branch count: 5/6 covered — 83% (JaCoCo), instructions 98% (133/135).**

Enumerated branches, all logical branches covered:
- `Product.count() > 0` → **true** (early return, no importer touched) / **false** (all 9 loads run) — 2/2 ✓
- `in == null` → **true** (missing resource, importer never applied) / **false** (importer applied once) — 2/2 ✓
- `load` `catch` → **exception swallowed** (importer throws) / **no exception** (normal completion) — reachable legs ✓; the 6th branch is the try-with-resources `addSuppressed` synthetic (unreachable).

**5 tests, all green:**
- `onStartReturnsEarlyWhenProductsExist` — count>0 true arm, `verifyNoInteractions` on all 9 importers.
- `onStartLoadsEveryResourceWhenEmpty` — count=0 false arm, each of the 9 importers applied once with a non-null stream.
- `loadSkipsMissingResource` — `in == null` true arm via reflection, importer never applied.
- `loadAppliesImporterForExistingResource` — `in != null` arm, importer applied once with a live stream.
- `loadSwallowsImporterException` — `catch` arm, exception swallowed (no propagation).

**Approach:** plain unit — no `@QuarkusTest`, no H2. Static `Product.count()` intercepted via `mockStatic(PanacheEntityBase.class)` (in try-with-resources); nine importers wired as mocks through the package-private fields; private `load` driven by reflection. No `DateTimeProvider` injected — **`SeedLoader` reads no clock**, so there is no temporal logic to freeze.

**Files read:** `SeedLoader.java`, `DataInitializerTest.java` (sibling model), `Product.java`, importer signatures, seed resource listing. **Iterations:** 1 test run (green first pass) + 1 verify/JaCoCo pass.

**Justified residue (1 branch):** the try-with-resources close-suppression leg on `} catch (Exception e) {` — needs the classpath `InputStream.close()` to throw mid-unwind; unreachable without altering `src/main` (out of scope).

Scope respected: only the new test class `src/test/java/com/intermarche/fidelity/seed/SeedLoaderTest.java` was added; no `src/main` change.
Done. Everything green, committed, no push.

## `mvn -q verify -DskipITs`
**BUILD SUCCESS** — 1102 tests, 0 failures, 0 errors, 0 skipped. (The `ERROR` lines in the log are expected — they come from tests deliberately exercising error/rollback paths.)

## Branch coverage — `com.intermarche.fidelity.seed`
- **DataInitializer : 8/8 (100%)**
- **SeedLoader : 5/6 (83%)**

**Classes without a test:** none — both production classes have a matching test class.

**Residual (SeedLoader, 1/6 branch):** line 121, the try-with-resources `catch (Exception e)` → *"1 of 2 branches missed"*. This is the standard JaCoCo artifact for try-with-resources: `javac` emits a synthetic branch on the implicit `close()` (the "body threw **and** close() also threw" path) that isn't reachable without touching `src/main`. The genuine exception path is covered by `SeedLoaderTest` ("Failed to load seed resource"). Per the strict scope rule I did not modify `src/main` to chase it.

## Commit
- Staged **only** the two seed test classes (`DataInitializerTest.java`, `SeedLoaderTest.java`). CLAUDE.md and `.claude/` had no changes, so nothing else was added; the modified/untracked `src/main` seed files were left unstaged.
- Committed as `c09b7e5` with the exact message: `test: full branch coverage for com.intermarche.fidelity.seed`
- No `git push`.
Done. Everything green, committed, no push.

## `mvn -q verify -DskipITs`
**BUILD SUCCESS** — 1102 tests, 0 failures, 0 errors, 0 skipped. (The `ERROR` lines in the log are expected — they come from tests deliberately exercising error/rollback paths.)

## Branch coverage — `com.intermarche.fidelity.seed`
- **DataInitializer : 8/8 (100%)**
- **SeedLoader : 5/6 (83%)**

**Classes without a test:** none — both production classes have a matching test class.

**Residual (SeedLoader, 1/6 branch):** line 121, the try-with-resources `catch (Exception e)` → *"1 of 2 branches missed"*. This is the standard JaCoCo artifact for try-with-resources: `javac` emits a synthetic branch on the implicit `close()` (the "body threw **and** close() also threw" path) that isn't reachable without touching `src/main`. The genuine exception path is covered by `SeedLoaderTest` ("Failed to load seed resource"). Per the strict scope rule I did not modify `src/main` to chase it.

## Commit
- Staged **only** the two seed test classes (`DataInitializerTest.java`, `SeedLoaderTest.java`). CLAUDE.md and `.claude/` had no changes, so nothing else was added; the modified/untracked `src/main` seed files were left unstaged.
- Committed as `c09b7e5` with the exact message: `test: full branch coverage for com.intermarche.fidelity.seed`
- No `git push`.
PASS: seed — expected commit is HEAD.
PASS: seed — expected commit is HEAD.
########## package com.intermarche.fidelity.security ##########
########## package com.intermarche.fidelity.security ##########
=== com.intermarche.fidelity.security.CurrentUser ===
=== com.intermarche.fidelity.security.CurrentUser ===
100% coverage achieved. 

## Report — `com.intermarche.fidelity.security.CurrentUser`

- **Branch coverage:** 12/12 branches, **100%** (JaCoCo). Instructions 45/45, lines 100%, all 7 methods covered.
- **Per-method:** `getName()` 4/4 branches (3 `||` legs + pass-through), `hasRole(String)` 3/3 (null short-circuit + granted/denied), `isAuthenticated()` 2/2 (empty/non-empty), `isAdmin()` 100%, ctor 100%.
- **Tests:** 9, all green (`Tests run: 9, Failures: 0, Errors: 0`).
- **Files read:** `CurrentUser.java`, `AppUser.java` (role constants), `EventDtosTest.java` (style reference).
- **Iterations:** 1 (green + full coverage on first run).
- **Approach:** Plain JUnit 5 + Mockito — no `@QuarkusTest`, no H2, no Panache, no clock (class has no temporal/`BigDecimal`/division logic). `SecurityIdentity` and `Principal` mocked; the injected field set directly from the same package via a `withIdentity` helper. Each `||` leg of `getName` isolated (null identity / anonymous / null principal / signed-in), `hasRole`'s `&&` short-circuit exercised on the null-identity leg.
- **Residue:** none.
- **Scope:** only the new test class `CurrentUserTest.java` created; `src/main` untouched.
100% coverage achieved. 

## Report — `com.intermarche.fidelity.security.CurrentUser`

- **Branch coverage:** 12/12 branches, **100%** (JaCoCo). Instructions 45/45, lines 100%, all 7 methods covered.
- **Per-method:** `getName()` 4/4 branches (3 `||` legs + pass-through), `hasRole(String)` 3/3 (null short-circuit + granted/denied), `isAuthenticated()` 2/2 (empty/non-empty), `isAdmin()` 100%, ctor 100%.
- **Tests:** 9, all green (`Tests run: 9, Failures: 0, Errors: 0`).
- **Files read:** `CurrentUser.java`, `AppUser.java` (role constants), `EventDtosTest.java` (style reference).
- **Iterations:** 1 (green + full coverage on first run).
- **Approach:** Plain JUnit 5 + Mockito — no `@QuarkusTest`, no H2, no Panache, no clock (class has no temporal/`BigDecimal`/division logic). `SecurityIdentity` and `Principal` mocked; the injected field set directly from the same package via a `withIdentity` helper. Each `||` leg of `getName` isolated (null identity / anonymous / null principal / signed-in), `hasRole`'s `&&` short-circuit exercised on the null-identity leg.
- **Residue:** none.
- **Scope:** only the new test class `CurrentUserTest.java` created; `src/main` untouched.
=== com.intermarche.fidelity.security.package-info ===
=== com.intermarche.fidelity.security.package-info ===
`com.intermarche.fidelity.security.package-info` is not testable: it is a `package-info.java` — a package declaration plus Javadoc only, with no methods, no fields, no branches, and no bytecode to instrument. There is nothing to cover and no test class to write. Nothing done, per the STRICT scope rule (stop and report a testability obstacle in one line).

If you meant one of the real classes in that package, I can generate tests for any of: `CurrentUser`, `PasswordChangeFilter`, `PasswordResetService`, or `SecurityBootstrap` — just tell me which.
`com.intermarche.fidelity.security.package-info` is not testable: it is a `package-info.java` — a package declaration plus Javadoc only, with no methods, no fields, no branches, and no bytecode to instrument. There is nothing to cover and no test class to write. Nothing done, per the STRICT scope rule (stop and report a testability obstacle in one line).

If you meant one of the real classes in that package, I can generate tests for any of: `CurrentUser`, `PasswordChangeFilter`, `PasswordResetService`, or `SecurityBootstrap` — just tell me which.
=== com.intermarche.fidelity.security.PasswordChangeFilter ===
=== com.intermarche.fidelity.security.PasswordChangeFilter ===
Done. `PasswordChangeFilterTest` created, all green, full branch coverage.

## Report — `com.intermarche.fidelity.security.PasswordChangeFilter`

**Branch coverage: 34/34 (100%)** · **Instructions: 131/131 (100%)** · **Lines: 23/23** · JaCoCo residue: none.

**Tests: 14/14 passing** (plain unit — no `@QuarkusTest`, no H2, no clock). The static finder `AppUser.findByUsername` is stubbed via `mockStatic(AppUser.class)` in try-with-resources; no Panache session is booted.

Branches covered, both arms / each leg:
- `!enforced` — relaxed (skip) and enforced.
- Exemption guard `isAllowed || !isBrowserNavigation` — leg A via `isAllowed` (equals-prefix and nested `startsWith` legs); leg B via `!isBrowserNavigation`; both-false fall-through.
- `isBrowserNavigation` — auth `null` (AND leg A false), non-Basic `Bearer` (AND leg B false), `Basic` (both true); `Accept` null, non-`text/html`, and `text/html`.
- `securityContext == null ? null : getUserPrincipal()` — both ternary arms; `principal == null` true (null context and anonymous principal) and false.
- `user == null || !mustChangePassword` — leg A (unknown user), leg B (settled user), both-false → 303 redirect asserted (status `SEE_OTHER` + `Location = /ui/password`).
- `normalize` — `path == null`, `path.isEmpty()`, leading-slash arm, and slash-less else arm.

**Files read:** `PasswordChangeFilter.java`, `AppUser.java` (findByUsername + `mustChangePassword` field), `CurrentUserTest.java` (style reference).

**Iterations:** 1 (green on first run; verify confirmed full coverage — no gap-filling needed).

**Residue:** none. **Scope:** only the new test class; `src/main` untouched.
Done. `PasswordChangeFilterTest` created, all green, full branch coverage.

## Report — `com.intermarche.fidelity.security.PasswordChangeFilter`

**Branch coverage: 34/34 (100%)** · **Instructions: 131/131 (100%)** · **Lines: 23/23** · JaCoCo residue: none.

**Tests: 14/14 passing** (plain unit — no `@QuarkusTest`, no H2, no clock). The static finder `AppUser.findByUsername` is stubbed via `mockStatic(AppUser.class)` in try-with-resources; no Panache session is booted.

Branches covered, both arms / each leg:
- `!enforced` — relaxed (skip) and enforced.
- Exemption guard `isAllowed || !isBrowserNavigation` — leg A via `isAllowed` (equals-prefix and nested `startsWith` legs); leg B via `!isBrowserNavigation`; both-false fall-through.
- `isBrowserNavigation` — auth `null` (AND leg A false), non-Basic `Bearer` (AND leg B false), `Basic` (both true); `Accept` null, non-`text/html`, and `text/html`.
- `securityContext == null ? null : getUserPrincipal()` — both ternary arms; `principal == null` true (null context and anonymous principal) and false.
- `user == null || !mustChangePassword` — leg A (unknown user), leg B (settled user), both-false → 303 redirect asserted (status `SEE_OTHER` + `Location = /ui/password`).
- `normalize` — `path == null`, `path.isEmpty()`, leading-slash arm, and slash-less else arm.

**Files read:** `PasswordChangeFilter.java`, `AppUser.java` (findByUsername + `mustChangePassword` field), `CurrentUserTest.java` (style reference).

**Iterations:** 1 (green on first run; verify confirmed full coverage — no gap-filling needed).

**Residue:** none. **Scope:** only the new test class; `src/main` untouched.
=== com.intermarche.fidelity.security.PasswordResetService ===
=== com.intermarche.fidelity.security.PasswordResetService ===
Done. Test class complete and passing.

## Report — `PasswordResetService`

**Branches: 18/18 (100%).** Lines 15/15 methods; instructions 96% (168/175).

**Tests: 12, all green.** Verify (JaCoCo) BUILD SUCCESS.

### Branches covered
- `requestReset` — `user == null` short-circuit (nothing deleted/stored/mailed) **and** the full send path (pending tokens invalidated, hashed token persisted with `now().plusMinutes(ttl)` expiry, mail subject/recipient/label/username/TTL/link asserted).
- `trimTrailingSlash` (private, via the mailed link) — all four legs: null base, blank non-null base (`"   "`), trailing-slash base (trimmed, no `//`), slash-less base (verbatim).
- `resetPassword` — `token == null` leg, `token.isBlank()` leg, valid token; `reset == null` leg, `!isUsableAt(now)` leg, usable token; `policyError != null` (weak password) **and** `== null` (success).
- Success path asserts `setPassword`, `mustChangePassword` cleared, `usedAt == FIXED`, both `persist()` calls; `validatePassword` runs for real.

### Time
`DateTimeProvider` fixed to `FIXED = 2026-08-08T10:00` per test, cleared after. Token expiry asserted as `FIXED.plusMinutes(30)`; usability verified against `isUsableAt(FIXED)` — never the campaign clock (§24.6, §30.3).

### Justified residue
Lines 141–142 — `catch (NoSuchAlgorithmException)` in `sha256Hex`. Unreachable: SHA-256 is a JVM-mandated algorithm always present; the branch can only be hit by breaking `MessageDigest`, which would require touching `src/main` (out of scope). Accounts for the 7 missed instructions; **zero missed branches**.

### Files read
`PasswordResetService.java`, `PasswordResetToken.java`, `AppUser.java`, `DateTimeProvider.java`, `ReservationServiceTest.java` + `PasswordChangeFilterTest.java` (style), `pom.xml` (deps), `Mail` javap.

### Iterations
Test compiled and passed first run; verify confirmed 18/18 branches on the first pass. No `src/main` changes. No testability obstacles found.
Done. Test class complete and passing.

## Report — `PasswordResetService`

**Branches: 18/18 (100%).** Lines 15/15 methods; instructions 96% (168/175).

**Tests: 12, all green.** Verify (JaCoCo) BUILD SUCCESS.

### Branches covered
- `requestReset` — `user == null` short-circuit (nothing deleted/stored/mailed) **and** the full send path (pending tokens invalidated, hashed token persisted with `now().plusMinutes(ttl)` expiry, mail subject/recipient/label/username/TTL/link asserted).
- `trimTrailingSlash` (private, via the mailed link) — all four legs: null base, blank non-null base (`"   "`), trailing-slash base (trimmed, no `//`), slash-less base (verbatim).
- `resetPassword` — `token == null` leg, `token.isBlank()` leg, valid token; `reset == null` leg, `!isUsableAt(now)` leg, usable token; `policyError != null` (weak password) **and** `== null` (success).
- Success path asserts `setPassword`, `mustChangePassword` cleared, `usedAt == FIXED`, both `persist()` calls; `validatePassword` runs for real.

### Time
`DateTimeProvider` fixed to `FIXED = 2026-08-08T10:00` per test, cleared after. Token expiry asserted as `FIXED.plusMinutes(30)`; usability verified against `isUsableAt(FIXED)` — never the campaign clock (§24.6, §30.3).

### Justified residue
Lines 141–142 — `catch (NoSuchAlgorithmException)` in `sha256Hex`. Unreachable: SHA-256 is a JVM-mandated algorithm always present; the branch can only be hit by breaking `MessageDigest`, which would require touching `src/main` (out of scope). Accounts for the 7 missed instructions; **zero missed branches**.

### Files read
`PasswordResetService.java`, `PasswordResetToken.java`, `AppUser.java`, `DateTimeProvider.java`, `ReservationServiceTest.java` + `PasswordChangeFilterTest.java` (style), `pom.xml` (deps), `Mail` javap.

### Iterations
Test compiled and passed first run; verify confirmed 18/18 branches on the first pass. No `src/main` changes. No testability obstacles found.
=== com.intermarche.fidelity.security.SecurityBootstrap ===
=== com.intermarche.fidelity.security.SecurityBootstrap ===
100% coverage achieved. Both the guard branches and all methods are fully covered.

## Report — `com.intermarche.fidelity.security.SecurityBootstrap`

**Branch coverage: 2/2 (100%)** · Instructions 69/69 (100%) · Lines 18/18 · Methods 4/4 · 0 missed anything.

**Branches enumerated & covered**
- `AppUser.count() > 0` — **true arm**: existing users → early return, nothing constructed (`onStartExistingUsersSeedNothing`, count=1).
- `AppUser.count() > 0` — **false arm**: empty table → two accounts seeded (`onStartEmptyTableSeedsBothAccounts`, count=0).
- `createUser` has no branches; its two call shapes are both asserted — `pos` (email `null`, `mustChangePassword=false`) and `fid-admin` (email set, `mustChangePassword=true`), including username, `setPassword`, roles, displayName, `active`, and `persist`.

**Key testability note:** `count()` is inherited from `PanacheEntityBase`, so per CLAUDE.md the static is mocked via `mockStatic(PanacheEntityBase.class)` (not `AppUser.class`, which does not intercept the inherited static — the initial `mockStatic(AppUser.class)` attempt failed with `MissingMethodInvocation`). `new AppUser()` neutralized with `mockConstruction`; both in try-with-resources.

**Time:** no temporal logic in this class — no clock read, so no `DateTimeProvider` fixing needed.

**Files read:** `SecurityBootstrap.java`, `AppUser.java`, `PasswordResetServiceTest.java` (style reference). **Iterations:** 2 (first failed on the `mockStatic(AppUser.class)` static-mock target; fixed to `PanacheEntityBase`). **Justified residue:** none.

Scope respected: only the new test class `SecurityBootstrapTest.java` was added; no `src/main` touched.
100% coverage achieved. Both the guard branches and all methods are fully covered.

## Report — `com.intermarche.fidelity.security.SecurityBootstrap`

**Branch coverage: 2/2 (100%)** · Instructions 69/69 (100%) · Lines 18/18 · Methods 4/4 · 0 missed anything.

**Branches enumerated & covered**
- `AppUser.count() > 0` — **true arm**: existing users → early return, nothing constructed (`onStartExistingUsersSeedNothing`, count=1).
- `AppUser.count() > 0` — **false arm**: empty table → two accounts seeded (`onStartEmptyTableSeedsBothAccounts`, count=0).
- `createUser` has no branches; its two call shapes are both asserted — `pos` (email `null`, `mustChangePassword=false`) and `fid-admin` (email set, `mustChangePassword=true`), including username, `setPassword`, roles, displayName, `active`, and `persist`.

**Key testability note:** `count()` is inherited from `PanacheEntityBase`, so per CLAUDE.md the static is mocked via `mockStatic(PanacheEntityBase.class)` (not `AppUser.class`, which does not intercept the inherited static — the initial `mockStatic(AppUser.class)` attempt failed with `MissingMethodInvocation`). `new AppUser()` neutralized with `mockConstruction`; both in try-with-resources.

**Time:** no temporal logic in this class — no clock read, so no `DateTimeProvider` fixing needed.

**Files read:** `SecurityBootstrap.java`, `AppUser.java`, `PasswordResetServiceTest.java` (style reference). **Iterations:** 2 (first failed on the `mockStatic(AppUser.class)` static-mock target; fixed to `PanacheEntityBase`). **Justified residue:** none.

Scope respected: only the new test class `SecurityBootstrapTest.java` was added; no `src/main` touched.
Tout est vert. **`mvn verify -DskipITs` → BUILD SUCCESS, 1139 tests, 0 échec / 0 erreur / 0 ignoré.** (Les stacktraces/ERROR aperçus dans les logs sont des chemins d'erreur volontairement exercés par des tests qui passent.)

## Couverture de branches JaCoCo — `com.intermarche.fidelity.security`

| Classe | Branches | % |
|---|---|---|
| `CurrentUser` | 12/12 | 100 % |
| `PasswordChangeFilter` | 34/34 | 100 % |
| `PasswordResetService` | 18/18 | 100 % |
| `SecurityBootstrap` | 2/2 | 100 % |

**Classes sans test :** aucune. Les 4 classes portant de la logique ont chacune leur classe de test. `package-info.java` n'a ni branche ni logique — pas de test requis (attendu).

## Commit
- CLAUDE.md et `.claude/` : **inchangés** → non stagés.
- Stagé uniquement les 4 classes de test du package security.
- Commit `ccd9177` : `test: full branch coverage for com.intermarche.fidelity.security` (4 fichiers, 910 insertions). Aucun `git push`.
Tout est vert. **`mvn verify -DskipITs` → BUILD SUCCESS, 1139 tests, 0 échec / 0 erreur / 0 ignoré.** (Les stacktraces/ERROR aperçus dans les logs sont des chemins d'erreur volontairement exercés par des tests qui passent.)

## Couverture de branches JaCoCo — `com.intermarche.fidelity.security`

| Classe | Branches | % |
|---|---|---|
| `CurrentUser` | 12/12 | 100 % |
| `PasswordChangeFilter` | 34/34 | 100 % |
| `PasswordResetService` | 18/18 | 100 % |
| `SecurityBootstrap` | 2/2 | 100 % |

**Classes sans test :** aucune. Les 4 classes portant de la logique ont chacune leur classe de test. `package-info.java` n'a ni branche ni logique — pas de test requis (attendu).

## Commit
- CLAUDE.md et `.claude/` : **inchangés** → non stagés.
- Stagé uniquement les 4 classes de test du package security.
- Commit `ccd9177` : `test: full branch coverage for com.intermarche.fidelity.security` (4 fichiers, 910 insertions). Aucun `git push`.
PASS: security — expected commit is HEAD.
PASS: security — expected commit is HEAD.
########## package com.intermarche.fidelity.admin ##########
########## package com.intermarche.fidelity.admin ##########
=== com.intermarche.fidelity.admin.AdminException ===
=== com.intermarche.fidelity.admin.AdminException ===
All green. Report below.

## Report — `com.intermarche.fidelity.admin.AdminException`

- **Branch count: n/a (0/0)** — the class is a single message-forwarding constructor `super(message)` with no conditionals, guards, ternaries, or divisions. There are no branches to cover.
- **Coverage: 100%** instructions (missed 0 of 1 method, 0 missed lines) per JaCoCo `com.intermarche.fidelity.admin/AdminException.html`.
- **Tests: 6/6 passing** — message verbatim, null-arm message, blank-arm message, null cause, unchecked `RuntimeException` type, same-instance propagation through the supertype.
- **Files read (2):** `src/main/.../admin/AdminException.java` (target); `src/test/.../earn/ValuationReconciliationExceptionTest.java` (style reference for the sibling exception).
- **Iterations:** 1 — `test` green, then `verify` green on first pass.
- **Time/Panache:** none — pure logic, no `DateTimeProvider`, no static finder mocking.
- **Justified residue:** none. Branch coverage is vacuously complete; the null/non-null/blank arms of the `String` argument are all exercised even though the constructor does not branch on them.
- **Scope:** only the new test class was added; `src/main` untouched.
All green. Report below.

## Report — `com.intermarche.fidelity.admin.AdminException`

- **Branch count: n/a (0/0)** — the class is a single message-forwarding constructor `super(message)` with no conditionals, guards, ternaries, or divisions. There are no branches to cover.
- **Coverage: 100%** instructions (missed 0 of 1 method, 0 missed lines) per JaCoCo `com.intermarche.fidelity.admin/AdminException.html`.
- **Tests: 6/6 passing** — message verbatim, null-arm message, blank-arm message, null cause, unchecked `RuntimeException` type, same-instance propagation through the supertype.
- **Files read (2):** `src/main/.../admin/AdminException.java` (target); `src/test/.../earn/ValuationReconciliationExceptionTest.java` (style reference for the sibling exception).
- **Iterations:** 1 — `test` green, then `verify` green on first pass.
- **Time/Panache:** none — pure logic, no `DateTimeProvider`, no static finder mocking.
- **Justified residue:** none. Branch coverage is vacuously complete; the null/non-null/blank arms of the `String` argument are all exercised even though the constructor does not branch on them.
- **Scope:** only the new test class was added; `src/main` untouched.
=== com.intermarche.fidelity.admin.AdminService ===
=== com.intermarche.fidelity.admin.AdminService ===
Full branch coverage achieved. Here's the report.

## Report — `com.intermarche.fidelity.admin.AdminService`

**Coverage (JaCoCo, target class):**
- **Branches: 186/186 — 100%** (0 missed)
- Instructions: 1461/1461 (100%), Lines: 311/311 (100%), Methods: 28/28 (100%), Complexity: 121/121 (100%)

**Tests:** 85, all green (`mvn -Dtest=AdminServiceTest verify`). New file `src/test/java/com/intermarche/fidelity/admin/AdminServiceTest.java` (no prior test existed — created from scratch, nothing truncated).

**Iterations:** 2. First run failed with Mockito `UnfinishedStubbing` — the `queryOf(...)` helper opened a nested `when(query.firstResult())` inside an in-progress `panache.when(...).thenReturn(...)`. Fixed by rebuilding the `PanacheQuery` mock with a default `Answer` (returns the value for `firstResult`, no `when()`), which opens no stubbing. Second run: 100%.

**Branch coverage highlights (per CLAUDE.md §29/§29.6):**
- `windowsOverlap` matrix driven through `createRule` — each leg of `aTo!=null && !aTo.isAfter(bFrom)`, `bTo!=null && !bTo.isAfter(aFrom)`, and both `||` outcomes (both-open overlap, aBeforeB, bBeforeA, interleaved-closed overlap).
- Time boundaries on the fixed clock, both instants straddling each border: `updateRule` in-force gate at `now == validFrom` vs `validFrom+1s`; `validFrom`/`validTo`/`end` past-checks at `today` vs `today-1`.
- Every compound leg of `validateCommunityParams` (negative caps, renewal-window XOR both ways, month `<1`/`>12`/valid/null) and the eligibility ternary (null/blank/non-blank-trim).
- Enrollment cap at the boundary (count `>= cap` vs `< cap`), closed-community deletion-by-omission legs, and each false leg of the `replaceMemberships` valid-entry filter (null entry / null card / blank card / null validFrom / unknown card / all-true).
- `transferCard`: zero vs non-zero balance, FIFO `residualByYear` with a fully-consumed year (residual 0, skipped) and a partial year (residual credited), memberships/activations carried.
- `BigDecimal` asserted by `compareTo` throughout; `ledger.post` verified with the trimmed reason and negated transfer amount.

**Residue:** none — 0/186 branches missed.

**Scope:** `src/main` untouched; only the test class was added. No testability obstacles encountered.

Files read: `AdminService.java` and its collaborators (`LedgerService`, `ProgramClock`, `CardNumberGenerator`, `EarnRuleRegistry`, `MembershipInput`, `AdminException`, `BaseEntity`), the domain entities it touches, the `AccountStatus`/`ReservationState` enums, and three existing tests (`ReservationServiceTest`, `FidelityActivationCsvResourceTest`, `FidelityMembershipCsvResourceTest`) for the established mocking patterns.
Full branch coverage achieved. Here's the report.

## Report — `com.intermarche.fidelity.admin.AdminService`

**Coverage (JaCoCo, target class):**
- **Branches: 186/186 — 100%** (0 missed)
- Instructions: 1461/1461 (100%), Lines: 311/311 (100%), Methods: 28/28 (100%), Complexity: 121/121 (100%)

**Tests:** 85, all green (`mvn -Dtest=AdminServiceTest verify`). New file `src/test/java/com/intermarche/fidelity/admin/AdminServiceTest.java` (no prior test existed — created from scratch, nothing truncated).

**Iterations:** 2. First run failed with Mockito `UnfinishedStubbing` — the `queryOf(...)` helper opened a nested `when(query.firstResult())` inside an in-progress `panache.when(...).thenReturn(...)`. Fixed by rebuilding the `PanacheQuery` mock with a default `Answer` (returns the value for `firstResult`, no `when()`), which opens no stubbing. Second run: 100%.

**Branch coverage highlights (per CLAUDE.md §29/§29.6):**
- `windowsOverlap` matrix driven through `createRule` — each leg of `aTo!=null && !aTo.isAfter(bFrom)`, `bTo!=null && !bTo.isAfter(aFrom)`, and both `||` outcomes (both-open overlap, aBeforeB, bBeforeA, interleaved-closed overlap).
- Time boundaries on the fixed clock, both instants straddling each border: `updateRule` in-force gate at `now == validFrom` vs `validFrom+1s`; `validFrom`/`validTo`/`end` past-checks at `today` vs `today-1`.
- Every compound leg of `validateCommunityParams` (negative caps, renewal-window XOR both ways, month `<1`/`>12`/valid/null) and the eligibility ternary (null/blank/non-blank-trim).
- Enrollment cap at the boundary (count `>= cap` vs `< cap`), closed-community deletion-by-omission legs, and each false leg of the `replaceMemberships` valid-entry filter (null entry / null card / blank card / null validFrom / unknown card / all-true).
- `transferCard`: zero vs non-zero balance, FIFO `residualByYear` with a fully-consumed year (residual 0, skipped) and a partial year (residual credited), memberships/activations carried.
- `BigDecimal` asserted by `compareTo` throughout; `ledger.post` verified with the trimmed reason and negated transfer amount.

**Residue:** none — 0/186 branches missed.

**Scope:** `src/main` untouched; only the test class was added. No testability obstacles encountered.

Files read: `AdminService.java` and its collaborators (`LedgerService`, `ProgramClock`, `CardNumberGenerator`, `EarnRuleRegistry`, `MembershipInput`, `AdminException`, `BaseEntity`), the domain entities it touches, the `AccountStatus`/`ReservationState` enums, and three existing tests (`ReservationServiceTest`, `FidelityActivationCsvResourceTest`, `FidelityMembershipCsvResourceTest`) for the established mocking patterns.
=== com.intermarche.fidelity.admin.MembershipInput ===
=== com.intermarche.fidelity.admin.MembershipInput ===
100% coverage confirmed. Done.

## Report — `com.intermarche.fidelity.admin.MembershipInput`

- **Branch count: n/a (0/0)** — MembershipInput is a field-only Jackson carrier with an implicit default constructor and no methods, so there are no guards, ternaries, or compound gates to cover.
- **Coverage: 100 % instructions**, JaCoCo branches `n/a` (none exist). Confirmed via `target/site/jacoco/com.intermarche.fidelity.admin/MembershipInput.html`.
- **Tests: 4 passed** — default construction (all fields null), closed-window round-trip (non-null `validTo` arm), open-window (`null` `validTo` arm, §21.3), and the `@JsonIgnoreProperties(ignoreUnknown=true)` contract via a plain Jackson deserialization with an unknown property.
- **Clock:** none — pure carrier, no `DateTimeProvider`; all dates are fixed `LocalDate` literals, no real clock read.
- **Files read:** `MembershipInput.java` (target), `AdminExceptionTest.java` (style reference). No existing test for this class — new file created.
- **Iterations:** 1 (green on first run).
- **Residue:** none.
- **Scope:** only the test class added; `src/main` untouched.
100% coverage confirmed. Done.

## Report — `com.intermarche.fidelity.admin.MembershipInput`

- **Branch count: n/a (0/0)** — MembershipInput is a field-only Jackson carrier with an implicit default constructor and no methods, so there are no guards, ternaries, or compound gates to cover.
- **Coverage: 100 % instructions**, JaCoCo branches `n/a` (none exist). Confirmed via `target/site/jacoco/com.intermarche.fidelity.admin/MembershipInput.html`.
- **Tests: 4 passed** — default construction (all fields null), closed-window round-trip (non-null `validTo` arm), open-window (`null` `validTo` arm, §21.3), and the `@JsonIgnoreProperties(ignoreUnknown=true)` contract via a plain Jackson deserialization with an unknown property.
- **Clock:** none — pure carrier, no `DateTimeProvider`; all dates are fixed `LocalDate` literals, no real clock read.
- **Files read:** `MembershipInput.java` (target), `AdminExceptionTest.java` (style reference). No existing test for this class — new file created.
- **Iterations:** 1 (green on first run).
- **Residue:** none.
- **Scope:** only the test class added; `src/main` untouched.
=== com.intermarche.fidelity.admin.UserAdminService ===
=== com.intermarche.fidelity.admin.UserAdminService ===
100% coverage confirmed. Cleaning up the JaCoCo exec is unnecessary; done.

## Report

**Target:** `com.intermarche.fidelity.admin.UserAdminService`
**Test class:** `src/test/java/com/intermarche/fidelity/admin/UserAdminServiceTest.java` (new — no prior test existed)

**Coverage (JaCoCo, target class):**
- Branches: **62/62 (100%)**
- Instructions: 287/287 (100%)
- Lines: 65/65, Methods: 7/7 — all covered
- **Justified residue: none.**

**Tests:** 22, all green.

**Branches exercised**
- `createUser`: username `null`/blank ternary + `isBlank`, `count>0` existing, empty roles (null set + unknown-only set), password policy reject, full success (trim + null-email `normalize` arms, `contains` true/false legs in `sanitizeRoles`, `mustChangePassword`).
- `updateUser`: not-found; empty roles; bad supplied password (`password!=null && !isBlank && policyError!=null`); `losesAdmin` true (demote last admin), `losesAdmin` false via role kept (disable last admin), non-last admin demote (`countActiveAdmins()<=1` false leg), disable non-admin (`hasRole` false leg of `isLastActiveAdmin`), demote already-disabled admin (`user.active` false leg); blank password kept (`!isBlank` false + `normalize` isBlank/trim arms), null password kept (`password!=null` false + `!contains` false leg), valid password reset (`policyError` false leg + `mustChangePassword`).
- `deleteUser`: not-found; self-delete (`currentUsername!=null && equals` true); last-admin refusal via `equals` false leg; success via `currentUsername==null` leg + disabled account.
- `sanitizeRoles`/`isLastActiveAdmin`/`normalize` all legs covered across the above.

**Files read:** `UserAdminService.java`, `AppUser.java`, `AdminException.java`, `AdminServiceTest.java` (style reference).
**Iterations:** 1 (green on first compile/run; verify confirmed full branch coverage).

**Note (in-scope, one line):** `UserAdminService` performs no clock reads, so no `DateTimeProvider` fixation was required (§24.6). `src/main` untouched.
100% coverage confirmed. Cleaning up the JaCoCo exec is unnecessary; done.

## Report

**Target:** `com.intermarche.fidelity.admin.UserAdminService`
**Test class:** `src/test/java/com/intermarche/fidelity/admin/UserAdminServiceTest.java` (new — no prior test existed)

**Coverage (JaCoCo, target class):**
- Branches: **62/62 (100%)**
- Instructions: 287/287 (100%)
- Lines: 65/65, Methods: 7/7 — all covered
- **Justified residue: none.**

**Tests:** 22, all green.

**Branches exercised**
- `createUser`: username `null`/blank ternary + `isBlank`, `count>0` existing, empty roles (null set + unknown-only set), password policy reject, full success (trim + null-email `normalize` arms, `contains` true/false legs in `sanitizeRoles`, `mustChangePassword`).
- `updateUser`: not-found; empty roles; bad supplied password (`password!=null && !isBlank && policyError!=null`); `losesAdmin` true (demote last admin), `losesAdmin` false via role kept (disable last admin), non-last admin demote (`countActiveAdmins()<=1` false leg), disable non-admin (`hasRole` false leg of `isLastActiveAdmin`), demote already-disabled admin (`user.active` false leg); blank password kept (`!isBlank` false + `normalize` isBlank/trim arms), null password kept (`password!=null` false + `!contains` false leg), valid password reset (`policyError` false leg + `mustChangePassword`).
- `deleteUser`: not-found; self-delete (`currentUsername!=null && equals` true); last-admin refusal via `equals` false leg; success via `currentUsername==null` leg + disabled account.
- `sanitizeRoles`/`isLastActiveAdmin`/`normalize` all legs covered across the above.

**Files read:** `UserAdminService.java`, `AppUser.java`, `AdminException.java`, `AdminServiceTest.java` (style reference).
**Iterations:** 1 (green on first compile/run; verify confirmed full branch coverage).

**Note (in-scope, one line):** `UserAdminService` performs no clock reads, so no `DateTimeProvider` fixation was required (§24.6). `src/main` untouched.
Tout est vert et le commit est fait proprement.

## Résultat

**`mvn -q verify -DskipITs` : BUILD SUCCESS** — 1256 tests, 0 échec, 0 erreur.

### Couverture de branches JaCoCo — `com.intermarche.fidelity.admin`

| Classe | Branches | % |
|---|---|---|
| `AdminService` | 186/186 | 100% |
| `UserAdminService` | 62/62 | 100% |
| `AdminException` | 0/0 | 100% (aucune branche) |
| `MembershipInput` | 0/0 | 100% (aucune branche) |

- **Aucune classe sans test** : les 4 classes de production ont leur classe de test (`AdminServiceTest`, `UserAdminServiceTest`, `AdminExceptionTest`, `MembershipInputTest`).

### Commit

`5dbb7de test: full branch coverage for com.intermarche.fidelity.admin` — 4 fichiers de test du package uniquement.

Deux notes de transparence :
- CLAUDE.md et `.claude/` n'ont **pas** changé → non stagés (conforme).
- Mon premier commit avait involontairement embarqué `docs/manuel-utilisateur-imfid.pdf` (il était déjà dans l'index avant ma session). Je l'ai **annulé (`reset --soft`), désindexé le PDF, et recommité** pour ne garder que les 4 classes de test comme demandé. Le PDF est de nouveau simplement stagé, comme à l'état initial.

Aucun `git push` effectué.
Tout est vert et le commit est fait proprement.

## Résultat

**`mvn -q verify -DskipITs` : BUILD SUCCESS** — 1256 tests, 0 échec, 0 erreur.

### Couverture de branches JaCoCo — `com.intermarche.fidelity.admin`

| Classe | Branches | % |
|---|---|---|
| `AdminService` | 186/186 | 100% |
| `UserAdminService` | 62/62 | 100% |
| `AdminException` | 0/0 | 100% (aucune branche) |
| `MembershipInput` | 0/0 | 100% (aucune branche) |

- **Aucune classe sans test** : les 4 classes de production ont leur classe de test (`AdminServiceTest`, `UserAdminServiceTest`, `AdminExceptionTest`, `MembershipInputTest`).

### Commit

`5dbb7de test: full branch coverage for com.intermarche.fidelity.admin` — 4 fichiers de test du package uniquement.

Deux notes de transparence :
- CLAUDE.md et `.claude/` n'ont **pas** changé → non stagés (conforme).
- Mon premier commit avait involontairement embarqué `docs/manuel-utilisateur-imfid.pdf` (il était déjà dans l'index avant ma session). Je l'ai **annulé (`reset --soft`), désindexé le PDF, et recommité** pour ne garder que les 4 classes de test comme demandé. Le PDF est de nouveau simplement stagé, comme à l'état initial.

Aucun `git push` effectué.
PASS: admin — expected commit is HEAD.
PASS: admin — expected commit is HEAD.
########## package com.intermarche.fidelity.graphql ##########
########## package com.intermarche.fidelity.graphql ##########
=== com.intermarche.fidelity.graphql.FidelityGraphQLApi ===
=== com.intermarche.fidelity.graphql.FidelityGraphQLApi ===
Verify passed. Here's the report.

## Report — `com.intermarche.fidelity.graphql.FidelityGraphQLApi`

**Result:** new test class `FidelityGraphQLApiTest`, **26 tests, all green.**

**JaCoCo (target class):**
- **Branches: 24/24 — 100%** (0 of 24 missed)
- Instructions: 388/388 — 100%
- Lines/methods: fully covered. **No residue.**

**Branches enumerated & covered:**
- `rules` type guard `type != null && !type.isBlank()` — 3 legs: null type, blank type, non-blank type.
- `rules` loop guard `activeOnly != null && activeOnly && !rule.active` — 4 legs: activeOnly null; activeOnly false; true+active (kept); true+inactive (skipped).
- `account` ternary `account == null ? null : accounts.summary(...)` — both arms.
- `movements` — account-null guard (both arms), `page != null ? … : 0` (both arms), `size != null ? … : 50` (both arms).
- `communities` / `programSettings` — for-each hasNext both arms (non-empty list).
- `guard` try/catch — success arm (every mutation driven once) + `AdminException`→`GraphQLException` translation arm with message preserved.
- `rule` finder — found and unknown (null `firstResult`).

**Time (§24.6):** `communities` reads `clock.today()` via a mocked `ProgramClock` fixed to `TODAY = 2026-08-08`; the active-member count is stubbed against that fixed day, never the campaign clock.

**Isolation:** plain unit — no `@QuarkusTest`, no H2. `AdminService`, `AccountService`, `BatchService`, `ProgramClock` mocked into the package-private fields. Panache inherited finders (`find`/`list`/`count`) stubbed via `mockStatic(PanacheEntityBase.class)` in try-with-resources; `findByCardNumber`/`listAllByCode` resolve through them. Every `BigDecimal` asserted by `compareTo`.

**Files read:** `FidelityGraphQLApi.java`, `GraphQLTypes.java`, `FidelityRule/Account/Community/Membership/ProgramSetting/Activation.java` (finder bodies + fields), `ProgramClock`, `AccountService`/`AccountViews`, `AdminService`/`AdminException`, `BatchService`/`BatchResult`/`BatchType`, `AccountStatus`, and `AdminServiceTest` (pattern reference).

**Iterations:** 1 (green on first `test` run; `verify` confirmed 24/24 branches with no gap-filling needed).

**Scope:** only the new test file added; `src/main` untouched. No bugs or testability obstacles found.
Verify passed. Here's the report.

## Report — `com.intermarche.fidelity.graphql.FidelityGraphQLApi`

**Result:** new test class `FidelityGraphQLApiTest`, **26 tests, all green.**

**JaCoCo (target class):**
- **Branches: 24/24 — 100%** (0 of 24 missed)
- Instructions: 388/388 — 100%
- Lines/methods: fully covered. **No residue.**

**Branches enumerated & covered:**
- `rules` type guard `type != null && !type.isBlank()` — 3 legs: null type, blank type, non-blank type.
- `rules` loop guard `activeOnly != null && activeOnly && !rule.active` — 4 legs: activeOnly null; activeOnly false; true+active (kept); true+inactive (skipped).
- `account` ternary `account == null ? null : accounts.summary(...)` — both arms.
- `movements` — account-null guard (both arms), `page != null ? … : 0` (both arms), `size != null ? … : 50` (both arms).
- `communities` / `programSettings` — for-each hasNext both arms (non-empty list).
- `guard` try/catch — success arm (every mutation driven once) + `AdminException`→`GraphQLException` translation arm with message preserved.
- `rule` finder — found and unknown (null `firstResult`).

**Time (§24.6):** `communities` reads `clock.today()` via a mocked `ProgramClock` fixed to `TODAY = 2026-08-08`; the active-member count is stubbed against that fixed day, never the campaign clock.

**Isolation:** plain unit — no `@QuarkusTest`, no H2. `AdminService`, `AccountService`, `BatchService`, `ProgramClock` mocked into the package-private fields. Panache inherited finders (`find`/`list`/`count`) stubbed via `mockStatic(PanacheEntityBase.class)` in try-with-resources; `findByCardNumber`/`listAllByCode` resolve through them. Every `BigDecimal` asserted by `compareTo`.

**Files read:** `FidelityGraphQLApi.java`, `GraphQLTypes.java`, `FidelityRule/Account/Community/Membership/ProgramSetting/Activation.java` (finder bodies + fields), `ProgramClock`, `AccountService`/`AccountViews`, `AdminService`/`AdminException`, `BatchService`/`BatchResult`/`BatchType`, `AccountStatus`, and `AdminServiceTest` (pattern reference).

**Iterations:** 1 (green on first `test` run; `verify` confirmed 24/24 branches with no gap-filling needed).

**Scope:** only the new test file added; `src/main` untouched. No bugs or testability obstacles found.
=== com.intermarche.fidelity.graphql.GraphQLTypes ===
=== com.intermarche.fidelity.graphql.GraphQLTypes ===
100% branch coverage, 0 missed branches across all six nested types. Cleaning up the stray campaign log artifact if any was created — none. Done.

## Report — `com.intermarche.fidelity.graphql.GraphQLTypes`

**Result:** `GraphQLTypesTest`, 15/15 green. JaCoCo: **100% branches (0 missed)** and **100% instructions** on every nested type.

Per-class branch totals (all 0 missed): `RuleType.of` 2, `CommunityType.of` 2, `ProgramSettingType.of` 2, `MembershipType.of` 6 (guard + 2 ternaries), `ActivationType.of` 4 (guard + 1 ternary), `CardType` ctor 0 branches. Aggregate **16/16**.

**Branches covered (both arms of each):**
- `RuleType.of` — null → null; non-null full copy; plus a null-`monthlyCapPerCard` case.
- `CommunityType.of` — null → null; non-null full copy with supplied member count.
- `ProgramSettingType.of` — null → null; non-null key/value.
- `MembershipType.of` — null → null; account≠null **and** community≠null (true arms); account==null **and** community==null (false arms).
- `ActivationType.of` — null → null; account≠null (true arm); account==null (false arm).
- `CardType` constructor and the private `GraphQLTypes` holder constructor (via reflection).

**Notes:** Pure projection class — no clock, no Panache statics, so no `DateTimeProvider`/`mockStatic` needed; entities built in memory. Every `BigDecimal` asserted with `compareTo`. Assertions via `org.junit.jupiter.api.Assertions` only; Javadoc on every method; no blank lines in method bodies.

**Files read:** `GraphQLTypes.java`; field/ctor signatures of `FidelityRule`, `FidelityCommunity`, `FidelityProgramSetting`, `FidelityMembership`, `FidelityActivation`, `FidelityAccount`.

**Iterations:** 1 (green on first `test`, 100% on first `verify`). No residue. `src/main` untouched.
100% branch coverage, 0 missed branches across all six nested types. Cleaning up the stray campaign log artifact if any was created — none. Done.

## Report — `com.intermarche.fidelity.graphql.GraphQLTypes`

**Result:** `GraphQLTypesTest`, 15/15 green. JaCoCo: **100% branches (0 missed)** and **100% instructions** on every nested type.

Per-class branch totals (all 0 missed): `RuleType.of` 2, `CommunityType.of` 2, `ProgramSettingType.of` 2, `MembershipType.of` 6 (guard + 2 ternaries), `ActivationType.of` 4 (guard + 1 ternary), `CardType` ctor 0 branches. Aggregate **16/16**.

**Branches covered (both arms of each):**
- `RuleType.of` — null → null; non-null full copy; plus a null-`monthlyCapPerCard` case.
- `CommunityType.of` — null → null; non-null full copy with supplied member count.
- `ProgramSettingType.of` — null → null; non-null key/value.
- `MembershipType.of` — null → null; account≠null **and** community≠null (true arms); account==null **and** community==null (false arms).
- `ActivationType.of` — null → null; account≠null (true arm); account==null (false arm).
- `CardType` constructor and the private `GraphQLTypes` holder constructor (via reflection).

**Notes:** Pure projection class — no clock, no Panache statics, so no `DateTimeProvider`/`mockStatic` needed; entities built in memory. Every `BigDecimal` asserted with `compareTo`. Assertions via `org.junit.jupiter.api.Assertions` only; Javadoc on every method; no blank lines in method bodies.

**Files read:** `GraphQLTypes.java`; field/ctor signatures of `FidelityRule`, `FidelityCommunity`, `FidelityProgramSetting`, `FidelityMembership`, `FidelityActivation`, `FidelityAccount`.

**Iterations:** 1 (green on first `test`, 100% on first `verify`). No residue. `src/main` untouched.
=== com.intermarche.fidelity.graphql.package-info ===
=== com.intermarche.fidelity.graphql.package-info ===
`package-info.java` for `com.intermarche.fidelity.graphql` contains only package Javadoc and the `package` declaration — **no class, no methods, no executable bytecode, hence zero branches**. There is nothing to unit-test and no JaCoCo coverage can be produced for it.

Per CLAUDE.md scope ("un obstacle à la testabilité s'arrête et se signale en une ligne"), I'm stopping rather than fabricating a test class.

**Report:** target `com.intermarche.fidelity.graphql.package-info` is not testable — a `package-info.java` (documentation-only, no code); no test class created, no `src/main` touched. Files read: 1 (`package-info.java`). Branches: 0/0 (N/A). Iterations: 0.
`package-info.java` for `com.intermarche.fidelity.graphql` contains only package Javadoc and the `package` declaration — **no class, no methods, no executable bytecode, hence zero branches**. There is nothing to unit-test and no JaCoCo coverage can be produced for it.

Per CLAUDE.md scope ("un obstacle à la testabilité s'arrête et se signale en une ligne"), I'm stopping rather than fabricating a test class.

**Report:** target `com.intermarche.fidelity.graphql.package-info` is not testable — a `package-info.java` (documentation-only, no code); no test class created, no `src/main` touched. Files read: 1 (`package-info.java`). Branches: 0/0 (N/A). Iterations: 0.
Done. Tout est vert et le commit est fait.

## Build
`mvn -q verify -DskipITs` → **BUILD SUCCESS** — 1297 tests, 0 échec, 0 erreur. (Les lignes `ERROR` dans les logs sont des chemins d'échec testés volontairement, pas des tests rouges.)

## Couverture de branches JaCoCo — `com.intermarche.fidelity.graphql`
```
FidelityGraphQLApi                 : 24/24 (100%)
GraphQLTypes.ActivationType        : 4/4   (100%)
GraphQLTypes.MembershipType        : 6/6   (100%)
GraphQLTypes.CommunityType         : 2/2   (100%)
GraphQLTypes.RuleType              : 2/2   (100%)
GraphQLTypes.ProgramSettingType    : 2/2   (100%)
GraphQLTypes.CardType              : 0/0   (n/a — aucune branche)
```
**Classes sans test : aucune.** Les deux classes de production (`FidelityGraphQLApi`, `GraphQLTypes`) sont couvertes par `FidelityGraphQLApiTest` et `GraphQLTypesTest`. `package-info.java` ne contient pas de code.

## Commit
- CLAUDE.md et `.claude/` : **inchangés** → non stagés.
- Stagé uniquement : `FidelityGraphQLApiTest.java`, `GraphQLTypesTest.java`.
- Commit `6572f5d` : `test: full branch coverage for com.intermarche.fidelity.graphql`.
- Aucun `git push`.
Done. Tout est vert et le commit est fait.

## Build
`mvn -q verify -DskipITs` → **BUILD SUCCESS** — 1297 tests, 0 échec, 0 erreur. (Les lignes `ERROR` dans les logs sont des chemins d'échec testés volontairement, pas des tests rouges.)

## Couverture de branches JaCoCo — `com.intermarche.fidelity.graphql`
```
FidelityGraphQLApi                 : 24/24 (100%)
GraphQLTypes.ActivationType        : 4/4   (100%)
GraphQLTypes.MembershipType        : 6/6   (100%)
GraphQLTypes.CommunityType         : 2/2   (100%)
GraphQLTypes.RuleType              : 2/2   (100%)
GraphQLTypes.ProgramSettingType    : 2/2   (100%)
GraphQLTypes.CardType              : 0/0   (n/a — aucune branche)
```
**Classes sans test : aucune.** Les deux classes de production (`FidelityGraphQLApi`, `GraphQLTypes`) sont couvertes par `FidelityGraphQLApiTest` et `GraphQLTypesTest`. `package-info.java` ne contient pas de code.

## Commit
- CLAUDE.md et `.claude/` : **inchangés** → non stagés.
- Stagé uniquement : `FidelityGraphQLApiTest.java`, `GraphQLTypesTest.java`.
- Commit `6572f5d` : `test: full branch coverage for com.intermarche.fidelity.graphql`.
- Aucun `git push`.
PASS: graphql — expected commit is HEAD.
PASS: graphql — expected commit is HEAD.
########## package com.intermarche.fidelity.ui ##########
########## package com.intermarche.fidelity.ui ##########
=== com.intermarche.fidelity.ui.AuthUiResource ===
=== com.intermarche.fidelity.ui.AuthUiResource ===
Branch coverage is complete. The two uncovered lines are: line 58 (the synthetic default constructor of the `Templates` holder, never instantiated) and line 202 (the `areturn` after the native `Templates.password(...)` call — unreachable because the `@CheckedTemplate` native method has no body under a plain unit run and throws first, the same reason all four render endpoints assert the template boundary).

## Report — `com.intermarche.fidelity.ui.AuthUiResource`

**Branch coverage: 38/38 = 100%** (JaCoCo: `0 of 38` missed). Instructions 228/239 (95%), lines 46/47.

**Test class:** `src/test/java/com/intermarche/fidelity/ui/AuthUiResourceTest.java` — created (no prior test existed), 24 tests, all green.

**Branches covered (both arms / each leg):**
- `login` — `error != null` × `reset != null` (both arms of each)
- `forgot` — `sent != null` (both arms)
- `requestReset` — `getBaseUri()` null / non-null (`Objects.toString` fallback)
- `reset` — `token == null ? "" : token` (both arms)
- `doReset` — `password == null` (leg 1), `!password.equals(confirm)` (leg 2), guard-false path; `error != null` (both arms); `redirectToReset` token null / non-null
- `password` — `currentUser` guard `sc == null` (leg 1) / `getUserPrincipal() == null` (leg 2) / both-non-null; `user != null && user.mustChangePassword` (each leg)
- `changePassword` — `user == null` (both arms); `error != null` (both arms); `validateChange`: guard1 both legs true, leg1-false (forced), leg2-false (correct current), `policyError != null`, `!newPassword.equals(confirmation)`, `matchesPassword(newPassword)` — success + every rejection
- `logout` — cleared cookie (maxAge 0, path `/`, empty value) + redirect

**Testability note (one line):** the `@CheckedTemplate static native` methods have no instrumentable body, so Mockito (5.20) cannot intercept them under `mvn test`; the four render endpoints compute all their guard/ternary args (which carry the branches) then hit the native boundary, asserted via `assertThrows(UnsatisfiedLinkError.class, …)`.

**Justified residue (11 instr / 1 line, 0 branches):** line 58 = synthetic default constructor of the never-instantiated `Templates` holder; line 202 = the `areturn` following the native `Templates.password(...)` call, unreachable for the reason above.

**Files read:** `AuthUiResource.java`, `AppUser.java`, `UiSupport.java`, `PasswordResetServiceTest.java` (pattern), `ReservationResourceTest.java`/`EarnResourceTest.java` (Response assertion style). **Iterations:** 3 (native-template stubbing → `assertThrows`; `+`-encoded query values; one stray space fix). **`src/main` untouched.**
Branch coverage is complete. The two uncovered lines are: line 58 (the synthetic default constructor of the `Templates` holder, never instantiated) and line 202 (the `areturn` after the native `Templates.password(...)` call — unreachable because the `@CheckedTemplate` native method has no body under a plain unit run and throws first, the same reason all four render endpoints assert the template boundary).

## Report — `com.intermarche.fidelity.ui.AuthUiResource`

**Branch coverage: 38/38 = 100%** (JaCoCo: `0 of 38` missed). Instructions 228/239 (95%), lines 46/47.

**Test class:** `src/test/java/com/intermarche/fidelity/ui/AuthUiResourceTest.java` — created (no prior test existed), 24 tests, all green.

**Branches covered (both arms / each leg):**
- `login` — `error != null` × `reset != null` (both arms of each)
- `forgot` — `sent != null` (both arms)
- `requestReset` — `getBaseUri()` null / non-null (`Objects.toString` fallback)
- `reset` — `token == null ? "" : token` (both arms)
- `doReset` — `password == null` (leg 1), `!password.equals(confirm)` (leg 2), guard-false path; `error != null` (both arms); `redirectToReset` token null / non-null
- `password` — `currentUser` guard `sc == null` (leg 1) / `getUserPrincipal() == null` (leg 2) / both-non-null; `user != null && user.mustChangePassword` (each leg)
- `changePassword` — `user == null` (both arms); `error != null` (both arms); `validateChange`: guard1 both legs true, leg1-false (forced), leg2-false (correct current), `policyError != null`, `!newPassword.equals(confirmation)`, `matchesPassword(newPassword)` — success + every rejection
- `logout` — cleared cookie (maxAge 0, path `/`, empty value) + redirect

**Testability note (one line):** the `@CheckedTemplate static native` methods have no instrumentable body, so Mockito (5.20) cannot intercept them under `mvn test`; the four render endpoints compute all their guard/ternary args (which carry the branches) then hit the native boundary, asserted via `assertThrows(UnsatisfiedLinkError.class, …)`.

**Justified residue (11 instr / 1 line, 0 branches):** line 58 = synthetic default constructor of the never-instantiated `Templates` holder; line 202 = the `areturn` following the native `Templates.password(...)` call, unreachable for the reason above.

**Files read:** `AuthUiResource.java`, `AppUser.java`, `UiSupport.java`, `PasswordResetServiceTest.java` (pattern), `ReservationResourceTest.java`/`EarnResourceTest.java` (Response assertion style). **Iterations:** 3 (native-template stubbing → `assertThrows`; `+`-encoded query values; one stray space fix). **`src/main` untouched.**
=== com.intermarche.fidelity.ui.CardDetailView ===
=== com.intermarche.fidelity.ui.CardDetailView ===
All green. JaCoCo confirms full coverage: **0 of 45 instructions missed, 0 of 4 branches missed**.

## Report — `com.intermarche.fidelity.ui.CardDetailView`

- **Test class:** `src/test/java/com/intermarche/fidelity/ui/CardDetailViewTest.java` (new — no prior test existed)
- **Tests:** 3 run, 0 failures.
- **Branch coverage:** **4/4 (100 %)**; instructions **45/45 (100 %)**. No residue.

**Branches covered (both arms of each):**
- Constructor ternary `notice == null ? "" : notice` — null arm (`nullNoticeIsNormalisedToEmpty`) and non-null arm (`emptyNoticeIsKept…`, `nonEmptyNoticeIsPreserved…`).
- `isHasNotice()` guard `!notice.isEmpty()` — false/empty (null-notice and empty-notice cases) and true/non-empty (`"saved"`).

Also asserted every field is stored verbatim (via `assertSame`/`assertEquals`), with both `boolean` flags (`canWrite`, `noticeOk`) driven true and false.

**Notes:**
- Plain unit — no `@QuarkusTest`, no H2, no static finders. The class holds no clock, so no `DateTimeProvider` is involved. Collaborators (`Summary`, `MovementPage`, entities) are mocked; lists supplied in memory.
- **Iterations:** 1 (green on first run and first verify).
- **Files read:** `CardDetailView.java`, `AuthUiResourceTest.java` (style), declarations of `AccountViews.Summary/MovementPage` and the three `Fidelity*` entities.
- Scope respected: no `src/main` changes. No bugs or testability obstacles found.
All green. JaCoCo confirms full coverage: **0 of 45 instructions missed, 0 of 4 branches missed**.

## Report — `com.intermarche.fidelity.ui.CardDetailView`

- **Test class:** `src/test/java/com/intermarche/fidelity/ui/CardDetailViewTest.java` (new — no prior test existed)
- **Tests:** 3 run, 0 failures.
- **Branch coverage:** **4/4 (100 %)**; instructions **45/45 (100 %)**. No residue.

**Branches covered (both arms of each):**
- Constructor ternary `notice == null ? "" : notice` — null arm (`nullNoticeIsNormalisedToEmpty`) and non-null arm (`emptyNoticeIsKept…`, `nonEmptyNoticeIsPreserved…`).
- `isHasNotice()` guard `!notice.isEmpty()` — false/empty (null-notice and empty-notice cases) and true/non-empty (`"saved"`).

Also asserted every field is stored verbatim (via `assertSame`/`assertEquals`), with both `boolean` flags (`canWrite`, `noticeOk`) driven true and false.

**Notes:**
- Plain unit — no `@QuarkusTest`, no H2, no static finders. The class holds no clock, so no `DateTimeProvider` is involved. Collaborators (`Summary`, `MovementPage`, entities) are mocked; lists supplied in memory.
- **Iterations:** 1 (green on first run and first verify).
- **Files read:** `CardDetailView.java`, `AuthUiResourceTest.java` (style), declarations of `AccountViews.Summary/MovementPage` and the three `Fidelity*` entities.
- Scope respected: no `src/main` changes. No bugs or testability obstacles found.
=== com.intermarche.fidelity.ui.CardRow ===
=== com.intermarche.fidelity.ui.CardRow ===
Green and fully covered.

## Report — `com.intermarche.fidelity.ui.CardRow`

**Result:** `CardRowTest` created, 5 tests, all green.

**Branch coverage:** 3/3 branches — **100 %** (JaCoCo: `0 of 3` missed). Instructions: 44/44 — **100 %**.

**Branches enumerated & covered** (`getBadgeClass()` switch — the class's only branch point):
- `"ACTIVE"` → `badge-ok`
- `"RESILIATED"` → `badge-error`
- `default` (via `PENDING_ACTIVATION`) → `badge-off`

`of(...)` has no branch — covered by an explicit-copy assertion plus a null-`lastUsedAt` case (the em-dash absent value, §21.4) for both arms of the nullable field.

**Notes on conventions:**
- No `@QuarkusTest`, no H2 — accounts built in memory; no Panache/static-finder mocking needed (`CardRow` touches no clock and no finder).
- Temporal field fixed to a deterministic instant (§24.6), never the real clock.
- `BigDecimal` balance asserted with `compareTo`. JUnit assertions only, Javadoc on every method, no blank lines in method bodies.

**Files read:** `CardRow.java`, `FidelityAccount.java`, `AccountStatus.java`, `CardDetailViewTest.java` (style reference).

**Iterations:** 1 (green on first run; verify confirmed full JaCoCo coverage).

**Residue:** none.

`src/main` untouched.
Green and fully covered.

## Report — `com.intermarche.fidelity.ui.CardRow`

**Result:** `CardRowTest` created, 5 tests, all green.

**Branch coverage:** 3/3 branches — **100 %** (JaCoCo: `0 of 3` missed). Instructions: 44/44 — **100 %**.

**Branches enumerated & covered** (`getBadgeClass()` switch — the class's only branch point):
- `"ACTIVE"` → `badge-ok`
- `"RESILIATED"` → `badge-error`
- `default` (via `PENDING_ACTIVATION`) → `badge-off`

`of(...)` has no branch — covered by an explicit-copy assertion plus a null-`lastUsedAt` case (the em-dash absent value, §21.4) for both arms of the nullable field.

**Notes on conventions:**
- No `@QuarkusTest`, no H2 — accounts built in memory; no Panache/static-finder mocking needed (`CardRow` touches no clock and no finder).
- Temporal field fixed to a deterministic instant (§24.6), never the real clock.
- `BigDecimal` balance asserted with `compareTo`. JUnit assertions only, Javadoc on every method, no blank lines in method bodies.

**Files read:** `CardRow.java`, `FidelityAccount.java`, `AccountStatus.java`, `CardDetailViewTest.java` (style reference).

**Iterations:** 1 (green on first run; verify confirmed full JaCoCo coverage).

**Residue:** none.

`src/main` untouched.
=== com.intermarche.fidelity.ui.CardUiResource ===
=== com.intermarche.fidelity.ui.CardUiResource ===
100% branch coverage achieved. Done.

## Report — `com.intermarche.fidelity.ui.CardUiResource`

**Branches: 26/26 (100%)** · Instructions: 422/430 (98%) · Lines: 71/84 · Tests: **18/18 green**

**Files read (7):** `CardUiResource.java` (target), `UiSupport.java`, `ProgramClock.java`, `CardRow.java`, `AdminException.java`, `AccountStatus.java`, and `AuthUiResourceTest.java` (pattern reference); plus signature checks on `AccountService`, `AdminService`, `FidelityAccount`, `EarnTrace`, `FidelityReservation`, `FidelityActivation`, `FidelityCommunity`.

**Iterations:** 1 (green on first `test`, 100% branch on first `verify`).

**Approach (per CLAUDE.md):**
- Plain unit — no `@QuarkusTest`/H2. Collaborators mocked; the injected `ProgramClock` is a **fixed clock** (`today` → 2026-08-15, month bounds stubbed) so no test reads the real wall time (§24.6).
- Inherited `count`/`find` mocked via `mockStatic(PanacheEntityBase.class)`; entity finders (`FidelityAccount.findByCardNumber`, `EarnTrace.countVisits`, `FidelityReservation`, `FidelityActivation`, `FidelityCommunity`) via their own `mockStatic`; all in try-with-resources.
- The `static native` Qute templates raise `UnsatisfiedLinkError` at the render boundary after all guards/ternaries are computed — asserted for the `list`/`detail` render paths (same technique as `AuthUiResourceTest`).

**Branches covered:** sort-whitelist ternary (both arms), `desc` ternary (via `equalsIgnoreCase` on `"DESC"`/`"asc"`), both filter-put `if`s, empty vs one-row account loop, `detail` `account==null` 404 vs render, both legs of `buildWhere`'s `number != null && !number.isBlank()`, all three legs of `parseStatus`'s `null || isBlank` plus `valueOf` success/failure, all three legs of `parseDate`'s `null || isBlank` plus `parse` success/failure, and the try/catch arms of all six mutations.

**Justified residue (8 instructions, 0 branches):**
- `L73` — the `Templates` holder's implicit constructor is never instantiated.
- `L144` / `L178` — the `return Templates.list(...)` / `Response.ok(Templates.detail(...))` instructions after the `static native` call are unreachable under a plain unit run (the native boundary throws `UnsatisfiedLinkError` first). Structurally untestable without booting Quarkus/Qute; identical to the documented `AuthUiResourceTest` residue.

Scope respected: only the new test class was added; `src/main` untouched.
100% branch coverage achieved. Done.

## Report — `com.intermarche.fidelity.ui.CardUiResource`

**Branches: 26/26 (100%)** · Instructions: 422/430 (98%) · Lines: 71/84 · Tests: **18/18 green**

**Files read (7):** `CardUiResource.java` (target), `UiSupport.java`, `ProgramClock.java`, `CardRow.java`, `AdminException.java`, `AccountStatus.java`, and `AuthUiResourceTest.java` (pattern reference); plus signature checks on `AccountService`, `AdminService`, `FidelityAccount`, `EarnTrace`, `FidelityReservation`, `FidelityActivation`, `FidelityCommunity`.

**Iterations:** 1 (green on first `test`, 100% branch on first `verify`).

**Approach (per CLAUDE.md):**
- Plain unit — no `@QuarkusTest`/H2. Collaborators mocked; the injected `ProgramClock` is a **fixed clock** (`today` → 2026-08-15, month bounds stubbed) so no test reads the real wall time (§24.6).
- Inherited `count`/`find` mocked via `mockStatic(PanacheEntityBase.class)`; entity finders (`FidelityAccount.findByCardNumber`, `EarnTrace.countVisits`, `FidelityReservation`, `FidelityActivation`, `FidelityCommunity`) via their own `mockStatic`; all in try-with-resources.
- The `static native` Qute templates raise `UnsatisfiedLinkError` at the render boundary after all guards/ternaries are computed — asserted for the `list`/`detail` render paths (same technique as `AuthUiResourceTest`).

**Branches covered:** sort-whitelist ternary (both arms), `desc` ternary (via `equalsIgnoreCase` on `"DESC"`/`"asc"`), both filter-put `if`s, empty vs one-row account loop, `detail` `account==null` 404 vs render, both legs of `buildWhere`'s `number != null && !number.isBlank()`, all three legs of `parseStatus`'s `null || isBlank` plus `valueOf` success/failure, all three legs of `parseDate`'s `null || isBlank` plus `parse` success/failure, and the try/catch arms of all six mutations.

**Justified residue (8 instructions, 0 branches):**
- `L73` — the `Templates` holder's implicit constructor is never instantiated.
- `L144` / `L178` — the `return Templates.list(...)` / `Response.ok(Templates.detail(...))` instructions after the `static native` call are unreachable under a plain unit run (the native boundary throws `UnsatisfiedLinkError` first). Structurally untestable without booting Quarkus/Qute; identical to the documented `AuthUiResourceTest` residue.

Scope respected: only the new test class was added; `src/main` untouched.
=== com.intermarche.fidelity.ui.CommunityFormView ===
=== com.intermarche.fidelity.ui.CommunityFormView ===
All green. Branch coverage is complete.

## Report — `CommunityFormView`

- **Branches:** 14/14 covered (0 missed) — **100 %**
- **Instructions:** 138/138 — 100 %
- **Lines:** 30/30, **Methods:** 4/4, **Complexity:** 11/11
- **Test class:** `src/test/java/com/intermarche/fidelity/ui/CommunityFormViewTest.java` (8 tests, new file)

**Branches enumerated & covered:**
- `creation` — `canWrite` true (`creationWritable`) and false (`creationReadOnly`).
- `edition` — 5 null-guarded ternaries (`monthlyCap`/`enrollmentCap`/`renewalStartMonth`/`renewalEndMonth`/`eligibilityCriteria`): non-null arms via `fullCommunity()` (`editionFull`), null arms via `bareCommunity()` (`editionBare`); `canWrite` covered on both. `monthlyCap` asserted through its `toPlainString` rendering (`"30.00"`).
- `isHasNotice()` compound guard `notice != null && !notice.isBlank()` — three legs: null (`hasNoticeNull`), non-null+blank (`hasNoticeBlank`), non-null+non-blank true path (`hasNoticePresent`).

**Files read:** `CommunityFormView.java`, `FidelityCommunity.java`, `CardRowTest.java` (convention reference).

**Iterations:** 1 (green on first `test` and `verify`).

**Residue:** none.

**Notes:** No clock, no Panache, no `BigDecimal` arithmetic in this view (the cap is rendered as a string, not computed) — so no `DateTimeProvider` injection or static-finder mocking was needed. `src/main` untouched.
All green. Branch coverage is complete.

## Report — `CommunityFormView`

- **Branches:** 14/14 covered (0 missed) — **100 %**
- **Instructions:** 138/138 — 100 %
- **Lines:** 30/30, **Methods:** 4/4, **Complexity:** 11/11
- **Test class:** `src/test/java/com/intermarche/fidelity/ui/CommunityFormViewTest.java` (8 tests, new file)

**Branches enumerated & covered:**
- `creation` — `canWrite` true (`creationWritable`) and false (`creationReadOnly`).
- `edition` — 5 null-guarded ternaries (`monthlyCap`/`enrollmentCap`/`renewalStartMonth`/`renewalEndMonth`/`eligibilityCriteria`): non-null arms via `fullCommunity()` (`editionFull`), null arms via `bareCommunity()` (`editionBare`); `canWrite` covered on both. `monthlyCap` asserted through its `toPlainString` rendering (`"30.00"`).
- `isHasNotice()` compound guard `notice != null && !notice.isBlank()` — three legs: null (`hasNoticeNull`), non-null+blank (`hasNoticeBlank`), non-null+non-blank true path (`hasNoticePresent`).

**Files read:** `CommunityFormView.java`, `FidelityCommunity.java`, `CardRowTest.java` (convention reference).

**Iterations:** 1 (green on first `test` and `verify`).

**Residue:** none.

**Notes:** No clock, no Panache, no `BigDecimal` arithmetic in this view (the cap is rendered as a string, not computed) — so no `DateTimeProvider` injection or static-finder mocking was needed. `src/main` untouched.
=== com.intermarche.fidelity.ui.CommunityRow ===
=== com.intermarche.fidelity.ui.CommunityRow ===
Green on both runs. JaCoCo confirms full coverage.

## Report — `com.intermarche.fidelity.ui.CommunityRow`

- **Branches: 0/0** (n/a — the class has no guard, ternary, or switch; `of` is a straight field-copy mapper). Instructions **36/36 (100%)**, all methods (`of` + synthetic default ctor) covered.
- **Coverage: 100%** — no residue.
- **Files read:** `CommunityRow.java` (target), `FidelityCommunity.java` (to build the fixture), `CardRowTest.java` (sibling pattern), `BaseEntity.java` (existence check only).
- **Iterations:** 2 (`test` → green; `verify` → JaCoCo 100%, no gap to fill).

**Test design.** No branches to leg-split, so coverage is driven by two contexts exercising both arms of every nullable field per §29 discipline:
1. Fully populated, `active=true` — non-null `monthlyCap` (asserted by `compareTo`, not `equals`), both renewal months set, non-zero member count.
2. Bare, `active=false` — `monthlyCap`/`renewalStartMonth`/`renewalEndMonth` all null, zero member count.

Plain unit (no `@QuarkusTest`, no H2, no Panache mocking — entity built in memory with public fields). No clock read. `src/main` untouched; only the test class added. No bugs or testability obstacles found.
Green on both runs. JaCoCo confirms full coverage.

## Report — `com.intermarche.fidelity.ui.CommunityRow`

- **Branches: 0/0** (n/a — the class has no guard, ternary, or switch; `of` is a straight field-copy mapper). Instructions **36/36 (100%)**, all methods (`of` + synthetic default ctor) covered.
- **Coverage: 100%** — no residue.
- **Files read:** `CommunityRow.java` (target), `FidelityCommunity.java` (to build the fixture), `CardRowTest.java` (sibling pattern), `BaseEntity.java` (existence check only).
- **Iterations:** 2 (`test` → green; `verify` → JaCoCo 100%, no gap to fill).

**Test design.** No branches to leg-split, so coverage is driven by two contexts exercising both arms of every nullable field per §29 discipline:
1. Fully populated, `active=true` — non-null `monthlyCap` (asserted by `compareTo`, not `equals`), both renewal months set, non-zero member count.
2. Bare, `active=false` — `monthlyCap`/`renewalStartMonth`/`renewalEndMonth` all null, zero member count.

Plain unit (no `@QuarkusTest`, no H2, no Panache mocking — entity built in memory with public fields). No clock read. `src/main` untouched; only the test class added. No bugs or testability obstacles found.
=== com.intermarche.fidelity.ui.CommunityUiResource ===
=== com.intermarche.fidelity.ui.CommunityUiResource ===
All green. Here is the report.

## Report — `com.intermarche.fidelity.ui.CommunityUiResource`

**Result:** new test class `CommunityUiResourceTest` (20 tests), all passing.

**Branch coverage (JaCoCo oracle):** **26 / 26 = 100 %** branches. Instructions 356/374 = 95 %.

**Branches covered per method:**
- `list` — empty catalog (loop skipped) vs one-community (loop body: member count + `CommunityRow.of`).
- `workbench` — `community == null` 404 arm vs known; `notice == null` ternary both arms; `buildMembersJson` `account == null` / `account != null` both arms.
- `edit` — `community == null` redirect arm vs known render.
- `create` / `update` — try success + `AdminException` catch, spreading `parseDecimal` (null, blank, valid, malformed) and `parseInteger` (null, blank, valid, malformed) across the four cases.
- `setActive` — `active` ternary reopened arm, closed arm, and `AdminException` catch.
- `memberships` — `members == null` leg, `isBlank` leg, non-blank JSON leg; try, `AdminException` catch, general `Exception` catch (malformed JSON).
- `parseDecimal` / `parseInteger` — both `||` legs + `NumberFormat` success/failure, all 100 %.

**Time:** `ProgramClock` mocked and fixed to `2026-08-15`; `list`'s member-count query verified to receive that fixed date — no real clock read (§24.6).

**Justified residue (instruction-level, 0 missed branches):**
- L117/139/159/213 — the `Templates.list/workbench/form` `static native` Qute calls raise `UnsatisfiedLinkError` under a plain unit run, so the trailing `return`/`Response.ok(...).build()` instructions are unreachable; each render test drives one arm and asserts that boundary (documented in the class Javadoc).
- L63 — the nested `Templates` native-template holder.
- L342-343 — the `catch (Exception)` of `buildMembersJson`: the private `static final` `MAPPER` serializes a `MembershipInput` (String + `LocalDate`, `JavaTimeModule` registered) without failure, so the catch is unreachable without modifying `src/main`.

**Files read:** `CommunityUiResource`, `UiSupport`, `ListView`, `CommunityRow`, `CommunityFormView`, `MembershipInput`, `FidelityCommunity`, `FidelityMembership`, `AdminService` (community signatures), and `CardUiResourceTest` (pattern).

**Iterations:** 3 — (1) `list`/`Parameters` overload ambiguity fixed with `(Object) any()`; (2) query-encoding mismatches fixed via a URL-decoding helper; (3) green + JaCoCo confirmation.

**Scope:** only the test class was created; `src/main` untouched. No bug or testability obstacle found.
All green. Here is the report.

## Report — `com.intermarche.fidelity.ui.CommunityUiResource`

**Result:** new test class `CommunityUiResourceTest` (20 tests), all passing.

**Branch coverage (JaCoCo oracle):** **26 / 26 = 100 %** branches. Instructions 356/374 = 95 %.

**Branches covered per method:**
- `list` — empty catalog (loop skipped) vs one-community (loop body: member count + `CommunityRow.of`).
- `workbench` — `community == null` 404 arm vs known; `notice == null` ternary both arms; `buildMembersJson` `account == null` / `account != null` both arms.
- `edit` — `community == null` redirect arm vs known render.
- `create` / `update` — try success + `AdminException` catch, spreading `parseDecimal` (null, blank, valid, malformed) and `parseInteger` (null, blank, valid, malformed) across the four cases.
- `setActive` — `active` ternary reopened arm, closed arm, and `AdminException` catch.
- `memberships` — `members == null` leg, `isBlank` leg, non-blank JSON leg; try, `AdminException` catch, general `Exception` catch (malformed JSON).
- `parseDecimal` / `parseInteger` — both `||` legs + `NumberFormat` success/failure, all 100 %.

**Time:** `ProgramClock` mocked and fixed to `2026-08-15`; `list`'s member-count query verified to receive that fixed date — no real clock read (§24.6).

**Justified residue (instruction-level, 0 missed branches):**
- L117/139/159/213 — the `Templates.list/workbench/form` `static native` Qute calls raise `UnsatisfiedLinkError` under a plain unit run, so the trailing `return`/`Response.ok(...).build()` instructions are unreachable; each render test drives one arm and asserts that boundary (documented in the class Javadoc).
- L63 — the nested `Templates` native-template holder.
- L342-343 — the `catch (Exception)` of `buildMembersJson`: the private `static final` `MAPPER` serializes a `MembershipInput` (String + `LocalDate`, `JavaTimeModule` registered) without failure, so the catch is unreachable without modifying `src/main`.

**Files read:** `CommunityUiResource`, `UiSupport`, `ListView`, `CommunityRow`, `CommunityFormView`, `MembershipInput`, `FidelityCommunity`, `FidelityMembership`, `AdminService` (community signatures), and `CardUiResourceTest` (pattern).

**Iterations:** 3 — (1) `list`/`Parameters` overload ambiguity fixed with `(Object) any()`; (2) query-encoding mismatches fixed via a URL-decoding helper; (3) green + JaCoCo confirmation.

**Scope:** only the test class was created; `src/main` untouched. No bug or testability obstacle found.
=== com.intermarche.fidelity.ui.ImportUiResource ===
=== com.intermarche.fidelity.ui.ImportUiResource ===
100% branch coverage achieved. Report:

## Report — `com.intermarche.fidelity.ui.ImportUiResourceTest`

**Result:** `Tests run: 17, Failures: 0, Errors: 0` — BUILD SUCCESS.

**JaCoCo (target class):**
- **Branches: 32/32 = 100 %** (0 missed)
- Lines 37/37, methods 6/6, complexity 26/26 — all covered
- Instructions 209/214 = 97 % — **5-instruction residue justified**: the `static native Templates.imports(...)` call. Under a plain unit run (no Quarkus build step) the generated native method is unlinked; both render tests evaluate the `notice == null ? "" : notice` ternary fully (that carries the branch) and then hit the native boundary raising `UnsatisfiedLinkError` — the instructions of the never-returning native invocation stay uncovered by construction. This is the same pattern asserted in `CommunityUiResourceTest`.

**Branches covered:**
- `imports`: `notice == null` both arms (native boundary asserted each).
- `run`: try/success vs `catch`; `getEntity() != null` both arms (real entity, null entity, and null-`toString()` entity); `status < 400` both arms (200 success vs 400 default).
- `dispatch`: all 9 domain cases + `default` (each importer verified with the file stream).
- `summarize`: `body == null` leg (null-`toString` entity), `isBlank` leg (no-entity → `""`), both-false (real body); `hasErrors` both arms.
- `extract`: `idx < 0` true (absent field → "?") and false; scan `end < length` false leg (value at end of body), digit leg, space leg (`": 5"`), minus leg (`"-3"`), and non-matching terminator (`,`/`}`).

**Time:** No clock read — `ImportUiResource` has no temporal logic; nothing to freeze.

**Files read:** `ImportUiResource.java`, `UiSupport.java`, `CommunityUiResourceTest.java` (pattern), importer signatures (grep, 9 classes).

**Iterations:** 2 — first compile fixed a stored-vs-inline Mockito matcher (`getBody(InputStream.class, null)` → inline `ArgumentMatchers.<Type>isNull()`); test then green first run.

**Scope:** Only the new test class added; `src/main` untouched. No bugs or testability obstacles found.
100% branch coverage achieved. Report:

## Report — `com.intermarche.fidelity.ui.ImportUiResourceTest`

**Result:** `Tests run: 17, Failures: 0, Errors: 0` — BUILD SUCCESS.

**JaCoCo (target class):**
- **Branches: 32/32 = 100 %** (0 missed)
- Lines 37/37, methods 6/6, complexity 26/26 — all covered
- Instructions 209/214 = 97 % — **5-instruction residue justified**: the `static native Templates.imports(...)` call. Under a plain unit run (no Quarkus build step) the generated native method is unlinked; both render tests evaluate the `notice == null ? "" : notice` ternary fully (that carries the branch) and then hit the native boundary raising `UnsatisfiedLinkError` — the instructions of the never-returning native invocation stay uncovered by construction. This is the same pattern asserted in `CommunityUiResourceTest`.

**Branches covered:**
- `imports`: `notice == null` both arms (native boundary asserted each).
- `run`: try/success vs `catch`; `getEntity() != null` both arms (real entity, null entity, and null-`toString()` entity); `status < 400` both arms (200 success vs 400 default).
- `dispatch`: all 9 domain cases + `default` (each importer verified with the file stream).
- `summarize`: `body == null` leg (null-`toString` entity), `isBlank` leg (no-entity → `""`), both-false (real body); `hasErrors` both arms.
- `extract`: `idx < 0` true (absent field → "?") and false; scan `end < length` false leg (value at end of body), digit leg, space leg (`": 5"`), minus leg (`"-3"`), and non-matching terminator (`,`/`}`).

**Time:** No clock read — `ImportUiResource` has no temporal logic; nothing to freeze.

**Files read:** `ImportUiResource.java`, `UiSupport.java`, `CommunityUiResourceTest.java` (pattern), importer signatures (grep, 9 classes).

**Iterations:** 2 — first compile fixed a stored-vs-inline Mockito matcher (`getBody(InputStream.class, null)` → inline `ArgumentMatchers.<Type>isNull()`); test then green first run.

**Scope:** Only the new test class added; `src/main` untouched. No bugs or testability obstacles found.
=== com.intermarche.fidelity.ui.ListView ===
=== com.intermarche.fidelity.ui.ListView ===
100% coverage achieved. Report below.

## Report — `com.intermarche.fidelity.ui.ListView`

**Result:** `ListViewTest` created (no prior test existed), 30 tests, all green.

**Branch coverage (JaCoCo):** **44/44 branches — 100%**; instructions 368/368 (100%); lines 63/63 (100%); methods 26/26 (100%). No residue.

**Branches covered (both arms / each leg):**
- `filter()` null vs non-null ternary
- `getDirection()` / `getNotice()` ternaries (both arms)
- `isHasNotice()` present vs absent
- `isFiltered()` compound `value != null && !value.isBlank()` — null leg, blank leg, populated (both true), plus empty-stream path
- `isPaged()`, `isHasPrevious()`, `isHasNext()` (both arms each)
- `getSummary()` — empty; singular + `pageCount==1`; plural + `pageCount>1`
- `getRangeLabel()` compound `totalCount==0 || rows.isEmpty()` — leg1 true, leg1 false/leg2 true, both false (offset arithmetic checked on page 2: 21–23)
- `sortUrl()` compound `column.equals(sort) && !descending` — leg1 false, leg2 false (descending), both true
- `sortIndicator()` inactive / descending / ascending
- `isSortedOn()` both arms
- `baseUrl()` (via `pageUrl`) filter guard — null skipped, blank skipped, non-blank kept; plus empty-map loop
- `pageUrl` / `actionUrl` URL construction; all plain accessors

**Time/§24.6:** N/A — `ListView` is a pure presentation view model with no clock, no `DateTimeProvider`, no Panache; built entirely in memory.

**Notes:** URLs are asserted as exact strings against the RESTEasy `UriBuilder` output (verified via a throwaway probe, since no existing test exercised `UriBuilder.fromPath`); it resolves on the plain test classpath without `@QuarkusTest`/H2.

**Files read:** `ListView.java` (target), `CommunityRowTest.java` (style reference).
**Iterations:** 1 (green on first `test` and `verify` run after the format probe).
**`src/main`:** untouched.
100% coverage achieved. Report below.

## Report — `com.intermarche.fidelity.ui.ListView`

**Result:** `ListViewTest` created (no prior test existed), 30 tests, all green.

**Branch coverage (JaCoCo):** **44/44 branches — 100%**; instructions 368/368 (100%); lines 63/63 (100%); methods 26/26 (100%). No residue.

**Branches covered (both arms / each leg):**
- `filter()` null vs non-null ternary
- `getDirection()` / `getNotice()` ternaries (both arms)
- `isHasNotice()` present vs absent
- `isFiltered()` compound `value != null && !value.isBlank()` — null leg, blank leg, populated (both true), plus empty-stream path
- `isPaged()`, `isHasPrevious()`, `isHasNext()` (both arms each)
- `getSummary()` — empty; singular + `pageCount==1`; plural + `pageCount>1`
- `getRangeLabel()` compound `totalCount==0 || rows.isEmpty()` — leg1 true, leg1 false/leg2 true, both false (offset arithmetic checked on page 2: 21–23)
- `sortUrl()` compound `column.equals(sort) && !descending` — leg1 false, leg2 false (descending), both true
- `sortIndicator()` inactive / descending / ascending
- `isSortedOn()` both arms
- `baseUrl()` (via `pageUrl`) filter guard — null skipped, blank skipped, non-blank kept; plus empty-map loop
- `pageUrl` / `actionUrl` URL construction; all plain accessors

**Time/§24.6:** N/A — `ListView` is a pure presentation view model with no clock, no `DateTimeProvider`, no Panache; built entirely in memory.

**Notes:** URLs are asserted as exact strings against the RESTEasy `UriBuilder` output (verified via a throwaway probe, since no existing test exercised `UriBuilder.fromPath`); it resolves on the plain test classpath without `@QuarkusTest`/H2.

**Files read:** `ListView.java` (target), `CommunityRowTest.java` (style reference).
**Iterations:** 1 (green on first `test` and `verify` run after the format probe).
**`src/main`:** untouched.
=== com.intermarche.fidelity.ui.package-info ===
=== com.intermarche.fidelity.ui.package-info ===
`com.intermarche.fidelity.ui.package-info` is a `package-info.java` — only a package declaration and Javadoc, **zero executable code, zero branches, no methods, no class to instantiate**. There is nothing to unit-test and JaCoCo reports no branches for it.

**Testability obstacle (reported, not worked around):** a `package-info` is untestable by construction — writing a test class would be dead code asserting nothing. Per the STRICT scope rule I stopped rather than fabricate a meaningless test.

Report: branches 0/0 (N/A) · coverage N/A · files read: `src/main/java/com/intermarche/fidelity/ui/package-info.java` · iterations: 0 · no test class created.
`com.intermarche.fidelity.ui.package-info` is a `package-info.java` — only a package declaration and Javadoc, **zero executable code, zero branches, no methods, no class to instantiate**. There is nothing to unit-test and JaCoCo reports no branches for it.

**Testability obstacle (reported, not worked around):** a `package-info` is untestable by construction — writing a test class would be dead code asserting nothing. Per the STRICT scope rule I stopped rather than fabricate a meaningless test.

Report: branches 0/0 (N/A) · coverage N/A · files read: `src/main/java/com/intermarche/fidelity/ui/package-info.java` · iterations: 0 · no test class created.
=== com.intermarche.fidelity.ui.ProgramUiResource ===
=== com.intermarche.fidelity.ui.ProgramUiResource ===
Done. `ProgramUiResourceTest` created and passing.

## Report — `com.intermarche.fidelity.ui.ProgramUiResource`

**Result:** 8 tests, all green. `BUILD SUCCESS`.

**Branch coverage (JaCoCo):** **7/8 branches (87 %)**, instructions **209/220 (95 %)**.

Per method:
- `batch(String, boolean)` — **4/4** branches: both `dryRun ? :` ternaries (simulate + execute arms) and both legs of `catch (IllegalArgumentException | NullPointerException)` — unknown type name (IAE) and `null` type via `type.trim()` (NPE).
- `setting(String, String)` — try/catch fully exercised (success + `AdminException`); no JaCoCo branches on this shape.
- `program(...)` — **3/4**: settings loop 2/2, batch loop 1/2.

**Justified residue (1 branch, documented line-by-line in the class Javadoc):**
- **Line 91** loop-exit branch of `for (BatchType type : BatchType.values())` and **line 94** `return Templates.program(...)` (11 instructions) are unrecordable. The batch loop is the last statement before the `static native` Qute render, which raises `UnsatisfiedLinkError` and never returns, so JaCoCo's probe covering that exit branch / render line never fires. The settings loop, followed by real executed statements, is fully covered — confirming this is the throwing-native-boundary artifact, not a missing case. Covering it needs a live Qute runtime (`@QuarkusTest`/H2), forbidden by CLAUDE.md. Same residue the sibling `CommunityUiResourceTest` documents.

**Approach:** plain unit only — no `@QuarkusTest`, no H2. `AdminService`/`BatchService` mocked with Mockito; the two Panache static readers `FidelityProgramSetting.getString` and `BatchRunLog.lastRun` stubbed with `mockStatic` in try-with-resources. No real clock read (this class has no temporal logic). `BigDecimal` amounts asserted through the decoded redirect notice.

**Files read:** `ProgramUiResource.java`, `UiSupport.java`, `ProgramView.java`, `BatchType.java`, `BatchResult.java`, `BatchService`/`BatchRunLog`/`FidelityProgramSetting`/`AdminException` (signatures), and `CommunityUiResourceTest.java` (style reference).

**Iterations:** 1 write → green on first `test` run → `verify` + JaCoCo XML/line analysis to confirm the single residual branch → Javadoc residue note → re-confirm green.

**Scope:** only the new test class touched; `src/main` untouched. No bug or testability obstacle found.
Done. `ProgramUiResourceTest` created and passing.

## Report — `com.intermarche.fidelity.ui.ProgramUiResource`

**Result:** 8 tests, all green. `BUILD SUCCESS`.

**Branch coverage (JaCoCo):** **7/8 branches (87 %)**, instructions **209/220 (95 %)**.

Per method:
- `batch(String, boolean)` — **4/4** branches: both `dryRun ? :` ternaries (simulate + execute arms) and both legs of `catch (IllegalArgumentException | NullPointerException)` — unknown type name (IAE) and `null` type via `type.trim()` (NPE).
- `setting(String, String)` — try/catch fully exercised (success + `AdminException`); no JaCoCo branches on this shape.
- `program(...)` — **3/4**: settings loop 2/2, batch loop 1/2.

**Justified residue (1 branch, documented line-by-line in the class Javadoc):**
- **Line 91** loop-exit branch of `for (BatchType type : BatchType.values())` and **line 94** `return Templates.program(...)` (11 instructions) are unrecordable. The batch loop is the last statement before the `static native` Qute render, which raises `UnsatisfiedLinkError` and never returns, so JaCoCo's probe covering that exit branch / render line never fires. The settings loop, followed by real executed statements, is fully covered — confirming this is the throwing-native-boundary artifact, not a missing case. Covering it needs a live Qute runtime (`@QuarkusTest`/H2), forbidden by CLAUDE.md. Same residue the sibling `CommunityUiResourceTest` documents.

**Approach:** plain unit only — no `@QuarkusTest`, no H2. `AdminService`/`BatchService` mocked with Mockito; the two Panache static readers `FidelityProgramSetting.getString` and `BatchRunLog.lastRun` stubbed with `mockStatic` in try-with-resources. No real clock read (this class has no temporal logic). `BigDecimal` amounts asserted through the decoded redirect notice.

**Files read:** `ProgramUiResource.java`, `UiSupport.java`, `ProgramView.java`, `BatchType.java`, `BatchResult.java`, `BatchService`/`BatchRunLog`/`FidelityProgramSetting`/`AdminException` (signatures), and `CommunityUiResourceTest.java` (style reference).

**Iterations:** 1 write → green on first `test` run → `verify` + JaCoCo XML/line analysis to confirm the single residual branch → Javadoc residue note → re-confirm green.

**Scope:** only the new test class touched; `src/main` untouched. No bug or testability obstacle found.
=== com.intermarche.fidelity.ui.ProgramView ===
=== com.intermarche.fidelity.ui.ProgramView ===
Green and fully covered.

## Report — `com.intermarche.fidelity.ui.ProgramView`

- **Branch coverage: 4/4 (100%)** — instructions 30/30 (100%), lines/methods/classes all covered (0 missed).
- **Branches covered:**
  - Constructor `notice == null ? "" : notice` — null arm (coalesced to `""`) and non-null arm (kept verbatim).
  - `isHasNotice()` `!notice.isEmpty()` — empty (false) and non-empty (true).
  - `Batch.isHasRun()` `lastRun != null` — null (false) and non-null (true).
  - Boolean pass-throughs `canWrite`/`noticeOk` exercised true and false; `Setting`/`Batch` fields asserted verbatim.
- **No clock, no Panache, no division/prorata** in the class — nothing to fix-time or mock. `BatchRunLog` used only as a plain non-null POJO for the `isHasRun` guard.
- **Files read:** `ProgramView.java`, `BatchRunLog.java` (head), `CardRowTest.java` (convention reference).
- **Iterations:** 1 (test compiled and passed first run; verify confirmed 100% branches).
- **Residue:** none.
- **Scope:** only the new test class `src/test/java/com/intermarche/fidelity/ui/ProgramViewTest.java` was added; `src/main` untouched.
Green and fully covered.

## Report — `com.intermarche.fidelity.ui.ProgramView`

- **Branch coverage: 4/4 (100%)** — instructions 30/30 (100%), lines/methods/classes all covered (0 missed).
- **Branches covered:**
  - Constructor `notice == null ? "" : notice` — null arm (coalesced to `""`) and non-null arm (kept verbatim).
  - `isHasNotice()` `!notice.isEmpty()` — empty (false) and non-empty (true).
  - `Batch.isHasRun()` `lastRun != null` — null (false) and non-null (true).
  - Boolean pass-throughs `canWrite`/`noticeOk` exercised true and false; `Setting`/`Batch` fields asserted verbatim.
- **No clock, no Panache, no division/prorata** in the class — nothing to fix-time or mock. `BatchRunLog` used only as a plain non-null POJO for the `isHasRun` guard.
- **Files read:** `ProgramView.java`, `BatchRunLog.java` (head), `CardRowTest.java` (convention reference).
- **Iterations:** 1 (test compiled and passed first run; verify confirmed 100% branches).
- **Residue:** none.
- **Scope:** only the new test class `src/test/java/com/intermarche/fidelity/ui/ProgramViewTest.java` was added; `src/main` untouched.
=== com.intermarche.fidelity.ui.RootResource ===
=== com.intermarche.fidelity.ui.RootResource ===
Green, and JaCoCo confirms full coverage.

## Report — `com.intermarche.fidelity.ui.RootResource`

- **Branches**: 0/0 — the class has no guards, ternaries or compound conditions. `root()` unconditionally builds a 303 redirect.
- **Coverage**: 100 % instructions (8/8), 100 % lines (2/2), 100 % methods (2/2, incl. constructor). JaCoCo reports `n/a` for branches since there are none.
- **Files read**: `RootResource.java` (target), `ProgramViewTest.java` (style reference), `ui/` test dir listing.
- **Iterations**: 1 — green on first run, no fixes needed.
- **Test written**: one case asserting the 303 See Other status and the `Location` header `/ui/cards` (the admin entry point, §21.2).
- **Residue**: none. Pure unit — no `@QuarkusTest`, no H2, no static finder, no real clock (§24.6).
Green, and JaCoCo confirms full coverage.

## Report — `com.intermarche.fidelity.ui.RootResource`

- **Branches**: 0/0 — the class has no guards, ternaries or compound conditions. `root()` unconditionally builds a 303 redirect.
- **Coverage**: 100 % instructions (8/8), 100 % lines (2/2), 100 % methods (2/2, incl. constructor). JaCoCo reports `n/a` for branches since there are none.
- **Files read**: `RootResource.java` (target), `ProgramViewTest.java` (style reference), `ui/` test dir listing.
- **Iterations**: 1 — green on first run, no fixes needed.
- **Test written**: one case asserting the 303 See Other status and the `Location` header `/ui/cards` (the admin entry point, §21.2).
- **Residue**: none. Pure unit — no `@QuarkusTest`, no H2, no static finder, no real clock (§24.6).
=== com.intermarche.fidelity.ui.RuleDetailView ===
=== com.intermarche.fidelity.ui.RuleDetailView ===
Full coverage confirmed: **branches 14/14 (100%)**, instructions 116/116, lines 21/21, methods 6/6, all 0 missed.

## Report

**Target:** `com.intermarche.fidelity.ui.RuleDetailView` — read-only rule sheet view model (§23.3).

**Result:** 11 tests, all green.
- **Branch coverage: 14/14 (100 %)** — instructions 116/116, lines 21/21, methods 6/6, complexity 13/13. No residue.

**Branches covered:**
- `TierRow.of` — both arms of all three nullable ternaries (`threshold`, `rate`, `rewardAmount`): populated tier vs. bare tier.
- `of` — both arms of the `monthlyCapPerCard` ternary; empty and non-empty tier loop.
- `isHasNotice` — each `&&` leg: null notice, blank notice, non-blank.
- `isOpen` — each `||` leg: ACTIVE (leg 1), UPCOMING (leg 2), CLOSED (both false).
- `isEditable` — UPCOMING true / non-UPCOMING false.
- `isHasTiers` — empty / non-empty.

**Time (§24.6):** the class holds no clock; `now` is a parameter only forwarded to `RuleRow.of`. Tests use fixed `LocalDateTime` constants — no real clock, no `DateTimeProvider` needed here.

**Approach:** plain unit — no `@QuarkusTest`, no H2, no Panache mocking. `RuleDetailView` performs no static finder/`persist` calls, so entities are built in memory and mapped directly; predicate accessors are exercised on hand-built views.

**Files read:** `RuleDetailView.java`, `RuleRow.java`, `FidelityRule.java` (fields), `FidelityRuleTier.java` (fields), `BaseEntity.java` (createdAt/updatedAt), `CommunityRowTest.java` (style).

**Iterations:** 1 (green on first `test`, 100 % on first `verify`).

**Scope:** only the new test class was created; `src/main` untouched. No bugs or testability obstacles found.
Full coverage confirmed: **branches 14/14 (100%)**, instructions 116/116, lines 21/21, methods 6/6, all 0 missed.

## Report

**Target:** `com.intermarche.fidelity.ui.RuleDetailView` — read-only rule sheet view model (§23.3).

**Result:** 11 tests, all green.
- **Branch coverage: 14/14 (100 %)** — instructions 116/116, lines 21/21, methods 6/6, complexity 13/13. No residue.

**Branches covered:**
- `TierRow.of` — both arms of all three nullable ternaries (`threshold`, `rate`, `rewardAmount`): populated tier vs. bare tier.
- `of` — both arms of the `monthlyCapPerCard` ternary; empty and non-empty tier loop.
- `isHasNotice` — each `&&` leg: null notice, blank notice, non-blank.
- `isOpen` — each `||` leg: ACTIVE (leg 1), UPCOMING (leg 2), CLOSED (both false).
- `isEditable` — UPCOMING true / non-UPCOMING false.
- `isHasTiers` — empty / non-empty.

**Time (§24.6):** the class holds no clock; `now` is a parameter only forwarded to `RuleRow.of`. Tests use fixed `LocalDateTime` constants — no real clock, no `DateTimeProvider` needed here.

**Approach:** plain unit — no `@QuarkusTest`, no H2, no Panache mocking. `RuleDetailView` performs no static finder/`persist` calls, so entities are built in memory and mapped directly; predicate accessors are exercised on hand-built views.

**Files read:** `RuleDetailView.java`, `RuleRow.java`, `FidelityRule.java` (fields), `FidelityRuleTier.java` (fields), `BaseEntity.java` (createdAt/updatedAt), `CommunityRowTest.java` (style).

**Iterations:** 1 (green on first `test`, 100 % on first `verify`).

**Scope:** only the new test class was created; `src/main` untouched. No bugs or testability obstacles found.
=== com.intermarche.fidelity.ui.RuleFormView ===
=== com.intermarche.fidelity.ui.RuleFormView ===
All green. JaCoCo reports **100% instruction and 100% branch** coverage on `RuleFormView`.

## Report

- **Branch coverage:** 16/16 branches — 100%. Instructions 100%.
- **Files read:** `RuleFormView.java` (target), `RuleRow.java` (state resolution consumed by `consultation`), `FidelityRule.java` (public field surface), `RuleDetailViewTest.java` (house style).
- **Iterations:** 1 — test compiled and passed first run; `verify` confirmed full branch coverage with no residue.
- **Test class:** `src/test/java/com/intermarche/fidelity/ui/RuleFormViewTest.java` (new; no prior test existed).

**Branches covered:**
- `edition` cap ternary — non-null (`"12.50"`) and null (`""`) arms.
- `format` window-bound ternary — non-null (`validFrom`/`validTo` formatted) and null (`""`) arms, via both bounds.
- `consultation` `open = ACTIVE || UPCOMING` — first leg true (ACTIVE), first-false/second-true (UPCOMING), both-false (CLOSED, and again INACTIVE via the active-flag path).
- `consultation` `editable = "UPCOMING".equals(...)` — true (UPCOMING) and false (other states).
- `isHasNotice` / `isHasSpecification` `&&` — each with null first leg, blank second leg, and both-true.

**Time:** no real clock read — the program instant is injected as the fixed constant `NOW = 2026-08-09T12:00`, with window bounds `FROM`/`PAST_TO`/`FUTURE_FROM` chosen to straddle it and drive each of the four states deterministically (§24.6).

**Scope:** only the test class was created; `src/main` untouched. No bug or testability obstacle found — no residue.
All green. JaCoCo reports **100% instruction and 100% branch** coverage on `RuleFormView`.

## Report

- **Branch coverage:** 16/16 branches — 100%. Instructions 100%.
- **Files read:** `RuleFormView.java` (target), `RuleRow.java` (state resolution consumed by `consultation`), `FidelityRule.java` (public field surface), `RuleDetailViewTest.java` (house style).
- **Iterations:** 1 — test compiled and passed first run; `verify` confirmed full branch coverage with no residue.
- **Test class:** `src/test/java/com/intermarche/fidelity/ui/RuleFormViewTest.java` (new; no prior test existed).

**Branches covered:**
- `edition` cap ternary — non-null (`"12.50"`) and null (`""`) arms.
- `format` window-bound ternary — non-null (`validFrom`/`validTo` formatted) and null (`""`) arms, via both bounds.
- `consultation` `open = ACTIVE || UPCOMING` — first leg true (ACTIVE), first-false/second-true (UPCOMING), both-false (CLOSED, and again INACTIVE via the active-flag path).
- `consultation` `editable = "UPCOMING".equals(...)` — true (UPCOMING) and false (other states).
- `isHasNotice` / `isHasSpecification` `&&` — each with null first leg, blank second leg, and both-true.

**Time:** no real clock read — the program instant is injected as the fixed constant `NOW = 2026-08-09T12:00`, with window bounds `FROM`/`PAST_TO`/`FUTURE_FROM` chosen to straddle it and drive each of the four states deterministically (§24.6).

**Scope:** only the test class was created; `src/main` untouched. No bug or testability obstacle found — no residue.
=== com.intermarche.fidelity.ui.RuleRow ===
=== com.intermarche.fidelity.ui.RuleRow ===
All green. Report:

## Report — `com.intermarche.fidelity.ui.RuleRow`

**Branch coverage: 13/13 (100%)** · Instructions 82/82 (100%) · Lines 20/20 · Methods 3/3 · Cxty 10/10 — zero residue.

**Test class created:** `src/test/java/com/intermarche/fidelity/ui/RuleRowTest.java` (5 tests, all passing).

**Branches covered** (the `of` state cascade + `getBadgeClass` switch):
- Guard 1 `validFrom != null && now.isBefore(validFrom)` — both legs both arms: non-null+before → UPCOMING (`ofUpcomingBeforeStart`, tested at `START.minusNanos(1)`); non-null+not-before at the exact border (`ofActiveAtExactStart`, now == `START`); null leg (`ofClosedAtExactEnd`, `ofActiveJustBeforeEnd`).
- Guard 2 `validTo != null && !now.isBefore(validTo)` — both legs both arms: non-null+at-end → CLOSED (`ofClosedAtExactEnd`, now == `END`); non-null+before → not-closed (`ofActiveJustBeforeEnd`, `END.minusNanos(1)`; `ofInactiveInsideWindow`); null leg (`ofActiveAtExactStart`).
- `active` — true → ACTIVE; false → INACTIVE (`ofInactiveInsideWindow`).
- `getBadgeClass` switch — `badge-ok` (ACTIVE), `badge-off` (CLOSED), default `badge` (UPCOMING + INACTIVE).

**Time:** class takes `now` as a parameter (no clock read); both window borders exercised by the straddling instants (`±1 ns`), never the campaign day (§24.6).

**Files read:** `RuleRow.java`, `FidelityRule.java` (fields), `CommunityRowTest.java` (style). **Iterations:** 1 (green on first `test`, 100% branches on first `verify`).

Scope respected: only the new test class was added; `src/main` untouched; no bug or testability obstacle found.
All green. Report:

## Report — `com.intermarche.fidelity.ui.RuleRow`

**Branch coverage: 13/13 (100%)** · Instructions 82/82 (100%) · Lines 20/20 · Methods 3/3 · Cxty 10/10 — zero residue.

**Test class created:** `src/test/java/com/intermarche/fidelity/ui/RuleRowTest.java` (5 tests, all passing).

**Branches covered** (the `of` state cascade + `getBadgeClass` switch):
- Guard 1 `validFrom != null && now.isBefore(validFrom)` — both legs both arms: non-null+before → UPCOMING (`ofUpcomingBeforeStart`, tested at `START.minusNanos(1)`); non-null+not-before at the exact border (`ofActiveAtExactStart`, now == `START`); null leg (`ofClosedAtExactEnd`, `ofActiveJustBeforeEnd`).
- Guard 2 `validTo != null && !now.isBefore(validTo)` — both legs both arms: non-null+at-end → CLOSED (`ofClosedAtExactEnd`, now == `END`); non-null+before → not-closed (`ofActiveJustBeforeEnd`, `END.minusNanos(1)`; `ofInactiveInsideWindow`); null leg (`ofActiveAtExactStart`).
- `active` — true → ACTIVE; false → INACTIVE (`ofInactiveInsideWindow`).
- `getBadgeClass` switch — `badge-ok` (ACTIVE), `badge-off` (CLOSED), default `badge` (UPCOMING + INACTIVE).

**Time:** class takes `now` as a parameter (no clock read); both window borders exercised by the straddling instants (`±1 ns`), never the campaign day (§24.6).

**Files read:** `RuleRow.java`, `FidelityRule.java` (fields), `CommunityRowTest.java` (style). **Iterations:** 1 (green on first `test`, 100% branches on first `verify`).

Scope respected: only the new test class was added; `src/main` untouched; no bug or testability obstacle found.
=== com.intermarche.fidelity.ui.RuleUiResource ===
=== com.intermarche.fidelity.ui.RuleUiResource ===
Complete. Branch coverage is the oracle and it's at **100%**.

## Report — `com.intermarche.fidelity.ui.RuleUiResource`

**Branch coverage: 52/52 = 100%.** Instructions 535/551 = 97%; lines 106/110.

**Tests:** 22, all green (`test` and `verify`).

**Iterations:** 1 (green on first run; JaCoCo confirmed full branch coverage with no fill-in needed).

**Files read:** `RuleUiResource.java` (target), `UiSupport.java`, `RuleFormView.java`, `RuleRow.java`, `FidelityRule.java` (fields/finders), `EarnRuleRegistry.java`, `FidelityCommunity.java` (finders), `AdminService.java` (signatures), and `CommunityUiResourceTest.java` / `CardUiResourceTest.java` as the bench pattern.

**What's covered (both arms / each leg, §29, §29.6):**
- `list` — sort whitelist ternary (valid/fallback), `desc` ternary (asc/desc), the three legs each of `code != null && !code.isBlank()` and `type != null && !type.isBlank()` (null / blank / non-blank), the `filters.put` `!= null` guards, empty vs one-row page loop. Panache `count`/`find`/`page`/`list` mocked via `PanacheEntityBase`.
- `form` — `from` guard (null / blank / non-blank) and `src` guard (null / non-null).
- `detail` / `edit` — `rule == null` both arms; `edit`'s `!now.isBefore(validFrom)` straddled by the two instants around the window start (`validFrom == now` in-force → redirect; `validFrom == now+1min` upcoming → render), clock fixed via mocked `ProgramClock`.
- `create`/`update` — success + `AdminException` arms.
- `endDate` — `validTo == null || isBlank()` all three legs (null / blank / set) + failure arm.
- `duplicate` — success + failure.
- `parseDateTime` — null, blank, length-10 date arm, full date-time arm, malformed `catch` arm.
- `parseDecimal` — null, blank, valid (`compareTo`-based via `new BigDecimal("5.00")`), `NumberFormatException`.
- Both JSON builders — `!first` first & subsequent iterations (2 schemas / 2 communities) and the empty-loop path.

**Justified residue (4 lines, 0 branches):** lines 146, 177, 205, 236 — the `Templates.list(view)` / `Templates.form(view)` returns — are `static native` Qute boundaries that raise `UnsatisfiedLinkError` in a plain unit run, so their instruction never completes. Each render is driven up to that boundary and asserted (the branch-carrying computation before it is fully covered). This is the same documented, unavoidable residue as the sibling UI-resource test classes; **no branch is left uncovered.**

Scope respected: only the new test class was added; `src/main` untouched.
Complete. Branch coverage is the oracle and it's at **100%**.

## Report — `com.intermarche.fidelity.ui.RuleUiResource`

**Branch coverage: 52/52 = 100%.** Instructions 535/551 = 97%; lines 106/110.

**Tests:** 22, all green (`test` and `verify`).

**Iterations:** 1 (green on first run; JaCoCo confirmed full branch coverage with no fill-in needed).

**Files read:** `RuleUiResource.java` (target), `UiSupport.java`, `RuleFormView.java`, `RuleRow.java`, `FidelityRule.java` (fields/finders), `EarnRuleRegistry.java`, `FidelityCommunity.java` (finders), `AdminService.java` (signatures), and `CommunityUiResourceTest.java` / `CardUiResourceTest.java` as the bench pattern.

**What's covered (both arms / each leg, §29, §29.6):**
- `list` — sort whitelist ternary (valid/fallback), `desc` ternary (asc/desc), the three legs each of `code != null && !code.isBlank()` and `type != null && !type.isBlank()` (null / blank / non-blank), the `filters.put` `!= null` guards, empty vs one-row page loop. Panache `count`/`find`/`page`/`list` mocked via `PanacheEntityBase`.
- `form` — `from` guard (null / blank / non-blank) and `src` guard (null / non-null).
- `detail` / `edit` — `rule == null` both arms; `edit`'s `!now.isBefore(validFrom)` straddled by the two instants around the window start (`validFrom == now` in-force → redirect; `validFrom == now+1min` upcoming → render), clock fixed via mocked `ProgramClock`.
- `create`/`update` — success + `AdminException` arms.
- `endDate` — `validTo == null || isBlank()` all three legs (null / blank / set) + failure arm.
- `duplicate` — success + failure.
- `parseDateTime` — null, blank, length-10 date arm, full date-time arm, malformed `catch` arm.
- `parseDecimal` — null, blank, valid (`compareTo`-based via `new BigDecimal("5.00")`), `NumberFormatException`.
- Both JSON builders — `!first` first & subsequent iterations (2 schemas / 2 communities) and the empty-loop path.

**Justified residue (4 lines, 0 branches):** lines 146, 177, 205, 236 — the `Templates.list(view)` / `Templates.form(view)` returns — are `static native` Qute boundaries that raise `UnsatisfiedLinkError` in a plain unit run, so their instruction never completes. Each render is driven up to that boundary and asserted (the branch-carrying computation before it is fully covered). This is the same documented, unavoidable residue as the sibling UI-resource test classes; **no branch is left uncovered.**

Scope respected: only the new test class was added; `src/main` untouched.
=== com.intermarche.fidelity.ui.SimulatorUiResource ===
=== com.intermarche.fidelity.ui.SimulatorUiResource ===
All 9 tests green, `verify` build passed. Report below.

## Report — `SimulatorUiResource`

**Branch coverage: 16/16 (100 %)** · Instructions 117/129 (90 %) · Lines 27/27 methods/paths, 13 Cxty, all covered.

**Tests (9):**
- `simulator`: empty render → native boundary
- `simulate`: null response/null card/null date (ternary `"{}"` arm, `card==null` leg, note-true, `parseDateTime` guard leg 1 → `now`)
- non-null response / blank card / blank date (ternary false arm, `card.isBlank()` leg, guard leg 2 → `now`)
- known card / length-16 date (both account-guard legs false, note-false, `+":00"` arm → exact minute)
- unknown card (lookup null) / length-10 date (note-true via `account==null`, `+"T00:00:00"` arm → midnight)
- length-19 date (else `parse(v)` arm)
- malformed date (`parseDateTime` catch → `now`)
- reconciliation failure (first catch, verified §22.1 message)
- generic failure (second catch, verified "Couple invalide" message)

Time is fully frozen: mocked `ProgramClock` (`now`=2026-08-09T12:00, `today`=2026-08-09); the two date-length boundaries (16/10/other) and the parse-failure fallback are asserted via an `ArgumentCaptor` on `engine.evaluate(...)`. Both catch legs are disambiguated through `mockStatic(SimulatorView.class)` message capture.

**Justified residue** (12 instructions, 0 branches): lines 84/110/113/116 are the `return Templates.simulator(...)` statements — argument computation and the `static native` call run, but the post-native `areturn` is unreachable because the native method raises `UnsatisfiedLinkError` under a plain unit run (same pattern documented in `CardUiResourceTest`); line 65 is the never-instantiated `Templates` nested-class constructor. None carry branches, so branch coverage is complete.

**Files read:** `SimulatorUiResource`, `SimulatorView`, `ValuationReader`, `ValuationReconciliationException`, `ValuationResponse`, `EarnEngine` (evaluate sig), `ProgramClock`/`FidelityAccount`/`ValuationReading`/`EarnResult` signatures, and `CardUiResourceTest` (native-template pattern). **Iterations:** 1 (green + 100 % branches on first run). `src/main` untouched.
All 9 tests green, `verify` build passed. Report below.

## Report — `SimulatorUiResource`

**Branch coverage: 16/16 (100 %)** · Instructions 117/129 (90 %) · Lines 27/27 methods/paths, 13 Cxty, all covered.

**Tests (9):**
- `simulator`: empty render → native boundary
- `simulate`: null response/null card/null date (ternary `"{}"` arm, `card==null` leg, note-true, `parseDateTime` guard leg 1 → `now`)
- non-null response / blank card / blank date (ternary false arm, `card.isBlank()` leg, guard leg 2 → `now`)
- known card / length-16 date (both account-guard legs false, note-false, `+":00"` arm → exact minute)
- unknown card (lookup null) / length-10 date (note-true via `account==null`, `+"T00:00:00"` arm → midnight)
- length-19 date (else `parse(v)` arm)
- malformed date (`parseDateTime` catch → `now`)
- reconciliation failure (first catch, verified §22.1 message)
- generic failure (second catch, verified "Couple invalide" message)

Time is fully frozen: mocked `ProgramClock` (`now`=2026-08-09T12:00, `today`=2026-08-09); the two date-length boundaries (16/10/other) and the parse-failure fallback are asserted via an `ArgumentCaptor` on `engine.evaluate(...)`. Both catch legs are disambiguated through `mockStatic(SimulatorView.class)` message capture.

**Justified residue** (12 instructions, 0 branches): lines 84/110/113/116 are the `return Templates.simulator(...)` statements — argument computation and the `static native` call run, but the post-native `areturn` is unreachable because the native method raises `UnsatisfiedLinkError` under a plain unit run (same pattern documented in `CardUiResourceTest`); line 65 is the never-instantiated `Templates` nested-class constructor. None carry branches, so branch coverage is complete.

**Files read:** `SimulatorUiResource`, `SimulatorView`, `ValuationReader`, `ValuationReconciliationException`, `ValuationResponse`, `EarnEngine` (evaluate sig), `ProgramClock`/`FidelityAccount`/`ValuationReading`/`EarnResult` signatures, and `CardUiResourceTest` (native-template pattern). **Iterations:** 1 (green + 100 % branches on first run). `src/main` untouched.
=== com.intermarche.fidelity.ui.SimulatorView ===
=== com.intermarche.fidelity.ui.SimulatorView ===
Full coverage achieved.

## Report — `com.intermarche.fidelity.ui.SimulatorView`

- **Branch coverage: 12/12 (100%)** · Instructions 90/90 (100%) · Lines 13/13 · Methods 7/7 · 0 missed.
- **Tests: 5 run, 0 failures.**

**Branches covered** (all ternaries, both arms):
- `response == null ? "" : response` — null arm (`ofCollapsesNullResponseAndKeepsNullNote`), non-null (`ofBuildsResultViewWithNote`).
- `card == null ? "" : card` — null (`emptyCollapsesNullCardAndDate`), non-null (`emptyBuildsInitialView`).
- `date == null ? "" : date` — null (`emptyCollapsesNullCardAndDate`), non-null (elsewhere).
- `isHasError` / `isHasNote` / `isHasResult` — each with both null and non-null via the `empty`/`of`/`error` factories.

**Files read:** `SimulatorView.java` (target); `EarnResult.java` (only its constructor, to build a real non-null result).

**Iterations:** 1 (green on first run; JaCoCo confirmed 100% branches — no gaps to fill).

**Justified residue:** none.

Notes: pure POJO view model — no clock and no Panache, so no `DateTimeProvider` or static/construction mocking was needed. Scope respected: only the new test class was added; `src/main` untouched.
Full coverage achieved.

## Report — `com.intermarche.fidelity.ui.SimulatorView`

- **Branch coverage: 12/12 (100%)** · Instructions 90/90 (100%) · Lines 13/13 · Methods 7/7 · 0 missed.
- **Tests: 5 run, 0 failures.**

**Branches covered** (all ternaries, both arms):
- `response == null ? "" : response` — null arm (`ofCollapsesNullResponseAndKeepsNullNote`), non-null (`ofBuildsResultViewWithNote`).
- `card == null ? "" : card` — null (`emptyCollapsesNullCardAndDate`), non-null (`emptyBuildsInitialView`).
- `date == null ? "" : date` — null (`emptyCollapsesNullCardAndDate`), non-null (elsewhere).
- `isHasError` / `isHasNote` / `isHasResult` — each with both null and non-null via the `empty`/`of`/`error` factories.

**Files read:** `SimulatorView.java` (target); `EarnResult.java` (only its constructor, to build a real non-null result).

**Iterations:** 1 (green on first run; JaCoCo confirmed 100% branches — no gaps to fill).

**Justified residue:** none.

Notes: pure POJO view model — no clock and no Panache, so no `DateTimeProvider` or static/construction mocking was needed. Scope respected: only the new test class was added; `src/main` untouched.
=== com.intermarche.fidelity.ui.UiSupport ===
=== com.intermarche.fidelity.ui.UiSupport ===
100% coverage confirmed: `0 of 47` instructions missed, `0 of 4` branches missed.

## Report — `com.intermarche.fidelity.ui.UiSupport`

**Result:** all tests green; **branch coverage 4/4 (100%)**, instructions 47/47 (100%). No residue.

**Test class:** `src/test/java/com/intermarche/fidelity/ui/UiSupportTest.java` (created — no prior test existed).

**Branches enumerated & covered:**
- `canWrite` — `securityContext != null && isUserInRole(fid-admin)`, the only JaCoCo-branched method (4 branches):
  - leg 1 false → null context (short-circuit)
  - leg 1 true / leg 2 false → present, role-less
  - both true → present, role-bearing
- `redirect` — no branches; both boolean values asserted (`noticeOk=true`, `noticeOk=false`) on status 303, path, and query.
- `clampPage` — `Math.max`/`Math.min` are calls (no bytecode branches), but every value region is exercised: `pageCount<1`, `page<1`, in-range, and page over the ceiling.
- Plus the `PAGE_SIZE = 25` constant.

**Files read:** `UiSupport.java` (target), `RootResourceTest.java` (style reference), UI test-dir listing.

**Iterations:** 1 (green on first `test` run; `verify` confirmed full coverage).

**Scope:** only the test class was created; `src/main` untouched. No bugs or testability obstacles found.

The only console noise is the pre-existing Mockito self-attach / JDK-agent warnings shared by the whole suite — unrelated to this class.
100% coverage confirmed: `0 of 47` instructions missed, `0 of 4` branches missed.

## Report — `com.intermarche.fidelity.ui.UiSupport`

**Result:** all tests green; **branch coverage 4/4 (100%)**, instructions 47/47 (100%). No residue.

**Test class:** `src/test/java/com/intermarche/fidelity/ui/UiSupportTest.java` (created — no prior test existed).

**Branches enumerated & covered:**
- `canWrite` — `securityContext != null && isUserInRole(fid-admin)`, the only JaCoCo-branched method (4 branches):
  - leg 1 false → null context (short-circuit)
  - leg 1 true / leg 2 false → present, role-less
  - both true → present, role-bearing
- `redirect` — no branches; both boolean values asserted (`noticeOk=true`, `noticeOk=false`) on status 303, path, and query.
- `clampPage` — `Math.max`/`Math.min` are calls (no bytecode branches), but every value region is exercised: `pageCount<1`, `page<1`, in-range, and page over the ceiling.
- Plus the `PAGE_SIZE = 25` constant.

**Files read:** `UiSupport.java` (target), `RootResourceTest.java` (style reference), UI test-dir listing.

**Iterations:** 1 (green on first `test` run; `verify` confirmed full coverage).

**Scope:** only the test class was created; `src/main` untouched. No bugs or testability obstacles found.

The only console noise is the pre-existing Mockito self-attach / JDK-agent warnings shared by the whole suite — unrelated to this class.
=== com.intermarche.fidelity.ui.UserFormView ===
=== com.intermarche.fidelity.ui.UserFormView ===
Done.

## Report — `UserFormViewTest`

**Coverage (JaCoCo, target class `UserFormView`):**
- **Instructions: 100 %**
- **Branches: 100 % — 0 missed** (every branch covered)
- Complexity 9/9, Lines 28/28, Methods 5/5 — all covered, no residue.

**Branches enumerated & covered:**
- `creation(canWrite)` — `canWrite=true` (`creationWritable`) and `false` (`creationReadOnly`).
- `edition(user, canWrite)` — two null-guarded ternaries, both arms each:
  - `displayName == null ? "" : displayName` → non-null (`editionFull`) / null (`editionBare`)
  - `email == null ? "" : email` → non-null (`editionFull`) / null (`editionBare`)
  - `canWrite` true/false via the two edition tests.
- `granted(role)` — `contains` true (`grantedHeld`) and false (`grantedNotHeld`).
- `isHasNotice()` — compound `notice != null && !notice.isBlank()`, one case per leg: null first leg (`hasNoticeNull`), blank second leg (`hasNoticeBlank`), both true (`hasNoticePresent`).

**Time:** N/A — class carries no clock (no `DateTimeProvider`, no window/lease/`earnYear` logic).
**Panache:** not mocked — `AppUser` built in memory (plain constructor, public fields), no static finders touched, no boot, no H2. No `BigDecimal` / division in this class.

**Tests:** 9 run, 0 failures.
**Files read:** `UserFormView.java` (target), `AppUser.java` (collaborator), `BaseEntity.java` (id field check), `CommunityFormViewTest.java` (style template), `pom.xml` (deps).
**Iterations:** 1 (green on first run; JaCoCo confirmed 100 % branches immediately — no gap-filling pass needed).
**Scope:** only the new test class added; `src/main` untouched. No bug or testability obstacle found.
Done.

## Report — `UserFormViewTest`

**Coverage (JaCoCo, target class `UserFormView`):**
- **Instructions: 100 %**
- **Branches: 100 % — 0 missed** (every branch covered)
- Complexity 9/9, Lines 28/28, Methods 5/5 — all covered, no residue.

**Branches enumerated & covered:**
- `creation(canWrite)` — `canWrite=true` (`creationWritable`) and `false` (`creationReadOnly`).
- `edition(user, canWrite)` — two null-guarded ternaries, both arms each:
  - `displayName == null ? "" : displayName` → non-null (`editionFull`) / null (`editionBare`)
  - `email == null ? "" : email` → non-null (`editionFull`) / null (`editionBare`)
  - `canWrite` true/false via the two edition tests.
- `granted(role)` — `contains` true (`grantedHeld`) and false (`grantedNotHeld`).
- `isHasNotice()` — compound `notice != null && !notice.isBlank()`, one case per leg: null first leg (`hasNoticeNull`), blank second leg (`hasNoticeBlank`), both true (`hasNoticePresent`).

**Time:** N/A — class carries no clock (no `DateTimeProvider`, no window/lease/`earnYear` logic).
**Panache:** not mocked — `AppUser` built in memory (plain constructor, public fields), no static finders touched, no boot, no H2. No `BigDecimal` / division in this class.

**Tests:** 9 run, 0 failures.
**Files read:** `UserFormView.java` (target), `AppUser.java` (collaborator), `BaseEntity.java` (id field check), `CommunityFormViewTest.java` (style template), `pom.xml` (deps).
**Iterations:** 1 (green on first run; JaCoCo confirmed 100 % branches immediately — no gap-filling pass needed).
**Scope:** only the new test class added; `src/main` untouched. No bug or testability obstacle found.
=== com.intermarche.fidelity.ui.UserRow ===
=== com.intermarche.fidelity.ui.UserRow ===
Green. Report below.

## Report — `com.intermarche.fidelity.ui.UserRow`

**Result:** all 11 tests pass; **branch coverage 8/8 = 100 %**, instructions 62/62 = 100 %, lines/methods fully covered.

**Branches enumerated & covered**
- `self = currentUsername != null && currentUsername.equals(user.username)` — three legs: current login `null` (left short-circuits → false), non-null but different (right false), non-null equal (right true).
- `getLabel()` ternary `displayName == null || displayName.isBlank() ? username : displayName` — `null` (left leg), blank `"   "` (right leg, left false), non-blank (else arm).
- Boolean field copies exercised both ways (`active`/`mustChangePassword` true and false); optional `email`/`displayName` copied non-null and null; `roles` derived both populated and empty (blank roles string).

**Files read:** `UserRow.java` (target), `AppUser.java` (fields + `getRoleSet`), `BaseEntity.java` (id origin), `CardRowTest.java` (style reference).

**Approach:** plain unit — no `@QuarkusTest`, no H2, no static-finder mocking. `AppUser` built in memory (Panache access avoidable per the appliers/pure-logic guidance). No clock involved in this class, so no `DateTimeProvider` needed.

**Iterations:** 1 (green on first `test` and `verify`; one self-cleanup of a stray assertion/import before running).

**Residue:** none.

**Scope:** only the new test class `src/test/java/com/intermarche/fidelity/ui/UserRowTest.java` was added; `src/main` untouched.
Green. Report below.

## Report — `com.intermarche.fidelity.ui.UserRow`

**Result:** all 11 tests pass; **branch coverage 8/8 = 100 %**, instructions 62/62 = 100 %, lines/methods fully covered.

**Branches enumerated & covered**
- `self = currentUsername != null && currentUsername.equals(user.username)` — three legs: current login `null` (left short-circuits → false), non-null but different (right false), non-null equal (right true).
- `getLabel()` ternary `displayName == null || displayName.isBlank() ? username : displayName` — `null` (left leg), blank `"   "` (right leg, left false), non-blank (else arm).
- Boolean field copies exercised both ways (`active`/`mustChangePassword` true and false); optional `email`/`displayName` copied non-null and null; `roles` derived both populated and empty (blank roles string).

**Files read:** `UserRow.java` (target), `AppUser.java` (fields + `getRoleSet`), `BaseEntity.java` (id origin), `CardRowTest.java` (style reference).

**Approach:** plain unit — no `@QuarkusTest`, no H2, no static-finder mocking. `AppUser` built in memory (Panache access avoidable per the appliers/pure-logic guidance). No clock involved in this class, so no `DateTimeProvider` needed.

**Iterations:** 1 (green on first `test` and `verify`; one self-cleanup of a stray assertion/import before running).

**Residue:** none.

**Scope:** only the new test class `src/test/java/com/intermarche/fidelity/ui/UserRowTest.java` was added; `src/main` untouched.
=== com.intermarche.fidelity.ui.UserUiResource ===
=== com.intermarche.fidelity.ui.UserUiResource ===
All green. The workflow is complete.

## Report — `com.intermarche.fidelity.ui.UserUiResource`

**Branch coverage: 30/30 (100%).** Instructions 96% (11/307 missed — justified residue below). 12 tests, all passing.

**Files read (5):** `UserUiResource.java` (target); collaborators `UiSupport`, `UserRow`, `ListView`, `UserFormView`, `AppUser` (fields/statics), `AdminException`, `UserAdminService` (signatures); `CardUiResourceTest` as the sibling pattern.

**Iterations:** 2 — first run: 12 tests, 3 failures (apostrophe in success notices is left literal by `UriBuilder`, not `%27`-encoded — verified with a scratch program); fixed the three assertions → all green; `verify` → 30/30 branches on the first coverage pass, no gaps to fill.

**Branches covered (both arms / each leg, §29, §29.6):**
- `list`: sort-whitelist ternary (contained / bogus→default), `desc` ternary (`"DESC"` / `"asc"`), the `search != null && !search.isBlank()` where-guard on all three legs (null / non-null-blank / non-null-non-blank), same for `role`, both arms of the `search != null` and `role != null` filter puts, empty-page vs one-row loop body.
- `edit`: `user == null` (404 redirect) and `user != null` (render).
- `create`: render arm.
- `save` / `update`: try (success) and catch (`AdminException`) arms; `toRoleSet` null→`Set.of()` and non-null→`LinkedHashSet` arms; `active != null` true (`"on"`) and false (`null`) arms.
- `delete`: try and catch arms.
- `currentUsername` all three legs: null context (`updateFailure`), non-null context / null principal (`deleteSuccess`), named principal (list/update/delete).

**Time:** no clock read — this resource carries no temporal logic; `SecurityContext`/principal fully mocked (§24.6 respected vacuously).

**Justified residue (11 instructions, 0 branches):** `Templates.list(view)`, `Templates.form(view)`, `Response.ok(Templates.form(view)).build()`, and the synthetic `Templates` class body. These are the `static native` Qute boundary: under a plain `mvn test` the native methods have no body and throw `UnsatisfiedLinkError`, so the wrapping/return instructions after the call never execute. Every guard and view-model computation preceding the boundary is fully evaluated and asserted (via `assertThrows(UnsatisfiedLinkError.class)`), which is why branch coverage is complete. Same rationale as the established `CardUiResourceTest`.

**Scope:** only the new test class was added; `src/main` untouched; no bugs or testability obstacles found.
All green. The workflow is complete.

## Report — `com.intermarche.fidelity.ui.UserUiResource`

**Branch coverage: 30/30 (100%).** Instructions 96% (11/307 missed — justified residue below). 12 tests, all passing.

**Files read (5):** `UserUiResource.java` (target); collaborators `UiSupport`, `UserRow`, `ListView`, `UserFormView`, `AppUser` (fields/statics), `AdminException`, `UserAdminService` (signatures); `CardUiResourceTest` as the sibling pattern.

**Iterations:** 2 — first run: 12 tests, 3 failures (apostrophe in success notices is left literal by `UriBuilder`, not `%27`-encoded — verified with a scratch program); fixed the three assertions → all green; `verify` → 30/30 branches on the first coverage pass, no gaps to fill.

**Branches covered (both arms / each leg, §29, §29.6):**
- `list`: sort-whitelist ternary (contained / bogus→default), `desc` ternary (`"DESC"` / `"asc"`), the `search != null && !search.isBlank()` where-guard on all three legs (null / non-null-blank / non-null-non-blank), same for `role`, both arms of the `search != null` and `role != null` filter puts, empty-page vs one-row loop body.
- `edit`: `user == null` (404 redirect) and `user != null` (render).
- `create`: render arm.
- `save` / `update`: try (success) and catch (`AdminException`) arms; `toRoleSet` null→`Set.of()` and non-null→`LinkedHashSet` arms; `active != null` true (`"on"`) and false (`null`) arms.
- `delete`: try and catch arms.
- `currentUsername` all three legs: null context (`updateFailure`), non-null context / null principal (`deleteSuccess`), named principal (list/update/delete).

**Time:** no clock read — this resource carries no temporal logic; `SecurityContext`/principal fully mocked (§24.6 respected vacuously).

**Justified residue (11 instructions, 0 branches):** `Templates.list(view)`, `Templates.form(view)`, `Response.ok(Templates.form(view)).build()`, and the synthetic `Templates` class body. These are the `static native` Qute boundary: under a plain `mvn test` the native methods have no body and throw `UnsatisfiedLinkError`, so the wrapping/return instructions after the call never execute. Every guard and view-model computation preceding the boundary is fully evaluated and asserted (via `assertThrows(UnsatisfiedLinkError.class)`), which is why branch coverage is complete. Same rationale as the established `CardUiResourceTest`.

**Scope:** only the new test class was added; `src/main` untouched; no bugs or testability obstacles found.
## Résultat

**Build : vert.** `mvn -q verify -DskipITs` — **BUILD SUCCESS**, 1547 tests, 0 échec, 0 erreur. (Les traces `boom`/`stream boom` dans la sortie sont des logs attendus de tests de chemins d'erreur, pas des échecs.)

### Couverture de branches JaCoCo — `com.intermarche.fidelity.ui`

| Classe | Branches |
|---|---|
| AuthUiResource | 38/38 (100%) |
| CardDetailView | 4/4 (100%) |
| CardRow | 3/3 (100%) |
| CardUiResource | 26/26 (100%) |
| CommunityFormView | 14/14 (100%) |
| CommunityUiResource | 26/26 (100%) |
| ImportUiResource | 32/32 (100%) |
| ListView | 44/44 (100%) |
| **ProgramUiResource** | **7/8 (88%)** |
| ProgramView | 4/4 (100%) |
| ProgramView.Batch | 2/2 (100%) |
| RuleDetailView | 14/14 (100%) |
| RuleDetailView.TierRow | 6/6 (100%) |
| RuleFormView | 16/16 (100%) |
| RuleRow | 13/13 (100%) |
| RuleUiResource | 52/52 (100%) |
| SimulatorUiResource | 16/16 (100%) |
| SimulatorView | 12/12 (100%) |
| UiSupport | 4/4 (100%) |
| UserFormView | 8/8 (100%) |
| UserRow | 8/8 (100%) |
| UserUiResource | 30/30 (100%) |

Classes sans branche (0/0, aucune décision à couvrir) : `CommunityRow`, `RootResource`, `ProgramView.Setting`, et toutes les classes internes `*.Templates` (générées par Qute).

**Résidu justifié** — `ProgramUiResource` 7/8 : branche manquante à la ligne 91, la sortie « zéro itération » du `for (BatchType type : BatchType.values())`. Inatteignable car l'enum `BatchType` n'est jamais vide ; non corrigeable sans toucher `src/main` (hors périmètre).

**Aucune classe de production du package sans test** : les 22 classes (hors `package-info`) ont chacune leur classe de test.

### Commit
Staging limité aux 22 classes de test du package `ui`. **CLAUDE.md et `.claude/` n'avaient aucune modification** — donc non inclus (rien à stager). Commit `6643b22` : `test: full branch coverage for com.intermarche.fidelity.ui`. Pas de push.
## Résultat

**Build : vert.** `mvn -q verify -DskipITs` — **BUILD SUCCESS**, 1547 tests, 0 échec, 0 erreur. (Les traces `boom`/`stream boom` dans la sortie sont des logs attendus de tests de chemins d'erreur, pas des échecs.)

### Couverture de branches JaCoCo — `com.intermarche.fidelity.ui`

| Classe | Branches |
|---|---|
| AuthUiResource | 38/38 (100%) |
| CardDetailView | 4/4 (100%) |
| CardRow | 3/3 (100%) |
| CardUiResource | 26/26 (100%) |
| CommunityFormView | 14/14 (100%) |
| CommunityUiResource | 26/26 (100%) |
| ImportUiResource | 32/32 (100%) |
| ListView | 44/44 (100%) |
| **ProgramUiResource** | **7/8 (88%)** |
| ProgramView | 4/4 (100%) |
| ProgramView.Batch | 2/2 (100%) |
| RuleDetailView | 14/14 (100%) |
| RuleDetailView.TierRow | 6/6 (100%) |
| RuleFormView | 16/16 (100%) |
| RuleRow | 13/13 (100%) |
| RuleUiResource | 52/52 (100%) |
| SimulatorUiResource | 16/16 (100%) |
| SimulatorView | 12/12 (100%) |
| UiSupport | 4/4 (100%) |
| UserFormView | 8/8 (100%) |
| UserRow | 8/8 (100%) |
| UserUiResource | 30/30 (100%) |

Classes sans branche (0/0, aucune décision à couvrir) : `CommunityRow`, `RootResource`, `ProgramView.Setting`, et toutes les classes internes `*.Templates` (générées par Qute).

**Résidu justifié** — `ProgramUiResource` 7/8 : branche manquante à la ligne 91, la sortie « zéro itération » du `for (BatchType type : BatchType.values())`. Inatteignable car l'enum `BatchType` n'est jamais vide ; non corrigeable sans toucher `src/main` (hors périmètre).

**Aucune classe de production du package sans test** : les 22 classes (hors `package-info`) ont chacune leur classe de test.

### Commit
Staging limité aux 22 classes de test du package `ui`. **CLAUDE.md et `.claude/` n'avaient aucune modification** — donc non inclus (rien à stager). Commit `6643b22` : `test: full branch coverage for com.intermarche.fidelity.ui`. Pas de push.
PASS: ui — expected commit is HEAD.
PASS: ui — expected commit is HEAD.
================ campaign summary ================
================ campaign summary ================
All packages passed. Campaign done.
All packages passed. Campaign done.
